[0.008s] Invoking command in '/home/romi/fawad/ros2_ws/build/orbslam3': CMAKE_PREFIX_PATH=/opt/ros/humble CONDA_PROMPT_MODIFIER=(base) /usr/bin/cmake /home/romi/fawad/ros2_ws/src/ORB_SLAM3_ROS2 -DSophus_DIR=/home/romi/fawad/ORB_SLAM3/Thirdparty/Sophus/install/share/sophus/cmake -DCMAKE_INSTALL_PREFIX=/home/romi/fawad/ros2_ws/install/orbslam3
[0.054s] -- The C compiler identification is GNU 11.4.0
[0.101s] -- The CXX compiler identification is GNU 11.4.0
[0.107s] -- Detecting C compiler ABI info
[0.167s] -- Detecting C compiler ABI info - done
[0.173s] -- Check for working C compiler: /usr/bin/cc - skipped
[0.173s] -- Detecting C compile features
[0.174s] -- Detecting C compile features - done
[0.176s] -- Detecting CXX compiler ABI info
[0.246s] -- Detecting CXX compiler ABI info - done
[0.253s] -- Check for working CXX compiler: /usr/bin/c++ - skipped
[0.253s] -- Detecting CXX compile features
[0.253s] -- Detecting CXX compile features - done
[0.256s] -- Found ament_cmake: 1.3.13 (/opt/ros/humble/share/ament_cmake/cmake)
[0.382s] -- Found Python3: /usr/bin/python3 (found version "3.10.12") found components: Interpreter 
[0.458s] -- Found rclcpp: 16.0.18 (/opt/ros/humble/share/rclcpp/cmake)
[0.498s] -- Found rosidl_generator_c: 3.1.8 (/opt/ros/humble/share/rosidl_generator_c/cmake)
[0.503s] -- Found rosidl_adapter: 3.1.8 (/opt/ros/humble/share/rosidl_adapter/cmake)
[0.511s] -- Found rosidl_generator_cpp: 3.1.8 (/opt/ros/humble/share/rosidl_generator_cpp/cmake)
[0.522s] -- Using all available rosidl_typesupport_c: rosidl_typesupport_fastrtps_c;rosidl_typesupport_introspection_c
[0.536s] -- Using all available rosidl_typesupport_cpp: rosidl_typesupport_fastrtps_cpp;rosidl_typesupport_introspection_cpp
[0.577s] -- Found rmw_implementation_cmake: 6.1.2 (/opt/ros/humble/share/rmw_implementation_cmake/cmake)
[0.579s] -- Found rmw_fastrtps_cpp: 6.2.10 (/opt/ros/humble/share/rmw_fastrtps_cpp/cmake)
[0.656s] -- Found OpenSSL: /usr/lib/x86_64-linux-gnu/libcrypto.so (found version "3.0.2")  
[0.685s] -- Found FastRTPS: /opt/ros/humble/include  
[0.729s] -- Using RMW implementation 'rmw_fastrtps_cpp' as default
[0.738s] -- Looking for pthread.h
[0.802s] -- Looking for pthread.h - found
[0.803s] -- Performing Test CMAKE_HAVE_LIBC_PTHREAD
[0.872s] -- Performing Test CMAKE_HAVE_LIBC_PTHREAD - Success
[0.874s] -- Found Threads: TRUE  
[0.923s] -- Found sensor_msgs: 4.9.1 (/opt/ros/humble/share/sensor_msgs/cmake)
[0.952s] -- Found cv_bridge: 3.2.1 (/opt/ros/humble/share/cv_bridge/cmake)
[0.965s] -- Found message_filters: 4.3.14 (/opt/ros/humble/share/message_filters/cmake)
[0.985s] -- Found OpenGL: /usr/lib/x86_64-linux-gnu/libOpenGL.so  found components: OpenGL 
[0.989s] -- Found ORB_SLAM3: /home/romi/fawad/ORB_SLAM3/lib/libORB_SLAM3.so  
[0.990s] -- Found OpenCV: /usr (found version "4.5.4") found components: core imgproc highgui features2d calib3d imgcodecs 
[1.046s] -- Configuring done
[1.096s] -- Generating done
[1.107s] -- Build files have been written to: /home/romi/fawad/ros2_ws/build/orbslam3
[1.116s] Invoked command in '/home/romi/fawad/ros2_ws/build/orbslam3' returned '0': CMAKE_PREFIX_PATH=/opt/ros/humble CONDA_PROMPT_MODIFIER=(base) /usr/bin/cmake /home/romi/fawad/ros2_ws/src/ORB_SLAM3_ROS2 -DSophus_DIR=/home/romi/fawad/ORB_SLAM3/Thirdparty/Sophus/install/share/sophus/cmake -DCMAKE_INSTALL_PREFIX=/home/romi/fawad/ros2_ws/install/orbslam3
[1.118s] Invoking command in '/home/romi/fawad/ros2_ws/build/orbslam3': CMAKE_PREFIX_PATH=/opt/ros/humble CONDA_PROMPT_MODIFIER=(base) /usr/bin/cmake --build /home/romi/fawad/ros2_ws/build/orbslam3 -- -j12 -l12
[1.168s] [  8%] [32mBuilding CXX object CMakeFiles/stereo-inertial.dir/src/stereo-inertial/stereo-inertial-node.cpp.o[0m
[1.168s] [ 16%] [32mBuilding CXX object CMakeFiles/stereo-inertial.dir/src/stereo-inertial/stereo-inertial.cpp.o[0m
[1.168s] [ 25%] [32mBuilding CXX object CMakeFiles/stereo.dir/src/stereo/stereo.cpp.o[0m
[1.168s] [ 33%] [32mBuilding CXX object CMakeFiles/rgbd.dir/src/rgbd/rgbd-slam-node.cpp.o[0m
[1.168s] [ 41%] [32mBuilding CXX object CMakeFiles/mono.dir/src/monocular/mono.cpp.o[0m
[1.169s] [ 50%] [32mBuilding CXX object CMakeFiles/rgbd.dir/src/rgbd/rgbd.cpp.o[0m
[1.169s] [ 58%] [32mBuilding CXX object CMakeFiles/stereo.dir/src/stereo/stereo-slam-node.cpp.o[0m
[1.170s] [ 66%] [32mBuilding CXX object CMakeFiles/mono.dir/src/monocular/monocular-slam-node.cpp.o[0m
[7.318s] In file included from /home/romi/fawad/ORB_SLAM3/include/Frame.h:30,
[7.318s]                  from /home/romi/fawad/ORB_SLAM3/include/KeyFrame.h:28,
[7.318s]                  from /home/romi/fawad/ORB_SLAM3/include/MapPoint.h:23,
[7.318s]                  from /home/romi/fawad/ORB_SLAM3/include/FrameDrawer.h:24,
[7.318s]                  from /home/romi/fawad/ORB_SLAM3/include/Viewer.h:23,
[7.318s]                  from /home/romi/fawad/ORB_SLAM3/include/Tracking.h:26,
[7.319s]                  from /home/romi/fawad/ORB_SLAM3/include/System.h:31,
[7.319s]                  from /home/romi/fawad/ros2_ws/src/ORB_SLAM3_ROS2/src/stereo/stereo-slam-node.hpp:13,
[7.319s]                  from /home/romi/fawad/ros2_ws/src/ORB_SLAM3_ROS2/src/stereo/stereo-slam-node.cpp:1:
[7.319s] /home/romi/fawad/ORB_SLAM3/include/ImuTypes.h: In member function ‘void ORB_SLAM3::IMU::Preintegrated::printMeasurements() const’:
[7.319s] /home/romi/fawad/ORB_SLAM3/include/ImuTypes.h:204:23: warning: comparison of integer expressions of different signedness: ‘int’ and ‘std::vector<ORB_SLAM3::IMU::Preintegrated::integrable>::size_type’ {aka ‘long unsigned int’} [-Wsign-compare]
[7.319s]   204 |         for(int i=0; i<mvMeasurements.size(); i++){
[7.319s]       |                      ~^~~~~~~~~~~~~~~~~~~~~~
[7.430s] In file included from /home/romi/fawad/ORB_SLAM3/Thirdparty/g2o/g2o/types/types_six_dof_expmap.h:37,
[7.430s]                  from /home/romi/fawad/ORB_SLAM3/include/Converter.h:26,
[7.430s]                  from /home/romi/fawad/ORB_SLAM3/include/Frame.h:33,
[7.430s]                  from /home/romi/fawad/ORB_SLAM3/include/KeyFrame.h:28,
[7.430s]                  from /home/romi/fawad/ORB_SLAM3/include/MapPoint.h:23,
[7.430s]                  from /home/romi/fawad/ORB_SLAM3/include/FrameDrawer.h:24,
[7.430s]                  from /home/romi/fawad/ORB_SLAM3/include/Viewer.h:23,
[7.431s]                  from /home/romi/fawad/ORB_SLAM3/include/Tracking.h:26,
[7.431s]                  from /home/romi/fawad/ORB_SLAM3/include/System.h:31,
[7.431s]                  from /home/romi/fawad/ros2_ws/src/ORB_SLAM3_ROS2/src/stereo/stereo-slam-node.hpp:13,
[7.431s]                  from /home/romi/fawad/ros2_ws/src/ORB_SLAM3_ROS2/src/stereo/stereo-slam-node.cpp:1:
[7.431s] /home/romi/fawad/ORB_SLAM3/Thirdparty/g2o/g2o/types/../core/base_vertex.h: At global scope:
[7.431s] /home/romi/fawad/ORB_SLAM3/Thirdparty/g2o/g2o/types/../core/base_vertex.h:62:74: warning: ‘Eigen::AlignedBit’ is deprecated [-Wdeprecated-declarations]
[7.431s]    62 |     typedef Eigen::Map<Matrix<double, D, D>, Matrix<double,D,D>::Flags & AlignedBit ? Aligned : Unaligned >  HessianBlockType;
[7.431s]       |                                                                          ^~~~~~~~~~
[7.431s] In file included from /usr/include/eigen3/Eigen/Core:161,
[7.432s]                  from /usr/include/eigen3/Eigen/LU:11,
[7.432s]                  from /home/romi/fawad/ORB_SLAM3/Thirdparty/Sophus/sophus/so2.hpp:12,
[7.432s]                  from /home/romi/fawad/ORB_SLAM3/Thirdparty/Sophus/sophus/se2.hpp:7,
[7.432s]                  from /home/romi/fawad/ORB_SLAM3/Thirdparty/Sophus/sophus/geometry.hpp:7,
[7.432s]                  from /home/romi/fawad/ORB_SLAM3/include/Frame.h:28,
[7.432s]                  from /home/romi/fawad/ORB_SLAM3/include/KeyFrame.h:28,
[7.432s]                  from /home/romi/fawad/ORB_SLAM3/include/MapPoint.h:23,
[7.432s]                  from /home/romi/fawad/ORB_SLAM3/include/FrameDrawer.h:24,
[7.432s]                  from /home/romi/fawad/ORB_SLAM3/include/Viewer.h:23,
[7.432s]                  from /home/romi/fawad/ORB_SLAM3/include/Tracking.h:26,
[7.432s]                  from /home/romi/fawad/ORB_SLAM3/include/System.h:31,
[7.433s]                  from /home/romi/fawad/ros2_ws/src/ORB_SLAM3_ROS2/src/stereo/stereo-slam-node.hpp:13,
[7.433s]                  from /home/romi/fawad/ros2_ws/src/ORB_SLAM3_ROS2/src/stereo/stereo-slam-node.cpp:1:
[7.433s] /usr/include/eigen3/Eigen/src/Core/util/Constants.h:167:37: note: declared here
[7.433s]   167 | EIGEN_DEPRECATED const unsigned int AlignedBit = 0x80;
[7.433s]       |                                     ^~~~~~~~~~
[7.463s] In file included from /home/romi/fawad/ORB_SLAM3/Thirdparty/g2o/g2o/types/types_six_dof_expmap.h:38,
[7.463s]                  from /home/romi/fawad/ORB_SLAM3/include/Converter.h:26,
[7.463s]                  from /home/romi/fawad/ORB_SLAM3/include/Frame.h:33,
[7.463s]                  from /home/romi/fawad/ORB_SLAM3/include/KeyFrame.h:28,
[7.463s]                  from /home/romi/fawad/ORB_SLAM3/include/MapPoint.h:23,
[7.463s]                  from /home/romi/fawad/ORB_SLAM3/include/FrameDrawer.h:24,
[7.464s]                  from /home/romi/fawad/ORB_SLAM3/include/Viewer.h:23,
[7.464s]                  from /home/romi/fawad/ORB_SLAM3/include/Tracking.h:26,
[7.464s]                  from /home/romi/fawad/ORB_SLAM3/include/System.h:31,
[7.464s]                  from /home/romi/fawad/ros2_ws/src/ORB_SLAM3_ROS2/src/stereo/stereo-slam-node.hpp:13,
[7.464s]                  from /home/romi/fawad/ros2_ws/src/ORB_SLAM3_ROS2/src/stereo/stereo-slam-node.cpp:1:
[7.464s] /home/romi/fawad/ORB_SLAM3/Thirdparty/g2o/g2o/types/../core/base_binary_edge.h:59:82: warning: ‘Eigen::AlignedBit’ is deprecated [-Wdeprecated-declarations]
[7.464s]    59 |       typedef Eigen::Map<Matrix<double, Di, Dj>, Matrix<double, Di, Dj>::Flags & AlignedBit ? Aligned : Unaligned > HessianBlockType;
[7.464s]       |                                                                                  ^~~~~~~~~~
[7.464s] In file included from /usr/include/eigen3/Eigen/Core:161,
[7.464s]                  from /usr/include/eigen3/Eigen/LU:11,
[7.465s]                  from /home/romi/fawad/ORB_SLAM3/Thirdparty/Sophus/sophus/so2.hpp:12,
[7.465s]                  from /home/romi/fawad/ORB_SLAM3/Thirdparty/Sophus/sophus/se2.hpp:7,
[7.465s]                  from /home/romi/fawad/ORB_SLAM3/Thirdparty/Sophus/sophus/geometry.hpp:7,
[7.465s]                  from /home/romi/fawad/ORB_SLAM3/include/Frame.h:28,
[7.465s]                  from /home/romi/fawad/ORB_SLAM3/include/KeyFrame.h:28,
[7.465s]                  from /home/romi/fawad/ORB_SLAM3/include/MapPoint.h:23,
[7.465s]                  from /home/romi/fawad/ORB_SLAM3/include/FrameDrawer.h:24,
[7.465s]                  from /home/romi/fawad/ORB_SLAM3/include/Viewer.h:23,
[7.465s]                  from /home/romi/fawad/ORB_SLAM3/include/Tracking.h:26,
[7.465s]                  from /home/romi/fawad/ORB_SLAM3/include/System.h:31,
[7.466s]                  from /home/romi/fawad/ros2_ws/src/ORB_SLAM3_ROS2/src/stereo/stereo-slam-node.hpp:13,
[7.466s]                  from /home/romi/fawad/ros2_ws/src/ORB_SLAM3_ROS2/src/stereo/stereo-slam-node.cpp:1:
[7.466s] /usr/include/eigen3/Eigen/src/Core/util/Constants.h:167:37: note: declared here
[7.466s]   167 | EIGEN_DEPRECATED const unsigned int AlignedBit = 0x80;
[7.466s]       |                                     ^~~~~~~~~~
[7.466s] In file included from /home/romi/fawad/ORB_SLAM3/Thirdparty/g2o/g2o/types/types_six_dof_expmap.h:38,
[7.466s]                  from /home/romi/fawad/ORB_SLAM3/include/Converter.h:26,
[7.466s]                  from /home/romi/fawad/ORB_SLAM3/include/Frame.h:33,
[7.467s]                  from /home/romi/fawad/ORB_SLAM3/include/KeyFrame.h:28,
[7.467s]                  from /home/romi/fawad/ORB_SLAM3/include/MapPoint.h:23,
[7.467s]                  from /home/romi/fawad/ORB_SLAM3/include/FrameDrawer.h:24,
[7.467s]                  from /home/romi/fawad/ORB_SLAM3/include/Viewer.h:23,
[7.467s]                  from /home/romi/fawad/ORB_SLAM3/include/Tracking.h:26,
[7.467s]                  from /home/romi/fawad/ORB_SLAM3/include/System.h:31,
[7.467s]                  from /home/romi/fawad/ros2_ws/src/ORB_SLAM3_ROS2/src/stereo/stereo-slam-node.hpp:13,
[7.467s]                  from /home/romi/fawad/ros2_ws/src/ORB_SLAM3_ROS2/src/stereo/stereo-slam-node.cpp:1:
[7.467s] /home/romi/fawad/ORB_SLAM3/Thirdparty/g2o/g2o/types/../core/base_binary_edge.h:60:82: warning: ‘Eigen::AlignedBit’ is deprecated [-Wdeprecated-declarations]
[7.467s]    60 |       typedef Eigen::Map<Matrix<double, Dj, Di>, Matrix<double, Dj, Di>::Flags & AlignedBit ? Aligned : Unaligned > HessianBlockTransposedType;
[7.468s]       |                                                                                  ^~~~~~~~~~
[7.468s] In file included from /usr/include/eigen3/Eigen/Core:161,
[7.468s]                  from /usr/include/eigen3/Eigen/LU:11,
[7.468s]                  from /home/romi/fawad/ORB_SLAM3/Thirdparty/Sophus/sophus/so2.hpp:12,
[7.468s]                  from /home/romi/fawad/ORB_SLAM3/Thirdparty/Sophus/sophus/se2.hpp:7,
[7.468s]                  from /home/romi/fawad/ORB_SLAM3/Thirdparty/Sophus/sophus/geometry.hpp:7,
[7.468s]                  from /home/romi/fawad/ORB_SLAM3/include/Frame.h:28,
[7.468s]                  from /home/romi/fawad/ORB_SLAM3/include/KeyFrame.h:28,
[7.468s]                  from /home/romi/fawad/ORB_SLAM3/include/MapPoint.h:23,
[7.469s]                  from /home/romi/fawad/ORB_SLAM3/include/FrameDrawer.h:24,
[7.469s]                  from /home/romi/fawad/ORB_SLAM3/include/Viewer.h:23,
[7.469s]                  from /home/romi/fawad/ORB_SLAM3/include/Tracking.h:26,
[7.469s]                  from /home/romi/fawad/ORB_SLAM3/include/System.h:31,
[7.469s]                  from /home/romi/fawad/ros2_ws/src/ORB_SLAM3_ROS2/src/stereo/stereo-slam-node.hpp:13,
[7.469s]                  from /home/romi/fawad/ros2_ws/src/ORB_SLAM3_ROS2/src/stereo/stereo-slam-node.cpp:1:
[7.469s] /usr/include/eigen3/Eigen/src/Core/util/Constants.h:167:37: note: declared here
[7.469s]   167 | EIGEN_DEPRECATED const unsigned int AlignedBit = 0x80;
[7.469s]       |                                     ^~~~~~~~~~
[7.531s] In file included from /home/romi/fawad/ORB_SLAM3/Thirdparty/g2o/g2o/types/types_six_dof_expmap.h:41,
[7.531s]                  from /home/romi/fawad/ORB_SLAM3/include/Converter.h:26,
[7.531s]                  from /home/romi/fawad/ORB_SLAM3/include/Frame.h:33,
[7.532s]                  from /home/romi/fawad/ORB_SLAM3/include/KeyFrame.h:28,
[7.532s]                  from /home/romi/fawad/ORB_SLAM3/include/MapPoint.h:23,
[7.532s]                  from /home/romi/fawad/ORB_SLAM3/include/FrameDrawer.h:24,
[7.532s]                  from /home/romi/fawad/ORB_SLAM3/include/Viewer.h:23,
[7.532s]                  from /home/romi/fawad/ORB_SLAM3/include/Tracking.h:26,
[7.532s]                  from /home/romi/fawad/ORB_SLAM3/include/System.h:31,
[7.532s]                  from /home/romi/fawad/ros2_ws/src/ORB_SLAM3_ROS2/src/stereo/stereo-slam-node.hpp:13,
[7.532s]                  from /home/romi/fawad/ros2_ws/src/ORB_SLAM3_ROS2/src/stereo/stereo-slam-node.cpp:1:
[7.532s] /home/romi/fawad/ORB_SLAM3/Thirdparty/g2o/g2o/types/se3quat.h:43:38: warning: extra ‘;’ [-Wpedantic]
[7.532s]    43 |       EIGEN_MAKE_ALIGNED_OPERATOR_NEW;
[7.533s]       |                                      ^
[7.533s]       |                                      -
[7.887s] In file included from /home/romi/fawad/ORB_SLAM3/include/Frame.h:30,
[7.887s]                  from /home/romi/fawad/ORB_SLAM3/include/KeyFrame.h:28,
[7.887s]                  from /home/romi/fawad/ORB_SLAM3/include/MapPoint.h:23,
[7.887s]                  from /home/romi/fawad/ORB_SLAM3/include/FrameDrawer.h:24,
[7.887s]                  from /home/romi/fawad/ORB_SLAM3/include/Viewer.h:23,
[7.888s]                  from /home/romi/fawad/ORB_SLAM3/include/Tracking.h:26,
[7.888s]                  from /home/romi/fawad/ORB_SLAM3/include/System.h:31,
[7.888s]                  from /home/romi/fawad/ros2_ws/src/ORB_SLAM3_ROS2/src/stereo-inertial/stereo-inertial-node.hpp:10,
[7.888s]                  from /home/romi/fawad/ros2_ws/src/ORB_SLAM3_ROS2/src/stereo-inertial/stereo-inertial-node.cpp:1:
[7.888s] /home/romi/fawad/ORB_SLAM3/include/ImuTypes.h: In member function ‘void ORB_SLAM3::IMU::Preintegrated::printMeasurements() const’:
[7.888s] /home/romi/fawad/ORB_SLAM3/include/ImuTypes.h:204:23: warning: comparison of integer expressions of different signedness: ‘int’ and ‘std::vector<ORB_SLAM3::IMU::Preintegrated::integrable>::size_type’ {aka ‘long unsigned int’} [-Wsign-compare]
[7.888s]   204 |         for(int i=0; i<mvMeasurements.size(); i++){
[7.888s]       |                      ~^~~~~~~~~~~~~~~~~~~~~~
[7.978s] In file included from /home/romi/fawad/ORB_SLAM3/include/Frame.h:30,
[7.978s]                  from /home/romi/fawad/ORB_SLAM3/include/KeyFrame.h:28,
[7.979s]                  from /home/romi/fawad/ORB_SLAM3/include/MapPoint.h:23,
[7.979s]                  from /home/romi/fawad/ORB_SLAM3/include/FrameDrawer.h:24,
[7.979s]                  from /home/romi/fawad/ORB_SLAM3/include/Viewer.h:23,
[7.979s]                  from /home/romi/fawad/ORB_SLAM3/include/Tracking.h:26,
[7.979s]                  from /home/romi/fawad/ORB_SLAM3/include/System.h:31,
[7.979s]                  from /home/romi/fawad/ros2_ws/src/ORB_SLAM3_ROS2/src/rgbd/rgbd-slam-node.hpp:18,
[7.979s]                  from /home/romi/fawad/ros2_ws/src/ORB_SLAM3_ROS2/src/rgbd/rgbd.cpp:7:
[7.979s] /home/romi/fawad/ORB_SLAM3/include/ImuTypes.h: In member function ‘void ORB_SLAM3::IMU::Preintegrated::printMeasurements() const’:
[7.979s] /home/romi/fawad/ORB_SLAM3/include/ImuTypes.h:204:23: warning: comparison of integer expressions of different signedness: ‘int’ and ‘std::vector<ORB_SLAM3::IMU::Preintegrated::integrable>::size_type’ {aka ‘long unsigned int’} [-Wsign-compare]
[7.979s]   204 |         for(int i=0; i<mvMeasurements.size(); i++){
[7.979s]       |                      ~^~~~~~~~~~~~~~~~~~~~~~
[7.996s] In file included from /home/romi/fawad/ORB_SLAM3/include/Frame.h:30,
[7.996s]                  from /home/romi/fawad/ORB_SLAM3/include/KeyFrame.h:28,
[7.996s]                  from /home/romi/fawad/ORB_SLAM3/include/MapPoint.h:23,
[7.996s]                  from /home/romi/fawad/ORB_SLAM3/include/FrameDrawer.h:24,
[7.996s]                  from /home/romi/fawad/ORB_SLAM3/include/Viewer.h:23,
[7.996s]                  from /home/romi/fawad/ORB_SLAM3/include/Tracking.h:26,
[7.996s]                  from /home/romi/fawad/ORB_SLAM3/include/System.h:31,
[7.996s]                  from /home/romi/fawad/ros2_ws/src/ORB_SLAM3_ROS2/src/monocular/monocular-slam-node.hpp:9,
[7.996s]                  from /home/romi/fawad/ros2_ws/src/ORB_SLAM3_ROS2/src/monocular/mono.cpp:7:
[7.997s] /home/romi/fawad/ORB_SLAM3/include/ImuTypes.h: In member function ‘void ORB_SLAM3::IMU::Preintegrated::printMeasurements() const’:
[7.997s] /home/romi/fawad/ORB_SLAM3/include/ImuTypes.h:204:23: warning: comparison of integer expressions of different signedness: ‘int’ and ‘std::vector<ORB_SLAM3::IMU::Preintegrated::integrable>::size_type’ {aka ‘long unsigned int’} [-Wsign-compare]
[7.997s]   204 |         for(int i=0; i<mvMeasurements.size(); i++){
[7.997s]       |                      ~^~~~~~~~~~~~~~~~~~~~~~
[8.020s] In file included from /home/romi/fawad/ORB_SLAM3/Thirdparty/g2o/g2o/types/types_six_dof_expmap.h:37,
[8.020s]                  from /home/romi/fawad/ORB_SLAM3/include/Converter.h:26,
[8.020s]                  from /home/romi/fawad/ORB_SLAM3/include/Frame.h:33,
[8.020s]                  from /home/romi/fawad/ORB_SLAM3/include/KeyFrame.h:28,
[8.020s]                  from /home/romi/fawad/ORB_SLAM3/include/MapPoint.h:23,
[8.021s]                  from /home/romi/fawad/ORB_SLAM3/include/FrameDrawer.h:24,
[8.021s]                  from /home/romi/fawad/ORB_SLAM3/include/Viewer.h:23,
[8.021s]                  from /home/romi/fawad/ORB_SLAM3/include/Tracking.h:26,
[8.021s]                  from /home/romi/fawad/ORB_SLAM3/include/System.h:31,
[8.021s]                  from /home/romi/fawad/ros2_ws/src/ORB_SLAM3_ROS2/src/stereo-inertial/stereo-inertial-node.hpp:10,
[8.021s]                  from /home/romi/fawad/ros2_ws/src/ORB_SLAM3_ROS2/src/stereo-inertial/stereo-inertial-node.cpp:1:
[8.021s] /home/romi/fawad/ORB_SLAM3/Thirdparty/g2o/g2o/types/../core/base_vertex.h: At global scope:
[8.021s] /home/romi/fawad/ORB_SLAM3/Thirdparty/g2o/g2o/types/../core/base_vertex.h:62:74: warning: ‘Eigen::AlignedBit’ is deprecated [-Wdeprecated-declarations]
[8.021s]    62 |     typedef Eigen::Map<Matrix<double, D, D>, Matrix<double,D,D>::Flags & AlignedBit ? Aligned : Unaligned >  HessianBlockType;
[8.021s]       |                                                                          ^~~~~~~~~~
[8.022s] In file included from /usr/include/eigen3/Eigen/Core:161,
[8.022s]                  from /usr/include/eigen3/Eigen/LU:11,
[8.022s]                  from /home/romi/fawad/ORB_SLAM3/Thirdparty/Sophus/sophus/so2.hpp:12,
[8.022s]                  from /home/romi/fawad/ORB_SLAM3/Thirdparty/Sophus/sophus/se2.hpp:7,
[8.022s]                  from /home/romi/fawad/ORB_SLAM3/Thirdparty/Sophus/sophus/geometry.hpp:7,
[8.022s]                  from /home/romi/fawad/ORB_SLAM3/include/Frame.h:28,
[8.022s]                  from /home/romi/fawad/ORB_SLAM3/include/KeyFrame.h:28,
[8.022s]                  from /home/romi/fawad/ORB_SLAM3/include/MapPoint.h:23,
[8.022s]                  from /home/romi/fawad/ORB_SLAM3/include/FrameDrawer.h:24,
[8.022s]                  from /home/romi/fawad/ORB_SLAM3/include/Viewer.h:23,
[8.023s]                  from /home/romi/fawad/ORB_SLAM3/include/Tracking.h:26,
[8.023s]                  from /home/romi/fawad/ORB_SLAM3/include/System.h:31,
[8.023s]                  from /home/romi/fawad/ros2_ws/src/ORB_SLAM3_ROS2/src/stereo-inertial/stereo-inertial-node.hpp:10,
[8.023s]                  from /home/romi/fawad/ros2_ws/src/ORB_SLAM3_ROS2/src/stereo-inertial/stereo-inertial-node.cpp:1:
[8.023s] /usr/include/eigen3/Eigen/src/Core/util/Constants.h:167:37: note: declared here
[8.023s]   167 | EIGEN_DEPRECATED const unsigned int AlignedBit = 0x80;
[8.023s]       |                                     ^~~~~~~~~~
[8.053s] In file included from /home/romi/fawad/ORB_SLAM3/Thirdparty/g2o/g2o/types/types_six_dof_expmap.h:38,
[8.053s]                  from /home/romi/fawad/ORB_SLAM3/include/Converter.h:26,
[8.053s]                  from /home/romi/fawad/ORB_SLAM3/include/Frame.h:33,
[8.053s]                  from /home/romi/fawad/ORB_SLAM3/include/KeyFrame.h:28,
[8.053s]                  from /home/romi/fawad/ORB_SLAM3/include/MapPoint.h:23,
[8.053s]                  from /home/romi/fawad/ORB_SLAM3/include/FrameDrawer.h:24,
[8.053s]                  from /home/romi/fawad/ORB_SLAM3/include/Viewer.h:23,
[8.054s]                  from /home/romi/fawad/ORB_SLAM3/include/Tracking.h:26,
[8.054s]                  from /home/romi/fawad/ORB_SLAM3/include/System.h:31,
[8.054s]                  from /home/romi/fawad/ros2_ws/src/ORB_SLAM3_ROS2/src/stereo-inertial/stereo-inertial-node.hpp:10,
[8.054s]                  from /home/romi/fawad/ros2_ws/src/ORB_SLAM3_ROS2/src/stereo-inertial/stereo-inertial-node.cpp:1:
[8.054s] /home/romi/fawad/ORB_SLAM3/Thirdparty/g2o/g2o/types/../core/base_binary_edge.h:59:82: warning: ‘Eigen::AlignedBit’ is deprecated [-Wdeprecated-declarations]
[8.054s]    59 |       typedef Eigen::Map<Matrix<double, Di, Dj>, Matrix<double, Di, Dj>::Flags & AlignedBit ? Aligned : Unaligned > HessianBlockType;
[8.054s]       |                                                                                  ^~~~~~~~~~
[8.054s] In file included from /usr/include/eigen3/Eigen/Core:161,
[8.054s]                  from /usr/include/eigen3/Eigen/LU:11,
[8.054s]                  from /home/romi/fawad/ORB_SLAM3/Thirdparty/Sophus/sophus/so2.hpp:12,
[8.055s]                  from /home/romi/fawad/ORB_SLAM3/Thirdparty/Sophus/sophus/se2.hpp:7,
[8.055s]                  from /home/romi/fawad/ORB_SLAM3/Thirdparty/Sophus/sophus/geometry.hpp:7,
[8.055s]                  from /home/romi/fawad/ORB_SLAM3/include/Frame.h:28,
[8.055s]                  from /home/romi/fawad/ORB_SLAM3/include/KeyFrame.h:28,
[8.055s]                  from /home/romi/fawad/ORB_SLAM3/include/MapPoint.h:23,
[8.055s]                  from /home/romi/fawad/ORB_SLAM3/include/FrameDrawer.h:24,
[8.055s]                  from /home/romi/fawad/ORB_SLAM3/include/Viewer.h:23,
[8.055s]                  from /home/romi/fawad/ORB_SLAM3/include/Tracking.h:26,
[8.055s]                  from /home/romi/fawad/ORB_SLAM3/include/System.h:31,
[8.055s]                  from /home/romi/fawad/ros2_ws/src/ORB_SLAM3_ROS2/src/stereo-inertial/stereo-inertial-node.hpp:10,
[8.055s]                  from /home/romi/fawad/ros2_ws/src/ORB_SLAM3_ROS2/src/stereo-inertial/stereo-inertial-node.cpp:1:
[8.056s] /usr/include/eigen3/Eigen/src/Core/util/Constants.h:167:37: note: declared here
[8.056s]   167 | EIGEN_DEPRECATED const unsigned int AlignedBit = 0x80;
[8.056s]       |                                     ^~~~~~~~~~
[8.056s] In file included from /home/romi/fawad/ORB_SLAM3/Thirdparty/g2o/g2o/types/types_six_dof_expmap.h:38,
[8.056s]                  from /home/romi/fawad/ORB_SLAM3/include/Converter.h:26,
[8.056s]                  from /home/romi/fawad/ORB_SLAM3/include/Frame.h:33,
[8.056s]                  from /home/romi/fawad/ORB_SLAM3/include/KeyFrame.h:28,
[8.056s]                  from /home/romi/fawad/ORB_SLAM3/include/MapPoint.h:23,
[8.056s]                  from /home/romi/fawad/ORB_SLAM3/include/FrameDrawer.h:24,
[8.056s]                  from /home/romi/fawad/ORB_SLAM3/include/Viewer.h:23,
[8.057s]                  from /home/romi/fawad/ORB_SLAM3/include/Tracking.h:26,
[8.057s]                  from /home/romi/fawad/ORB_SLAM3/include/System.h:31,
[8.057s]                  from /home/romi/fawad/ros2_ws/src/ORB_SLAM3_ROS2/src/stereo-inertial/stereo-inertial-node.hpp:10,
[8.057s]                  from /home/romi/fawad/ros2_ws/src/ORB_SLAM3_ROS2/src/stereo-inertial/stereo-inertial-node.cpp:1:
[8.057s] /home/romi/fawad/ORB_SLAM3/Thirdparty/g2o/g2o/types/../core/base_binary_edge.h:60:82: warning: ‘Eigen::AlignedBit’ is deprecated [-Wdeprecated-declarations]
[8.057s]    60 |       typedef Eigen::Map<Matrix<double, Dj, Di>, Matrix<double, Dj, Di>::Flags & AlignedBit ? Aligned : Unaligned > HessianBlockTransposedType;
[8.057s]       |                                                                                  ^~~~~~~~~~
[8.057s] In file included from /usr/include/eigen3/Eigen/Core:161,
[8.057s]                  from /usr/include/eigen3/Eigen/LU:11,
[8.058s]                  from /home/romi/fawad/ORB_SLAM3/Thirdparty/Sophus/sophus/so2.hpp:12,
[8.058s]                  from /home/romi/fawad/ORB_SLAM3/Thirdparty/Sophus/sophus/se2.hpp:7,
[8.058s]                  from /home/romi/fawad/ORB_SLAM3/Thirdparty/Sophus/sophus/geometry.hpp:7,
[8.058s]                  from /home/romi/fawad/ORB_SLAM3/include/Frame.h:28,
[8.058s]                  from /home/romi/fawad/ORB_SLAM3/include/KeyFrame.h:28,
[8.058s]                  from /home/romi/fawad/ORB_SLAM3/include/MapPoint.h:23,
[8.058s]                  from /home/romi/fawad/ORB_SLAM3/include/FrameDrawer.h:24,
[8.059s]                  from /home/romi/fawad/ORB_SLAM3/include/Viewer.h:23,
[8.059s]                  from /home/romi/fawad/ORB_SLAM3/include/Tracking.h:26,
[8.059s]                  from /home/romi/fawad/ORB_SLAM3/include/System.h:31,
[8.059s]                  from /home/romi/fawad/ros2_ws/src/ORB_SLAM3_ROS2/src/stereo-inertial/stereo-inertial-node.hpp:10,
[8.059s]                  from /home/romi/fawad/ros2_ws/src/ORB_SLAM3_ROS2/src/stereo-inertial/stereo-inertial-node.cpp:1:
[8.059s] /usr/include/eigen3/Eigen/src/Core/util/Constants.h:167:37: note: declared here
[8.059s]   167 | EIGEN_DEPRECATED const unsigned int AlignedBit = 0x80;
[8.059s]       |                                     ^~~~~~~~~~
[8.076s] In file included from /home/romi/fawad/ORB_SLAM3/Thirdparty/g2o/g2o/types/types_six_dof_expmap.h:37,
[8.076s]                  from /home/romi/fawad/ORB_SLAM3/include/Converter.h:26,
[8.076s]                  from /home/romi/fawad/ORB_SLAM3/include/Frame.h:33,
[8.076s]                  from /home/romi/fawad/ORB_SLAM3/include/KeyFrame.h:28,
[8.076s]                  from /home/romi/fawad/ORB_SLAM3/include/MapPoint.h:23,
[8.076s]                  from /home/romi/fawad/ORB_SLAM3/include/FrameDrawer.h:24,
[8.077s]                  from /home/romi/fawad/ORB_SLAM3/include/Viewer.h:23,
[8.077s]                  from /home/romi/fawad/ORB_SLAM3/include/Tracking.h:26,
[8.077s]                  from /home/romi/fawad/ORB_SLAM3/include/System.h:31,
[8.077s]                  from /home/romi/fawad/ros2_ws/src/ORB_SLAM3_ROS2/src/stereo/stereo-slam-node.hpp:13,
[8.077s]                  from /home/romi/fawad/ros2_ws/src/ORB_SLAM3_ROS2/src/stereo/stereo-slam-node.cpp:1:
[8.077s] /home/romi/fawad/ORB_SLAM3/Thirdparty/g2o/g2o/types/../core/base_vertex.h: In instantiation of ‘class g2o::BaseVertex<3, Eigen::Matrix<double, 3, 1> >’:
[8.077s] /home/romi/fawad/ORB_SLAM3/Thirdparty/g2o/g2o/types/types_sba.h:40:35:   required from here
[8.077s] /home/romi/fawad/ORB_SLAM3/Thirdparty/g2o/g2o/types/../core/base_vertex.h:62:72: warning: ‘Eigen::AlignedBit’ is deprecated [-Wdeprecated-declarations]
[8.077s]    62 |     typedef Eigen::Map<Matrix<double, D, D>, Matrix<double,D,D>::Flags & AlignedBit ? Aligned : Unaligned >  HessianBlockType;
[8.077s]       |                                                                  ~~~~~~^~~~~~~~~~~~
[8.078s] In file included from /usr/include/eigen3/Eigen/Core:161,
[8.078s]                  from /usr/include/eigen3/Eigen/LU:11,
[8.078s]                  from /home/romi/fawad/ORB_SLAM3/Thirdparty/Sophus/sophus/so2.hpp:12,
[8.078s]                  from /home/romi/fawad/ORB_SLAM3/Thirdparty/Sophus/sophus/se2.hpp:7,
[8.078s]                  from /home/romi/fawad/ORB_SLAM3/Thirdparty/Sophus/sophus/geometry.hpp:7,
[8.078s]                  from /home/romi/fawad/ORB_SLAM3/include/Frame.h:28,
[8.078s]                  from /home/romi/fawad/ORB_SLAM3/include/KeyFrame.h:28,
[8.078s]                  from /home/romi/fawad/ORB_SLAM3/include/MapPoint.h:23,
[8.078s]                  from /home/romi/fawad/ORB_SLAM3/include/FrameDrawer.h:24,
[8.078s]                  from /home/romi/fawad/ORB_SLAM3/include/Viewer.h:23,
[8.078s]                  from /home/romi/fawad/ORB_SLAM3/include/Tracking.h:26,
[8.079s]                  from /home/romi/fawad/ORB_SLAM3/include/System.h:31,
[8.079s]                  from /home/romi/fawad/ros2_ws/src/ORB_SLAM3_ROS2/src/stereo/stereo-slam-node.hpp:13,
[8.079s]                  from /home/romi/fawad/ros2_ws/src/ORB_SLAM3_ROS2/src/stereo/stereo-slam-node.cpp:1:
[8.079s] /usr/include/eigen3/Eigen/src/Core/util/Constants.h:167:37: note: declared here
[8.079s]   167 | EIGEN_DEPRECATED const unsigned int AlignedBit = 0x80;
[8.079s]       |                                     ^~~~~~~~~~
[8.083s] In file included from /home/romi/fawad/ORB_SLAM3/Thirdparty/g2o/g2o/types/types_six_dof_expmap.h:37,
[8.083s]                  from /home/romi/fawad/ORB_SLAM3/include/Converter.h:26,
[8.084s]                  from /home/romi/fawad/ORB_SLAM3/include/Frame.h:33,
[8.084s]                  from /home/romi/fawad/ORB_SLAM3/include/KeyFrame.h:28,
[8.084s]                  from /home/romi/fawad/ORB_SLAM3/include/MapPoint.h:23,
[8.084s]                  from /home/romi/fawad/ORB_SLAM3/include/FrameDrawer.h:24,
[8.084s]                  from /home/romi/fawad/ORB_SLAM3/include/Viewer.h:23,
[8.084s]                  from /home/romi/fawad/ORB_SLAM3/include/Tracking.h:26,
[8.084s]                  from /home/romi/fawad/ORB_SLAM3/include/System.h:31,
[8.084s]                  from /home/romi/fawad/ros2_ws/src/ORB_SLAM3_ROS2/src/rgbd/rgbd-slam-node.hpp:18,
[8.084s]                  from /home/romi/fawad/ros2_ws/src/ORB_SLAM3_ROS2/src/rgbd/rgbd.cpp:7:
[8.085s] /home/romi/fawad/ORB_SLAM3/Thirdparty/g2o/g2o/types/../core/base_vertex.h: At global scope:
[8.085s] /home/romi/fawad/ORB_SLAM3/Thirdparty/g2o/g2o/types/../core/base_vertex.h:62:74: warning: ‘Eigen::AlignedBit’ is deprecated [-Wdeprecated-declarations]
[8.085s]    62 |     typedef Eigen::Map<Matrix<double, D, D>, Matrix<double,D,D>::Flags & AlignedBit ? Aligned : Unaligned >  HessianBlockType;
[8.085s]       |                                                                          ^~~~~~~~~~
[8.085s] In file included from /usr/include/eigen3/Eigen/Core:161,
[8.085s]                  from /usr/include/eigen3/Eigen/LU:11,
[8.085s]                  from /home/romi/fawad/ORB_SLAM3/Thirdparty/Sophus/sophus/so2.hpp:12,
[8.085s]                  from /home/romi/fawad/ORB_SLAM3/Thirdparty/Sophus/sophus/se2.hpp:7,
[8.085s]                  from /home/romi/fawad/ORB_SLAM3/Thirdparty/Sophus/sophus/geometry.hpp:7,
[8.085s]                  from /home/romi/fawad/ORB_SLAM3/include/Frame.h:28,
[8.085s]                  from /home/romi/fawad/ORB_SLAM3/include/KeyFrame.h:28,
[8.086s]                  from /home/romi/fawad/ORB_SLAM3/include/MapPoint.h:23,
[8.086s]                  from /home/romi/fawad/ORB_SLAM3/include/FrameDrawer.h:24,
[8.086s]                  from /home/romi/fawad/ORB_SLAM3/include/Viewer.h:23,
[8.086s]                  from /home/romi/fawad/ORB_SLAM3/include/Tracking.h:26,
[8.086s]                  from /home/romi/fawad/ORB_SLAM3/include/System.h:31,
[8.086s]                  from /home/romi/fawad/ros2_ws/src/ORB_SLAM3_ROS2/src/rgbd/rgbd-slam-node.hpp:18,
[8.086s]                  from /home/romi/fawad/ros2_ws/src/ORB_SLAM3_ROS2/src/rgbd/rgbd.cpp:7:
[8.086s] /usr/include/eigen3/Eigen/src/Core/util/Constants.h:167:37: note: declared here
[8.086s]   167 | EIGEN_DEPRECATED const unsigned int AlignedBit = 0x80;
[8.086s]       |                                     ^~~~~~~~~~
[8.109s] In file included from /home/romi/fawad/ORB_SLAM3/Thirdparty/g2o/g2o/types/types_six_dof_expmap.h:38,
[8.109s]                  from /home/romi/fawad/ORB_SLAM3/include/Converter.h:26,
[8.109s]                  from /home/romi/fawad/ORB_SLAM3/include/Frame.h:33,
[8.110s]                  from /home/romi/fawad/ORB_SLAM3/include/KeyFrame.h:28,
[8.110s]                  from /home/romi/fawad/ORB_SLAM3/include/MapPoint.h:23,
[8.110s]                  from /home/romi/fawad/ORB_SLAM3/include/FrameDrawer.h:24,
[8.110s]                  from /home/romi/fawad/ORB_SLAM3/include/Viewer.h:23,
[8.110s]                  from /home/romi/fawad/ORB_SLAM3/include/Tracking.h:26,
[8.110s]                  from /home/romi/fawad/ORB_SLAM3/include/System.h:31,
[8.110s]                  from /home/romi/fawad/ros2_ws/src/ORB_SLAM3_ROS2/src/rgbd/rgbd-slam-node.hpp:18,
[8.110s]                  from /home/romi/fawad/ros2_ws/src/ORB_SLAM3_ROS2/src/rgbd/rgbd.cpp:7:
[8.110s] /home/romi/fawad/ORB_SLAM3/Thirdparty/g2o/g2o/types/../core/base_binary_edge.h:59:82: warning: ‘Eigen::AlignedBit’ is deprecated [-Wdeprecated-declarations]
[8.110s]    59 |       typedef Eigen::Map<Matrix<double, Di, Dj>, Matrix<double, Di, Dj>::Flags & AlignedBit ? Aligned : Unaligned > HessianBlockType;
[8.111s]       |                                                                                  ^~~~~~~~~~
[8.111s] In file included from /usr/include/eigen3/Eigen/Core:161,
[8.111s]                  from /usr/include/eigen3/Eigen/LU:11,
[8.111s]                  from /home/romi/fawad/ORB_SLAM3/Thirdparty/Sophus/sophus/so2.hpp:12,
[8.111s]                  from /home/romi/fawad/ORB_SLAM3/Thirdparty/Sophus/sophus/se2.hpp:7,
[8.111s]                  from /home/romi/fawad/ORB_SLAM3/Thirdparty/Sophus/sophus/geometry.hpp:7,
[8.111s]                  from /home/romi/fawad/ORB_SLAM3/include/Frame.h:28,
[8.111s]                  from /home/romi/fawad/ORB_SLAM3/include/KeyFrame.h:28,
[8.111s]                  from /home/romi/fawad/ORB_SLAM3/include/MapPoint.h:23,
[8.111s]                  from /home/romi/fawad/ORB_SLAM3/include/FrameDrawer.h:24,
[8.112s]                  from /home/romi/fawad/ORB_SLAM3/include/Viewer.h:23,
[8.112s]                  from /home/romi/fawad/ORB_SLAM3/include/Tracking.h:26,
[8.112s]                  from /home/romi/fawad/ORB_SLAM3/include/System.h:31,
[8.112s]                  from /home/romi/fawad/ros2_ws/src/ORB_SLAM3_ROS2/src/rgbd/rgbd-slam-node.hpp:18,
[8.112s]                  from /home/romi/fawad/ros2_ws/src/ORB_SLAM3_ROS2/src/rgbd/rgbd.cpp:7:
[8.112s] /usr/include/eigen3/Eigen/src/Core/util/Constants.h:167:37: note: declared here
[8.112s]   167 | EIGEN_DEPRECATED const unsigned int AlignedBit = 0x80;
[8.112s]       |                                     ^~~~~~~~~~
[8.112s] In file included from /home/romi/fawad/ORB_SLAM3/Thirdparty/g2o/g2o/types/types_six_dof_expmap.h:38,
[8.112s]                  from /home/romi/fawad/ORB_SLAM3/include/Converter.h:26,
[8.112s]                  from /home/romi/fawad/ORB_SLAM3/include/Frame.h:33,
[8.113s]                  from /home/romi/fawad/ORB_SLAM3/include/KeyFrame.h:28,
[8.113s]                  from /home/romi/fawad/ORB_SLAM3/include/MapPoint.h:23,
[8.113s]                  from /home/romi/fawad/ORB_SLAM3/include/FrameDrawer.h:24,
[8.113s]                  from /home/romi/fawad/ORB_SLAM3/include/Viewer.h:23,
[8.113s]                  from /home/romi/fawad/ORB_SLAM3/include/Tracking.h:26,
[8.113s]                  from /home/romi/fawad/ORB_SLAM3/include/System.h:31,
[8.113s]                  from /home/romi/fawad/ros2_ws/src/ORB_SLAM3_ROS2/src/rgbd/rgbd-slam-node.hpp:18,
[8.113s]                  from /home/romi/fawad/ros2_ws/src/ORB_SLAM3_ROS2/src/rgbd/rgbd.cpp:7:
[8.113s] /home/romi/fawad/ORB_SLAM3/Thirdparty/g2o/g2o/types/../core/base_binary_edge.h:60:82: warning: ‘Eigen::AlignedBit’ is deprecated [-Wdeprecated-declarations]
[8.114s]    60 |       typedef Eigen::Map<Matrix<double, Dj, Di>, Matrix<double, Dj, Di>::Flags & AlignedBit ? Aligned : Unaligned > HessianBlockTransposedType;
[8.114s]       |                                                                                  ^~~~~~~~~~
[8.114s] In file included from /usr/include/eigen3/Eigen/Core:161,
[8.114s]                  from /usr/include/eigen3/Eigen/LU:11,
[8.114s]                  from /home/romi/fawad/ORB_SLAM3/Thirdparty/Sophus/sophus/so2.hpp:12,
[8.114s]                  from /home/romi/fawad/ORB_SLAM3/Thirdparty/Sophus/sophus/se2.hpp:7,
[8.114s]                  from /home/romi/fawad/ORB_SLAM3/Thirdparty/Sophus/sophus/geometry.hpp:7,
[8.114s]                  from /home/romi/fawad/ORB_SLAM3/include/Frame.h:28,
[8.114s]                  from /home/romi/fawad/ORB_SLAM3/include/KeyFrame.h:28,
[8.115s]                  from /home/romi/fawad/ORB_SLAM3/include/MapPoint.h:23,
[8.115s]                  from /home/romi/fawad/ORB_SLAM3/include/FrameDrawer.h:24,
[8.115s]                  from /home/romi/fawad/ORB_SLAM3/include/Viewer.h:23,
[8.116s]                  from /home/romi/fawad/ORB_SLAM3/include/Tracking.h:26,
[8.117s]                  from /home/romi/fawad/ORB_SLAM3/include/System.h:31,
[8.117s]                  from /home/romi/fawad/ros2_ws/src/ORB_SLAM3_ROS2/src/rgbd/rgbd-slam-node.hpp:18,
[8.117s]                  from /home/romi/fawad/ros2_ws/src/ORB_SLAM3_ROS2/src/rgbd/rgbd.cpp:7:
[8.117s] /usr/include/eigen3/Eigen/src/Core/util/Constants.h:167:37: note: declared here
[8.117s]   167 | EIGEN_DEPRECATED const unsigned int AlignedBit = 0x80;
[8.117s]       |                                     ^~~~~~~~~~
[8.117s] In file included from /home/romi/fawad/ORB_SLAM3/Thirdparty/g2o/g2o/types/types_six_dof_expmap.h:37,
[8.117s]                  from /home/romi/fawad/ORB_SLAM3/include/Converter.h:26,
[8.118s]                  from /home/romi/fawad/ORB_SLAM3/include/Frame.h:33,
[8.118s]                  from /home/romi/fawad/ORB_SLAM3/include/KeyFrame.h:28,
[8.118s]                  from /home/romi/fawad/ORB_SLAM3/include/MapPoint.h:23,
[8.118s]                  from /home/romi/fawad/ORB_SLAM3/include/FrameDrawer.h:24,
[8.118s]                  from /home/romi/fawad/ORB_SLAM3/include/Viewer.h:23,
[8.118s]                  from /home/romi/fawad/ORB_SLAM3/include/Tracking.h:26,
[8.118s]                  from /home/romi/fawad/ORB_SLAM3/include/System.h:31,
[8.118s]                  from /home/romi/fawad/ros2_ws/src/ORB_SLAM3_ROS2/src/monocular/monocular-slam-node.hpp:9,
[8.118s]                  from /home/romi/fawad/ros2_ws/src/ORB_SLAM3_ROS2/src/monocular/mono.cpp:7:
[8.118s] /home/romi/fawad/ORB_SLAM3/Thirdparty/g2o/g2o/types/../core/base_vertex.h: At global scope:
[8.118s] /home/romi/fawad/ORB_SLAM3/Thirdparty/g2o/g2o/types/../core/base_vertex.h:62:74: warning: ‘Eigen::AlignedBit’ is deprecated [-Wdeprecated-declarations]
[8.119s]    62 | igen::Map<Matrix<double, D, D>, Matrix<double,D,D>::Flags & AlignedBit ? Aligned : Unaligned >  HessianBlockType;
[8.119s]       |                                                             ^~~~~~~~~~
[8.119s] 
[8.119s] In file included from /usr/include/eigen3/Eigen/Core:161,
[8.119s]                  from /usr/include/eigen3/Eigen/LU:11,
[8.119s]                  from /home/romi/fawad/ORB_SLAM3/Thirdparty/Sophus/sophus/so2.hpp:12,
[8.119s]                  from /home/romi/fawad/ORB_SLAM3/Thirdparty/Sophus/sophus/se2.hpp:7,
[8.119s]                  from /home/romi/fawad/ORB_SLAM3/Thirdparty/Sophus/sophus/geometry.hpp:7,
[8.119s]                  from /home/romi/fawad/ORB_SLAM3/include/Frame.h:28,
[8.119s]                  from /home/romi/fawad/ORB_SLAM3/include/KeyFrame.h:28,
[8.120s]                  from /home/romi/fawad/ORB_SLAM3/include/MapPoint.h:23,
[8.120s]                  from /home/romi/fawad/ORB_SLAM3/include/FrameDrawer.h:24,
[8.120s]                  from /home/romi/fawad/ORB_SLAM3/include/Viewer.h:23,
[8.120s]                  from /home/romi/fawad/ORB_SLAM3/include/Tracking.h:26,
[8.120s]                  from /home/romi/fawad/ORB_SLAM3/include/System.h:31,
[8.120s]                  from /home/romi/fawad/ros2_ws/src/ORB_SLAM3_ROS2/src/monocular/monocular-slam-node.hpp:9,
[8.120s]                  from /home/romi/fawad/ros2_ws/src/ORB_SLAM3_ROS2/src/monocular/mono.cpp:7:
[8.120s] /usr/include/eigen3/Eigen/src/Core/util/Constants.h:167:37: note: declared here
[8.120s]   167 | EIGEN_DEPRECATED const unsigned int AlignedBit = 0x80;
[8.120s]       |                                     ^~~~~~~~~~
[8.121s] In file included from /home/romi/fawad/ORB_SLAM3/Thirdparty/g2o/g2o/types/types_six_dof_expmap.h:37,
[8.121s]                  from /home/romi/fawad/ORB_SLAM3/include/Converter.h:26,
[8.121s]                  from /home/romi/fawad/ORB_SLAM3/include/Frame.h:33,
[8.121s]                  from /home/romi/fawad/ORB_SLAM3/include/KeyFrame.h:28,
[8.121s]                  from /home/romi/fawad/ORB_SLAM3/include/MapPoint.h:23,
[8.121s]                  from /home/romi/fawad/ORB_SLAM3/include/FrameDrawer.h:24,
[8.121s]                  from /home/romi/fawad/ORB_SLAM3/include/Viewer.h:23,
[8.121s]                  from /home/romi/fawad/ORB_SLAM3/include/Tracking.h:26,
[8.121s]                  from /home/romi/fawad/ORB_SLAM3/include/System.h:31,
[8.121s]                  from /home/romi/fawad/ros2_ws/src/ORB_SLAM3_ROS2/src/stereo/stereo-slam-node.hpp:13,
[8.121s]                  from /home/romi/fawad/ros2_ws/src/ORB_SLAM3_ROS2/src/stereo/stereo-slam-node.cpp:1:
[8.122s] /home/romi/fawad/ORB_SLAM3/Thirdparty/g2o/g2o/types/../core/base_vertex.h: In instantiation of ‘class g2o::BaseVertex<6, g2o::SE3Quat>’:
[8.122s] /home/romi/fawad/ORB_SLAM3/Thirdparty/g2o/g2o/types/types_six_dof_expmap.h:59:33:   required from here
[8.122s] /home/romi/fawad/ORB_SLAM3/Thirdparty/g2o/g2o/types/../core/base_vertex.h:62:72: warning: ‘Eigen::AlignedBit’ is deprecated [-Wdeprecated-declarations]
[8.122s]    62 |     typedef Eigen::Map<Matrix<double, D, D>, Matrix<double,D,D>::Flags & AlignedBit ? Aligned : Unaligned >  HessianBlockType;
[8.122s]       |                                                                  ~~~~~~^~~~~~~~~~~~
[8.122s] In file included from /usr/include/eigen3/Eigen/Core:161,
[8.122s]                  from /usr/include/eigen3/Eigen/LU:11,
[8.122s]                  from /home/romi/fawad/ORB_SLAM3/Thirdparty/Sophus/sophus/so2.hpp:12,
[8.123s]                  from /home/romi/fawad/ORB_SLAM3/Thirdparty/Sophus/sophus/se2.hpp:7,
[8.123s]                  from /home/romi/fawad/ORB_SLAM3/Thirdparty/Sophus/sophus/geometry.hpp:7,
[8.123s]                  from /home/romi/fawad/ORB_SLAM3/include/Frame.h:28,
[8.123s]                  from /home/romi/fawad/ORB_SLAM3/include/KeyFrame.h:28,
[8.123s]                  from /home/romi/fawad/ORB_SLAM3/include/MapPoint.h:23,
[8.123s]                  from /home/romi/fawad/ORB_SLAM3/include/FrameDrawer.h:24,
[8.123s]                  from /home/romi/fawad/ORB_SLAM3/include/Viewer.h:23,
[8.123s]                  from /home/romi/fawad/ORB_SLAM3/include/Tracking.h:26,
[8.123s]                  from /home/romi/fawad/ORB_SLAM3/include/System.h:31,
[8.123s]                  from /home/romi/fawad/ros2_ws/src/ORB_SLAM3_ROS2/src/stereo/stereo-slam-node.hpp:13,
[8.123s]                  from /home/romi/fawad/ros2_ws/src/ORB_SLAM3_ROS2/src/stereo/stereo-slam-node.cpp:1:
[8.124s] /usr/include/eigen3/Eigen/src/Core/util/Constants.h:167:37: note: declared here
[8.124s]   167 | EIGEN_DEPRECATED const unsigned int AlignedBit = 0x80;
[8.124s]       |                                     ^~~~~~~~~~
[8.129s] In file included from /home/romi/fawad/ORB_SLAM3/Thirdparty/g2o/g2o/types/types_six_dof_expmap.h:41,
[8.129s]                  from /home/romi/fawad/ORB_SLAM3/include/Converter.h:26,
[8.129s]                  from /home/romi/fawad/ORB_SLAM3/include/Frame.h:33,
[8.129s]                  from /home/romi/fawad/ORB_SLAM3/include/KeyFrame.h:28,
[8.129s]                  from /home/romi/fawad/ORB_SLAM3/include/MapPoint.h:23,
[8.129s]                  from /home/romi/fawad/ORB_SLAM3/include/FrameDrawer.h:24,
[8.129s]                  from /home/romi/fawad/ORB_SLAM3/include/Viewer.h:23,
[8.129s]                  from /home/romi/fawad/ORB_SLAM3/include/Tracking.h:26,
[8.129s]                  from /home/romi/fawad/ORB_SLAM3/include/System.h:31,
[8.129s]                  from /home/romi/fawad/ros2_ws/src/ORB_SLAM3_ROS2/src/stereo-inertial/stereo-inertial-node.hpp:10,
[8.130s]                  from /home/romi/fawad/ros2_ws/src/ORB_SLAM3_ROS2/src/stereo-inertial/stereo-inertial-node.cpp:1:
[8.130s] /home/romi/fawad/ORB_SLAM3/Thirdparty/g2o/g2o/types/se3quat.h:43:38: warning: extra ‘;’ [-Wpedantic]
[8.130s]    43 |       EIGEN_MAKE_ALIGNED_OPERATOR_NEW;
[8.130s]       |                                      ^
[8.130s]       |                                      -
[8.131s] In file included from /home/romi/fawad/ORB_SLAM3/Thirdparty/g2o/g2o/types/types_six_dof_expmap.h:38,
[8.132s]                  from /home/romi/fawad/ORB_SLAM3/include/Converter.h:26,
[8.132s]                  from /home/romi/fawad/ORB_SLAM3/include/Frame.h:33,
[8.132s]                  from /home/romi/fawad/ORB_SLAM3/include/KeyFrame.h:28,
[8.132s]                  from /home/romi/fawad/ORB_SLAM3/include/MapPoint.h:23,
[8.132s]                  from /home/romi/fawad/ORB_SLAM3/include/FrameDrawer.h:24,
[8.132s]                  from /home/romi/fawad/ORB_SLAM3/include/Viewer.h:23,
[8.132s]                  from /home/romi/fawad/ORB_SLAM3/include/Tracking.h:26,
[8.133s]                  from /home/romi/fawad/ORB_SLAM3/include/System.h:31,
[8.133s]                  from /home/romi/fawad/ros2_ws/src/ORB_SLAM3_ROS2/src/monocular/monocular-slam-node.hpp:9,
[8.133s]                  from /home/romi/fawad/ros2_ws/src/ORB_SLAM3_ROS2/src/monocular/mono.cpp:7:
[8.134s] /home/romi/fawad/ORB_SLAM3/Thirdparty/g2o/g2o/types/../core/base_binary_edge.h:59:82: warning: ‘Eigen::AlignedBit’ is deprecated [-Wdeprecated-declarations]
[8.134s]    59 | Map<Matrix<double, Di, Dj>, Matrix<double, Di, Dj>::Flags & AlignedBit ? Aligned : Unaligned > HessianBlockType;
[8.134s]       |                                                             ^~~~~~~~~~
[8.134s] 
[8.134s] In file included from /usr/include/eigen3/Eigen/Core:161,
[8.134s]                  from /usr/include/eigen3/Eigen/LU:11,
[8.135s]                  from /home/romi/fawad/ORB_SLAM3/Thirdparty/Sophus/sophus/so2.hpp:12,
[8.135s]                  from /home/romi/fawad/ORB_SLAM3/Thirdparty/Sophus/sophus/se2.hpp:7,
[8.135s]                  from /home/romi/fawad/ORB_SLAM3/Thirdparty/Sophus/sophus/geometry.hpp:7,
[8.135s]                  from /home/romi/fawad/ORB_SLAM3/include/Frame.h:28,
[8.135s]                  from /home/romi/fawad/ORB_SLAM3/include/KeyFrame.h:28,
[8.135s]                  from /home/romi/fawad/ORB_SLAM3/include/MapPoint.h:23,
[8.135s]                  from /home/romi/fawad/ORB_SLAM3/include/FrameDrawer.h:24,
[8.135s]                  from /home/romi/fawad/ORB_SLAM3/include/Viewer.h:23,
[8.135s]                  from /home/romi/fawad/ORB_SLAM3/include/Tracking.h:26,
[8.135s]                  from /home/romi/fawad/ORB_SLAM3/include/System.h:31,
[8.135s]                  from /home/romi/fawad/ros2_ws/src/ORB_SLAM3_ROS2/src/monocular/monocular-slam-node.hpp:9,
[8.135s]                  from /home/romi/fawad/ros2_ws/src/ORB_SLAM3_ROS2/src/monocular/mono.cpp:7:
[8.136s] /usr/include/eigen3/Eigen/src/Core/util/Constants.h:167:37: note: declared here
[8.136s]   167 | EIGEN_DEPRECATED const unsigned int AlignedBit = 0x80;
[8.136s]       |                                     ^~~~~~~~~~
[8.136s] In file included from /home/romi/fawad/ORB_SLAM3/Thirdparty/g2o/g2o/types/types_six_dof_expmap.h:38,
[8.136s]                  from /home/romi/fawad/ORB_SLAM3/include/Converter.h:26,
[8.136s]                  from /home/romi/fawad/ORB_SLAM3/include/Frame.h:33,
[8.136s]                  from /home/romi/fawad/ORB_SLAM3/include/KeyFrame.h:28,
[8.136s]                  from /home/romi/fawad/ORB_SLAM3/include/MapPoint.h:23,
[8.136s]                  from /home/romi/fawad/ORB_SLAM3/include/FrameDrawer.h:24,
[8.136s]                  from /home/romi/fawad/ORB_SLAM3/include/Viewer.h:23,
[8.136s]                  from /home/romi/fawad/ORB_SLAM3/include/Tracking.h:26,
[8.137s]                  from /home/romi/fawad/ORB_SLAM3/include/System.h:31,
[8.137s]                  from /home/romi/fawad/ros2_ws/src/ORB_SLAM3_ROS2/src/monocular/monocular-slam-node.hpp:9,
[8.137s]                  from /home/romi/fawad/ros2_ws/src/ORB_SLAM3_ROS2/src/monocular/mono.cpp:7:
[8.137s] /home/romi/fawad/ORB_SLAM3/Thirdparty/g2o/g2o/types/../core/base_binary_edge.h:60:82: warning: ‘Eigen::AlignedBit’ is deprecated [-Wdeprecated-declarations]
[8.137s]    60 | Map<Matrix<double, Dj, Di>, Matrix<double, Dj, Di>::Flags & AlignedBit ? Aligned : Unaligned > HessianBlockTransposedType;
[8.137s]       |                                                             ^~~~~~~~~~
[8.137s] 
[8.137s] In file included from /usr/include/eigen3/Eigen/Core:161,
[8.137s]                  from /usr/include/eigen3/Eigen/LU:11,
[8.137s]                  from /home/romi/fawad/ORB_SLAM3/Thirdparty/Sophus/sophus/so2.hpp:12,
[8.138s]                  from /home/romi/fawad/ORB_SLAM3/Thirdparty/Sophus/sophus/se2.hpp:7,
[8.138s]                  from /home/romi/fawad/ORB_SLAM3/Thirdparty/Sophus/sophus/geometry.hpp:7,
[8.138s]                  from /home/romi/fawad/ORB_SLAM3/include/Frame.h:28,
[8.138s]                  from /home/romi/fawad/ORB_SLAM3/include/KeyFrame.h:28,
[8.138s]                  from /home/romi/fawad/ORB_SLAM3/include/MapPoint.h:23,
[8.138s]                  from /home/romi/fawad/ORB_SLAM3/include/FrameDrawer.h:24,
[8.138s]                  from /home/romi/fawad/ORB_SLAM3/include/Viewer.h:23,
[8.138s]                  from /home/romi/fawad/ORB_SLAM3/include/Tracking.h:26,
[8.138s]                  from /home/romi/fawad/ORB_SLAM3/include/System.h:31,
[8.138s]                  from /home/romi/fawad/ros2_ws/src/ORB_SLAM3_ROS2/src/monocular/monocular-slam-node.hpp:9,
[8.139s]                  from /home/romi/fawad/ros2_ws/src/ORB_SLAM3_ROS2/src/monocular/mono.cpp:7:
[8.139s] /usr/include/eigen3/Eigen/src/Core/util/Constants.h:167:37: note: declared here
[8.139s]   167 | EIGEN_DEPRECATED const unsigned int AlignedBit = 0x80;
[8.139s]       |                                     ^~~~~~~~~~
[8.156s] In file included from /home/romi/fawad/ORB_SLAM3/Thirdparty/g2o/g2o/types/types_six_dof_expmap.h:38,
[8.156s]                  from /home/romi/fawad/ORB_SLAM3/include/Converter.h:26,
[8.156s]                  from /home/romi/fawad/ORB_SLAM3/include/Frame.h:33,
[8.156s]                  from /home/romi/fawad/ORB_SLAM3/include/KeyFrame.h:28,
[8.156s]                  from /home/romi/fawad/ORB_SLAM3/include/MapPoint.h:23,
[8.156s]                  from /home/romi/fawad/ORB_SLAM3/include/FrameDrawer.h:24,
[8.156s]                  from /home/romi/fawad/ORB_SLAM3/include/Viewer.h:23,
[8.156s]                  from /home/romi/fawad/ORB_SLAM3/include/Tracking.h:26,
[8.157s]                  from /home/romi/fawad/ORB_SLAM3/include/System.h:31,
[8.157s]                  from /home/romi/fawad/ros2_ws/src/ORB_SLAM3_ROS2/src/stereo/stereo-slam-node.hpp:13,
[8.157s]                  from /home/romi/fawad/ros2_ws/src/ORB_SLAM3_ROS2/src/stereo/stereo-slam-node.cpp:1:
[8.157s] /home/romi/fawad/ORB_SLAM3/Thirdparty/g2o/g2o/types/../core/base_binary_edge.h: In instantiation of ‘class g2o::BaseBinaryEdge<6, g2o::SE3Quat, g2o::VertexSE3Expmap, g2o::VertexSE3Expmap>’:
[8.157s] /home/romi/fawad/ORB_SLAM3/Thirdparty/g2o/g2o/types/types_six_dof_expmap.h:83:24:   required from here
[8.157s] /home/romi/fawad/ORB_SLAM3/Thirdparty/g2o/g2o/types/../core/base_binary_edge.h:59:80: warning: ‘Eigen::AlignedBit’ is deprecated [-Wdeprecated-declarations]
[8.157s]    59 |       typedef Eigen::Map<Matrix<double, Di, Dj>, Matrix<double, Di, Dj>::Flags & AlignedBit ? Aligned : Unaligned > HessianBlockType;
[8.157s]       |                                                                          ~~~~~~^~~~~~~~~~~~
[8.157s] In file included from /usr/include/eigen3/Eigen/Core:161,
[8.157s]                  from /usr/include/eigen3/Eigen/LU:11,
[8.158s]                  from /home/romi/fawad/ORB_SLAM3/Thirdparty/Sophus/sophus/so2.hpp:12,
[8.158s]                  from /home/romi/fawad/ORB_SLAM3/Thirdparty/Sophus/sophus/se2.hpp:7,
[8.158s]                  from /home/romi/fawad/ORB_SLAM3/Thirdparty/Sophus/sophus/geometry.hpp:7,
[8.158s]                  from /home/romi/fawad/ORB_SLAM3/include/Frame.h:28,
[8.158s]                  from /home/romi/fawad/ORB_SLAM3/include/KeyFrame.h:28,
[8.158s]                  from /home/romi/fawad/ORB_SLAM3/include/MapPoint.h:23,
[8.158s]                  from /home/romi/fawad/ORB_SLAM3/include/FrameDrawer.h:24,
[8.158s]                  from /home/romi/fawad/ORB_SLAM3/include/Viewer.h:23,
[8.158s]                  from /home/romi/fawad/ORB_SLAM3/include/Tracking.h:26,
[8.158s]                  from /home/romi/fawad/ORB_SLAM3/include/System.h:31,
[8.159s]                  from /home/romi/fawad/ros2_ws/src/ORB_SLAM3_ROS2/src/stereo/stereo-slam-node.hpp:13,
[8.159s]                  from /home/romi/fawad/ros2_ws/src/ORB_SLAM3_ROS2/src/stereo/stereo-slam-node.cpp:1:
[8.159s] /usr/include/eigen3/Eigen/src/Core/util/Constants.h:167:37: note: declared here
[8.159s]   167 | EIGEN_DEPRECATED const unsigned int AlignedBit = 0x80;
[8.159s]       |                                     ^~~~~~~~~~
[8.159s] In file included from /home/romi/fawad/ORB_SLAM3/Thirdparty/g2o/g2o/types/types_six_dof_expmap.h:38,
[8.159s]                  from /home/romi/fawad/ORB_SLAM3/include/Converter.h:26,
[8.160s]                  from /home/romi/fawad/ORB_SLAM3/include/Frame.h:33,
[8.160s]                  from /home/romi/fawad/ORB_SLAM3/include/KeyFrame.h:28,
[8.160s]                  from /home/romi/fawad/ORB_SLAM3/include/MapPoint.h:23,
[8.160s]                  from /home/romi/fawad/ORB_SLAM3/include/FrameDrawer.h:24,
[8.160s]                  from /home/romi/fawad/ORB_SLAM3/include/Viewer.h:23,
[8.160s]                  from /home/romi/fawad/ORB_SLAM3/include/Tracking.h:26,
[8.160s]                  from /home/romi/fawad/ORB_SLAM3/include/System.h:31,
[8.160s]                  from /home/romi/fawad/ros2_ws/src/ORB_SLAM3_ROS2/src/stereo/stereo-slam-node.hpp:13,
[8.160s]                  from /home/romi/fawad/ros2_ws/src/ORB_SLAM3_ROS2/src/stereo/stereo-slam-node.cpp:1:
[8.160s] /home/romi/fawad/ORB_SLAM3/Thirdparty/g2o/g2o/types/../core/base_binary_edge.h:60:80: warning: ‘Eigen::AlignedBit’ is deprecated [-Wdeprecated-declarations]
[8.160s]    60 |       typedef Eigen::Map<Matrix<double, Dj, Di>, Matrix<double, Dj, Di>::Flags & AlignedBit ? Aligned : Unaligned > HessianBlockTransposedType;
[8.161s]       |                                                                          ~~~~~~^~~~~~~~~~~~
[8.161s] In file included from /usr/include/eigen3/Eigen/Core:161,
[8.161s]                  from /usr/include/eigen3/Eigen/LU:11,
[8.161s]                  from /home/romi/fawad/ORB_SLAM3/Thirdparty/Sophus/sophus/so2.hpp:12,
[8.161s]                  from /home/romi/fawad/ORB_SLAM3/Thirdparty/Sophus/sophus/se2.hpp:7,
[8.161s]                  from /home/romi/fawad/ORB_SLAM3/Thirdparty/Sophus/sophus/geometry.hpp:7,
[8.161s]                  from /home/romi/fawad/ORB_SLAM3/include/Frame.h:28,
[8.161s]                  from /home/romi/fawad/ORB_SLAM3/include/KeyFrame.h:28,
[8.161s]                  from /home/romi/fawad/ORB_SLAM3/include/MapPoint.h:23,
[8.161s]                  from /home/romi/fawad/ORB_SLAM3/include/FrameDrawer.h:24,
[8.162s]                  from /home/romi/fawad/ORB_SLAM3/include/Viewer.h:23,
[8.162s]                  from /home/romi/fawad/ORB_SLAM3/include/Tracking.h:26,
[8.162s]                  from /home/romi/fawad/ORB_SLAM3/include/System.h:31,
[8.162s]                  from /home/romi/fawad/ros2_ws/src/ORB_SLAM3_ROS2/src/stereo/stereo-slam-node.hpp:13,
[8.162s]                  from /home/romi/fawad/ros2_ws/src/ORB_SLAM3_ROS2/src/stereo/stereo-slam-node.cpp:1:
[8.162s] /usr/include/eigen3/Eigen/src/Core/util/Constants.h:167:37: note: declared here
[8.162s]   167 | EIGEN_DEPRECATED const unsigned int AlignedBit = 0x80;
[8.162s]       |                                     ^~~~~~~~~~
[8.172s] In file included from /home/romi/fawad/ORB_SLAM3/Thirdparty/g2o/g2o/types/types_six_dof_expmap.h:41,
[8.172s]                  from /home/romi/fawad/ORB_SLAM3/include/Converter.h:26,
[8.172s]                  from /home/romi/fawad/ORB_SLAM3/include/Frame.h:33,
[8.172s]                  from /home/romi/fawad/ORB_SLAM3/include/KeyFrame.h:28,
[8.172s]                  from /home/romi/fawad/ORB_SLAM3/include/MapPoint.h:23,
[8.172s]                  from /home/romi/fawad/ORB_SLAM3/include/FrameDrawer.h:24,
[8.173s]                  from /home/romi/fawad/ORB_SLAM3/include/Viewer.h:23,
[8.173s]                  from /home/romi/fawad/ORB_SLAM3/include/Tracking.h:26,
[8.173s]                  from /home/romi/fawad/ORB_SLAM3/include/System.h:31,
[8.173s]                  from /home/romi/fawad/ros2_ws/src/ORB_SLAM3_ROS2/src/rgbd/rgbd-slam-node.hpp:18,
[8.173s]                  from /home/romi/fawad/ros2_ws/src/ORB_SLAM3_ROS2/src/rgbd/rgbd.cpp:7:
[8.173s] /home/romi/fawad/ORB_SLAM3/Thirdparty/g2o/g2o/types/se3quat.h:43:38: warning: extra ‘;’ [-Wpedantic]
[8.173s]    43 |       EIGEN_MAKE_ALIGNED_OPERATOR_NEW;
[8.173s]       |                                      ^
[8.173s]       |                                      -
[8.210s] In file included from /home/romi/fawad/ORB_SLAM3/Thirdparty/g2o/g2o/types/types_six_dof_expmap.h:41,
[8.210s]                  from /home/romi/fawad/ORB_SLAM3/include/Converter.h:26,
[8.211s]                  from /home/romi/fawad/ORB_SLAM3/include/Frame.h:33,
[8.211s]                  from /home/romi/fawad/ORB_SLAM3/include/KeyFrame.h:28,
[8.211s]                  from /home/romi/fawad/ORB_SLAM3/include/MapPoint.h:23,
[8.211s]                  from /home/romi/fawad/ORB_SLAM3/include/FrameDrawer.h:24,
[8.211s]                  from /home/romi/fawad/ORB_SLAM3/include/Viewer.h:23,
[8.211s]                  from /home/romi/fawad/ORB_SLAM3/include/Tracking.h:26,
[8.211s]                  from /home/romi/fawad/ORB_SLAM3/include/System.h:31,
[8.211s]                  from /home/romi/fawad/ros2_ws/src/ORB_SLAM3_ROS2/src/monocular/monocular-slam-node.hpp:9,
[8.211s]                  from /home/romi/fawad/ros2_ws/src/ORB_SLAM3_ROS2/src/monocular/mono.cpp:7:
[8.211s] /home/romi/fawad/ORB_SLAM3/Thirdparty/g2o/g2o/types/se3quat.h:43:38: warning: extra ‘;’ [-Wpedantic]
[8.211s]    43 |       EIGEN_MAKE_ALIGNED_OPERATOR_NEW;
[8.212s]       |                                      ^
[8.212s]       |                                      -
[8.246s] In file included from /home/romi/fawad/ORB_SLAM3/Thirdparty/g2o/g2o/types/types_six_dof_expmap.h:38,
[8.246s]                  from /home/romi/fawad/ORB_SLAM3/include/Converter.h:26,
[8.247s]                  from /home/romi/fawad/ORB_SLAM3/include/Frame.h:33,
[8.247s]                  from /home/romi/fawad/ORB_SLAM3/include/KeyFrame.h:28,
[8.247s]                  from /home/romi/fawad/ORB_SLAM3/include/MapPoint.h:23,
[8.247s]                  from /home/romi/fawad/ORB_SLAM3/include/FrameDrawer.h:24,
[8.247s]                  from /home/romi/fawad/ORB_SLAM3/include/Viewer.h:23,
[8.247s]                  from /home/romi/fawad/ORB_SLAM3/include/Tracking.h:26,
[8.247s]                  from /home/romi/fawad/ORB_SLAM3/include/System.h:31,
[8.247s]                  from /home/romi/fawad/ros2_ws/src/ORB_SLAM3_ROS2/src/stereo/stereo-slam-node.hpp:13,
[8.247s]                  from /home/romi/fawad/ros2_ws/src/ORB_SLAM3_ROS2/src/stereo/stereo-slam-node.cpp:1:
[8.247s] /home/romi/fawad/ORB_SLAM3/Thirdparty/g2o/g2o/types/../core/base_binary_edge.h: In instantiation of ‘class g2o::BaseBinaryEdge<2, Eigen::Matrix<double, 2, 1>, g2o::VertexSBAPointXYZ, g2o::VertexSE3Expmap>’:
[8.247s] /home/romi/fawad/ORB_SLAM3/Thirdparty/g2o/g2o/types/types_six_dof_expmap.h:114:35:   required from here
[8.248s] /home/romi/fawad/ORB_SLAM3/Thirdparty/g2o/g2o/types/../core/base_binary_edge.h:59:80: warning: ‘Eigen::AlignedBit’ is deprecated [-Wdeprecated-declarations]
[8.248s]    59 |       typedef Eigen::Map<Matrix<double, Di, Dj>, Matrix<double, Di, Dj>::Flags & AlignedBit ? Aligned : Unaligned > HessianBlockType;
[8.248s]       |                                                                          ~~~~~~^~~~~~~~~~~~
[8.248s] In file included from /usr/include/eigen3/Eigen/Core:161,
[8.248s]                  from /usr/include/eigen3/Eigen/LU:11,
[8.248s]                  from /home/romi/fawad/ORB_SLAM3/Thirdparty/Sophus/sophus/so2.hpp:12,
[8.248s]                  from /home/romi/fawad/ORB_SLAM3/Thirdparty/Sophus/sophus/se2.hpp:7,
[8.248s]                  from /home/romi/fawad/ORB_SLAM3/Thirdparty/Sophus/sophus/geometry.hpp:7,
[8.248s]                  from /home/romi/fawad/ORB_SLAM3/include/Frame.h:28,
[8.248s]                  from /home/romi/fawad/ORB_SLAM3/include/KeyFrame.h:28,
[8.249s]                  from /home/romi/fawad/ORB_SLAM3/include/MapPoint.h:23,
[8.249s]                  from /home/romi/fawad/ORB_SLAM3/include/FrameDrawer.h:24,
[8.249s]                  from /home/romi/fawad/ORB_SLAM3/include/Viewer.h:23,
[8.249s]                  from /home/romi/fawad/ORB_SLAM3/include/Tracking.h:26,
[8.249s]                  from /home/romi/fawad/ORB_SLAM3/include/System.h:31,
[8.249s]                  from /home/romi/fawad/ros2_ws/src/ORB_SLAM3_ROS2/src/stereo/stereo-slam-node.hpp:13,
[8.249s]                  from /home/romi/fawad/ros2_ws/src/ORB_SLAM3_ROS2/src/stereo/stereo-slam-node.cpp:1:
[8.249s] /usr/include/eigen3/Eigen/src/Core/util/Constants.h:167:37: note: declared here
[8.249s]   167 | EIGEN_DEPRECATED const unsigned int AlignedBit = 0x80;
[8.249s]       |                                     ^~~~~~~~~~
[8.266s] In file included from /home/romi/fawad/ORB_SLAM3/Thirdparty/g2o/g2o/types/types_six_dof_expmap.h:38,
[8.266s]                  from /home/romi/fawad/ORB_SLAM3/include/Converter.h:26,
[8.266s]                  from /home/romi/fawad/ORB_SLAM3/include/Frame.h:33,
[8.266s]                  from /home/romi/fawad/ORB_SLAM3/include/KeyFrame.h:28,
[8.266s]                  from /home/romi/fawad/ORB_SLAM3/include/MapPoint.h:23,
[8.267s]                  from /home/romi/fawad/ORB_SLAM3/include/FrameDrawer.h:24,
[8.267s]                  from /home/romi/fawad/ORB_SLAM3/include/Viewer.h:23,
[8.267s]                  from /home/romi/fawad/ORB_SLAM3/include/Tracking.h:26,
[8.267s]                  from /home/romi/fawad/ORB_SLAM3/include/System.h:31,
[8.267s]                  from /home/romi/fawad/ros2_ws/src/ORB_SLAM3_ROS2/src/stereo/stereo-slam-node.hpp:13,
[8.267s]                  from /home/romi/fawad/ros2_ws/src/ORB_SLAM3_ROS2/src/stereo/stereo-slam-node.cpp:1:
[8.267s] /home/romi/fawad/ORB_SLAM3/Thirdparty/g2o/g2o/types/../core/base_binary_edge.h:60:80: warning: ‘Eigen::AlignedBit’ is deprecated [-Wdeprecated-declarations]
[8.267s]    60 |       typedef Eigen::Map<Matrix<double, Dj, Di>, Matrix<double, Dj, Di>::Flags & AlignedBit ? Aligned : Unaligned > HessianBlockTransposedType;
[8.267s]       |                                                                          ~~~~~~^~~~~~~~~~~~
[8.268s] In file included from /usr/include/eigen3/Eigen/Core:161,
[8.268s]                  from /usr/include/eigen3/Eigen/LU:11,
[8.268s]                  from /home/romi/fawad/ORB_SLAM3/Thirdparty/Sophus/sophus/so2.hpp:12,
[8.268s]                  from /home/romi/fawad/ORB_SLAM3/Thirdparty/Sophus/sophus/se2.hpp:7,
[8.268s]                  from /home/romi/fawad/ORB_SLAM3/Thirdparty/Sophus/sophus/geometry.hpp:7,
[8.268s]                  from /home/romi/fawad/ORB_SLAM3/include/Frame.h:28,
[8.268s]                  from /home/romi/fawad/ORB_SLAM3/include/KeyFrame.h:28,
[8.268s]                  from /home/romi/fawad/ORB_SLAM3/include/MapPoint.h:23,
[8.269s]                  from /home/romi/fawad/ORB_SLAM3/include/FrameDrawer.h:24,
[8.269s]                  from /home/romi/fawad/ORB_SLAM3/include/Viewer.h:23,
[8.269s]                  from /home/romi/fawad/ORB_SLAM3/include/Tracking.h:26,
[8.269s]                  from /home/romi/fawad/ORB_SLAM3/include/System.h:31,
[8.269s]                  from /home/romi/fawad/ros2_ws/src/ORB_SLAM3_ROS2/src/stereo/stereo-slam-node.hpp:13,
[8.269s]                  from /home/romi/fawad/ros2_ws/src/ORB_SLAM3_ROS2/src/stereo/stereo-slam-node.cpp:1:
[8.269s] /usr/include/eigen3/Eigen/src/Core/util/Constants.h:167:37: note: declared here
[8.269s]   167 | EIGEN_DEPRECATED const unsigned int AlignedBit = 0x80;
[8.269s]       |                                     ^~~~~~~~~~
[8.344s] In file included from /home/romi/fawad/ORB_SLAM3/Thirdparty/g2o/g2o/types/types_six_dof_expmap.h:38,
[8.344s]                  from /home/romi/fawad/ORB_SLAM3/include/Converter.h:26,
[8.344s]                  from /home/romi/fawad/ORB_SLAM3/include/Frame.h:33,
[8.344s]                  from /home/romi/fawad/ORB_SLAM3/include/KeyFrame.h:28,
[8.344s]                  from /home/romi/fawad/ORB_SLAM3/include/MapPoint.h:23,
[8.345s]                  from /home/romi/fawad/ORB_SLAM3/include/FrameDrawer.h:24,
[8.345s]                  from /home/romi/fawad/ORB_SLAM3/include/Viewer.h:23,
[8.348s]                  from /home/romi/fawad/ORB_SLAM3/include/Tracking.h:26,
[8.348s]                  from /home/romi/fawad/ORB_SLAM3/include/System.h:31,
[8.348s]                  from /home/romi/fawad/ros2_ws/src/ORB_SLAM3_ROS2/src/stereo/stereo-slam-node.hpp:13,
[8.349s]                  from /home/romi/fawad/ros2_ws/src/ORB_SLAM3_ROS2/src/stereo/stereo-slam-node.cpp:1:
[8.349s] /home/romi/fawad/ORB_SLAM3/Thirdparty/g2o/g2o/types/../core/base_binary_edge.h: In instantiation of ‘class g2o::BaseBinaryEdge<3, Eigen::Matrix<double, 3, 1>, g2o::VertexSBAPointXYZ, g2o::VertexSE3Expmap>’:
[8.349s] /home/romi/fawad/ORB_SLAM3/Thirdparty/g2o/g2o/types/types_six_dof_expmap.h:146:41:   required from here
[8.349s] /home/romi/fawad/ORB_SLAM3/Thirdparty/g2o/g2o/types/../core/base_binary_edge.h:59:80: warning: ‘Eigen::AlignedBit’ is deprecated [-Wdeprecated-declarations]
[8.349s]    59 |       typedef Eigen::Map<Matrix<double, Di, Dj>, Matrix<double, Di, Dj>::Flags & AlignedBit ? Aligned : Unaligned > HessianBlockType;
[8.349s]       |                                                                          ~~~~~~^~~~~~~~~~~~
[8.349s] In file included from /usr/include/eigen3/Eigen/Core:161,
[8.349s]                  from /usr/include/eigen3/Eigen/LU:11,
[8.349s]                  from /home/romi/fawad/ORB_SLAM3/Thirdparty/Sophus/sophus/so2.hpp:12,
[8.349s]                  from /home/romi/fawad/ORB_SLAM3/Thirdparty/Sophus/sophus/se2.hpp:7,
[8.349s]                  from /home/romi/fawad/ORB_SLAM3/Thirdparty/Sophus/sophus/geometry.hpp:7,
[8.350s]                  from /home/romi/fawad/ORB_SLAM3/include/Frame.h:28,
[8.350s]                  from /home/romi/fawad/ORB_SLAM3/include/KeyFrame.h:28,
[8.350s]                  from /home/romi/fawad/ORB_SLAM3/include/MapPoint.h:23,
[8.350s]                  from /home/romi/fawad/ORB_SLAM3/include/FrameDrawer.h:24,
[8.350s]                  from /home/romi/fawad/ORB_SLAM3/include/Viewer.h:23,
[8.350s]                  from /home/romi/fawad/ORB_SLAM3/include/Tracking.h:26,
[8.350s]                  from /home/romi/fawad/ORB_SLAM3/include/System.h:31,
[8.350s]                  from /home/romi/fawad/ros2_ws/src/ORB_SLAM3_ROS2/src/stereo/stereo-slam-node.hpp:13,
[8.350s]                  from /home/romi/fawad/ros2_ws/src/ORB_SLAM3_ROS2/src/stereo/stereo-slam-node.cpp:1:
[8.350s] /usr/include/eigen3/Eigen/src/Core/util/Constants.h:167:37: note: declared here
[8.350s]   167 | EIGEN_DEPRECATED const unsigned int AlignedBit = 0x80;
[8.351s]       |                                     ^~~~~~~~~~
[8.351s] In file included from /home/romi/fawad/ORB_SLAM3/Thirdparty/g2o/g2o/types/types_six_dof_expmap.h:38,
[8.351s]                  from /home/romi/fawad/ORB_SLAM3/include/Converter.h:26,
[8.351s]                  from /home/romi/fawad/ORB_SLAM3/include/Frame.h:33,
[8.351s]                  from /home/romi/fawad/ORB_SLAM3/include/KeyFrame.h:28,
[8.351s]                  from /home/romi/fawad/ORB_SLAM3/include/MapPoint.h:23,
[8.351s]                  from /home/romi/fawad/ORB_SLAM3/include/FrameDrawer.h:24,
[8.351s]                  from /home/romi/fawad/ORB_SLAM3/include/Viewer.h:23,
[8.351s]                  from /home/romi/fawad/ORB_SLAM3/include/Tracking.h:26,
[8.351s]                  from /home/romi/fawad/ORB_SLAM3/include/System.h:31,
[8.351s]                  from /home/romi/fawad/ros2_ws/src/ORB_SLAM3_ROS2/src/stereo/stereo-slam-node.hpp:13,
[8.352s]                  from /home/romi/fawad/ros2_ws/src/ORB_SLAM3_ROS2/src/stereo/stereo-slam-node.cpp:1:
[8.355s] /home/romi/fawad/ORB_SLAM3/Thirdparty/g2o/g2o/types/../core/base_binary_edge.h:60:80: warning: ‘Eigen::AlignedBit’ is deprecated [-Wdeprecated-declarations]
[8.355s]    60 |       typedef Eigen::Map<Matrix<double, Dj, Di>, Matrix<double, Dj, Di>::Flags & AlignedBit ? Aligned : Unaligned > HessianBlockTransposedType;
[8.355s]       |                                                                          ~~~~~~^~~~~~~~~~~~
[8.355s] In file included from /usr/include/eigen3/Eigen/Core:161,
[8.355s]                  from /usr/include/eigen3/Eigen/LU:11,
[8.355s]                  from /home/romi/fawad/ORB_SLAM3/Thirdparty/Sophus/sophus/so2.hpp:12,
[8.355s]                  from /home/romi/fawad/ORB_SLAM3/Thirdparty/Sophus/sophus/se2.hpp:7,
[8.355s]                  from /home/romi/fawad/ORB_SLAM3/Thirdparty/Sophus/sophus/geometry.hpp:7,
[8.356s]                  from /home/romi/fawad/ORB_SLAM3/include/Frame.h:28,
[8.356s]                  from /home/romi/fawad/ORB_SLAM3/include/KeyFrame.h:28,
[8.356s]                  from /home/romi/fawad/ORB_SLAM3/include/MapPoint.h:23,
[8.356s]                  from /home/romi/fawad/ORB_SLAM3/include/FrameDrawer.h:24,
[8.356s]                  from /home/romi/fawad/ORB_SLAM3/include/Viewer.h:23,
[8.356s]                  from /home/romi/fawad/ORB_SLAM3/include/Tracking.h:26,
[8.356s]                  from /home/romi/fawad/ORB_SLAM3/include/System.h:31,
[8.356s]                  from /home/romi/fawad/ros2_ws/src/ORB_SLAM3_ROS2/src/stereo/stereo-slam-node.hpp:13,
[8.356s]                  from /home/romi/fawad/ros2_ws/src/ORB_SLAM3_ROS2/src/stereo/stereo-slam-node.cpp:1:
[8.356s] /usr/include/eigen3/Eigen/src/Core/util/Constants.h:167:37: note: declared here
[8.356s]   167 | EIGEN_DEPRECATED const unsigned int AlignedBit = 0x80;
[8.357s]       |                                     ^~~~~~~~~~
[8.616s] In file included from /home/romi/fawad/ORB_SLAM3/Thirdparty/g2o/g2o/types/types_six_dof_expmap.h:37,
[8.616s]                  from /home/romi/fawad/ORB_SLAM3/include/Converter.h:26,
[8.616s]                  from /home/romi/fawad/ORB_SLAM3/include/Frame.h:33,
[8.616s]                  from /home/romi/fawad/ORB_SLAM3/include/KeyFrame.h:28,
[8.616s]                  from /home/romi/fawad/ORB_SLAM3/include/MapPoint.h:23,
[8.616s]                  from /home/romi/fawad/ORB_SLAM3/include/FrameDrawer.h:24,
[8.616s]                  from /home/romi/fawad/ORB_SLAM3/include/Viewer.h:23,
[8.616s]                  from /home/romi/fawad/ORB_SLAM3/include/Tracking.h:26,
[8.616s]                  from /home/romi/fawad/ORB_SLAM3/include/System.h:31,
[8.616s]                  from /home/romi/fawad/ros2_ws/src/ORB_SLAM3_ROS2/src/stereo-inertial/stereo-inertial-node.hpp:10,
[8.616s]                  from /home/romi/fawad/ros2_ws/src/ORB_SLAM3_ROS2/src/stereo-inertial/stereo-inertial-node.cpp:1:
[8.616s] /home/romi/fawad/ORB_SLAM3/Thirdparty/g2o/g2o/types/../core/base_vertex.h: In instantiation of ‘class g2o::BaseVertex<3, Eigen::Matrix<double, 3, 1> >’:
[8.616s] /home/romi/fawad/ORB_SLAM3/Thirdparty/g2o/g2o/types/types_sba.h:40:35:   required from here
[8.617s] /home/romi/fawad/ORB_SLAM3/Thirdparty/g2o/g2o/types/../core/base_vertex.h:62:72: warning: ‘Eigen::AlignedBit’ is deprecated [-Wdeprecated-declarations]
[8.617s]    62 |     typedef Eigen::Map<Matrix<double, D, D>, Matrix<double,D,D>::Flags & AlignedBit ? Aligned : Unaligned >  HessianBlockType;
[8.617s]       |                                                                  ~~~~~~^~~~~~~~~~~~
[8.617s] In file included from /usr/include/eigen3/Eigen/Core:161,
[8.617s]                  from /usr/include/eigen3/Eigen/LU:11,
[8.617s]                  from /home/romi/fawad/ORB_SLAM3/Thirdparty/Sophus/sophus/so2.hpp:12,
[8.617s]                  from /home/romi/fawad/ORB_SLAM3/Thirdparty/Sophus/sophus/se2.hpp:7,
[8.617s]                  from /home/romi/fawad/ORB_SLAM3/Thirdparty/Sophus/sophus/geometry.hpp:7,
[8.617s]                  from /home/romi/fawad/ORB_SLAM3/include/Frame.h:28,
[8.617s]                  from /home/romi/fawad/ORB_SLAM3/include/KeyFrame.h:28,
[8.617s]                  from /home/romi/fawad/ORB_SLAM3/include/MapPoint.h:23,
[8.617s]                  from /home/romi/fawad/ORB_SLAM3/include/FrameDrawer.h:24,
[8.617s]                  from /home/romi/fawad/ORB_SLAM3/include/Viewer.h:23,
[8.617s]                  from /home/romi/fawad/ORB_SLAM3/include/Tracking.h:26,
[8.617s]                  from /home/romi/fawad/ORB_SLAM3/include/System.h:31,
[8.617s]                  from /home/romi/fawad/ros2_ws/src/ORB_SLAM3_ROS2/src/stereo-inertial/stereo-inertial-node.hpp:10,
[8.617s]                  from /home/romi/fawad/ros2_ws/src/ORB_SLAM3_ROS2/src/stereo-inertial/stereo-inertial-node.cpp:1:
[8.617s] /usr/include/eigen3/Eigen/src/Core/util/Constants.h:167:37: note: declared here
[8.617s]   167 | EIGEN_DEPRECATED const unsigned int AlignedBit = 0x80;
[8.617s]       |                                     ^~~~~~~~~~
[8.623s] In file included from /home/romi/fawad/ORB_SLAM3/include/Frame.h:30,
[8.623s]                  from /home/romi/fawad/ORB_SLAM3/include/KeyFrame.h:28,
[8.623s]                  from /home/romi/fawad/ORB_SLAM3/include/MapPoint.h:23,
[8.623s]                  from /home/romi/fawad/ORB_SLAM3/include/FrameDrawer.h:24,
[8.623s]                  from /home/romi/fawad/ORB_SLAM3/include/Viewer.h:23,
[8.623s]                  from /home/romi/fawad/ORB_SLAM3/include/Tracking.h:26,
[8.623s]                  from /home/romi/fawad/ORB_SLAM3/include/System.h:31,
[8.623s]                  from /home/romi/fawad/ros2_ws/src/ORB_SLAM3_ROS2/src/stereo-inertial/stereo-inertial-node.hpp:10,
[8.623s]                  from /home/romi/fawad/ros2_ws/src/ORB_SLAM3_ROS2/src/stereo-inertial/stereo-inertial.cpp:7:
[8.623s] /home/romi/fawad/ORB_SLAM3/include/ImuTypes.h: In member function ‘void ORB_SLAM3::IMU::Preintegrated::printMeasurements() const’:
[8.623s] /home/romi/fawad/ORB_SLAM3/include/ImuTypes.h:204:23: warning: comparison of integer expressions of different signedness: ‘int’ and ‘std::vector<ORB_SLAM3::IMU::Preintegrated::integrable>::size_type’ {aka ‘long unsigned int’} [-Wsign-compare]
[8.623s]   204 |         for(int i=0; i<mvMeasurements.size(); i++){
[8.623s]       |                      ~^~~~~~~~~~~~~~~~~~~~~~
[8.649s] In file included from /home/romi/fawad/ORB_SLAM3/Thirdparty/g2o/g2o/types/types_six_dof_expmap.h:37,
[8.649s]                  from /home/romi/fawad/ORB_SLAM3/include/Converter.h:26,
[8.649s]                  from /home/romi/fawad/ORB_SLAM3/include/Frame.h:33,
[8.649s]                  from /home/romi/fawad/ORB_SLAM3/include/KeyFrame.h:28,
[8.649s]                  from /home/romi/fawad/ORB_SLAM3/include/MapPoint.h:23,
[8.650s]                  from /home/romi/fawad/ORB_SLAM3/include/FrameDrawer.h:24,
[8.650s]                  from /home/romi/fawad/ORB_SLAM3/include/Viewer.h:23,
[8.650s]                  from /home/romi/fawad/ORB_SLAM3/include/Tracking.h:26,
[8.650s]                  from /home/romi/fawad/ORB_SLAM3/include/System.h:31,
[8.650s]                  from /home/romi/fawad/ros2_ws/src/ORB_SLAM3_ROS2/src/stereo-inertial/stereo-inertial-node.hpp:10,
[8.650s]                  from /home/romi/fawad/ros2_ws/src/ORB_SLAM3_ROS2/src/stereo-inertial/stereo-inertial-node.cpp:1:
[8.650s] /home/romi/fawad/ORB_SLAM3/Thirdparty/g2o/g2o/types/../core/base_vertex.h: In instantiation of ‘class g2o::BaseVertex<6, g2o::SE3Quat>’:
[8.651s] /home/romi/fawad/ORB_SLAM3/Thirdparty/g2o/g2o/types/types_six_dof_expmap.h:59:33:   required from here
[8.651s] /home/romi/fawad/ORB_SLAM3/Thirdparty/g2o/g2o/types/../core/base_vertex.h:62:72: warning: ‘Eigen::AlignedBit’ is deprecated [-Wdeprecated-declarations]
[8.651s]    62 |     typedef Eigen::Map<Matrix<double, D, D>, Matrix<double,D,D>::Flags & AlignedBit ? Aligned : Unaligned >  HessianBlockType;
[8.651s]       |                                                                  ~~~~~~^~~~~~~~~~~~
[8.651s] In file included from /usr/include/eigen3/Eigen/Core:161,
[8.651s]                  from /usr/include/eigen3/Eigen/LU:11,
[8.651s]                  from /home/romi/fawad/ORB_SLAM3/Thirdparty/Sophus/sophus/so2.hpp:12,
[8.651s]                  from /home/romi/fawad/ORB_SLAM3/Thirdparty/Sophus/sophus/se2.hpp:7,
[8.652s]                  from /home/romi/fawad/ORB_SLAM3/Thirdparty/Sophus/sophus/geometry.hpp:7,
[8.652s]                  from /home/romi/fawad/ORB_SLAM3/include/Frame.h:28,
[8.652s]                  from /home/romi/fawad/ORB_SLAM3/include/KeyFrame.h:28,
[8.652s]                  from /home/romi/fawad/ORB_SLAM3/include/MapPoint.h:23,
[8.652s]                  from /home/romi/fawad/ORB_SLAM3/include/FrameDrawer.h:24,
[8.652s]                  from /home/romi/fawad/ORB_SLAM3/include/Viewer.h:23,
[8.652s]                  from /home/romi/fawad/ORB_SLAM3/include/Tracking.h:26,
[8.652s]                  from /home/romi/fawad/ORB_SLAM3/include/System.h:31,
[8.652s]                  from /home/romi/fawad/ros2_ws/src/ORB_SLAM3_ROS2/src/stereo-inertial/stereo-inertial-node.hpp:10,
[8.653s]                  from /home/romi/fawad/ros2_ws/src/ORB_SLAM3_ROS2/src/stereo-inertial/stereo-inertial-node.cpp:1:
[8.653s] /usr/include/eigen3/Eigen/src/Core/util/Constants.h:167:37: note: declared here
[8.653s]   167 | EIGEN_DEPRECATED const unsigned int AlignedBit = 0x80;
[8.653s]       |                                     ^~~~~~~~~~
[8.685s] In file included from /home/romi/fawad/ORB_SLAM3/Thirdparty/g2o/g2o/types/types_six_dof_expmap.h:38,
[8.685s]                  from /home/romi/fawad/ORB_SLAM3/include/Converter.h:26,
[8.685s]                  from /home/romi/fawad/ORB_SLAM3/include/Frame.h:33,
[8.685s]                  from /home/romi/fawad/ORB_SLAM3/include/KeyFrame.h:28,
[8.685s]                  from /home/romi/fawad/ORB_SLAM3/include/MapPoint.h:23,
[8.685s]                  from /home/romi/fawad/ORB_SLAM3/include/FrameDrawer.h:24,
[8.686s]                  from /home/romi/fawad/ORB_SLAM3/include/Viewer.h:23,
[8.686s]                  from /home/romi/fawad/ORB_SLAM3/include/Tracking.h:26,
[8.686s]                  from /home/romi/fawad/ORB_SLAM3/include/System.h:31,
[8.686s]                  from /home/romi/fawad/ros2_ws/src/ORB_SLAM3_ROS2/src/stereo-inertial/stereo-inertial-node.hpp:10,
[8.686s]                  from /home/romi/fawad/ros2_ws/src/ORB_SLAM3_ROS2/src/stereo-inertial/stereo-inertial-node.cpp:1:
[8.686s] /home/romi/fawad/ORB_SLAM3/Thirdparty/g2o/g2o/types/../core/base_binary_edge.h: In instantiation of ‘class g2o::BaseBinaryEdge<6, g2o::SE3Quat, g2o::VertexSE3Expmap, g2o::VertexSE3Expmap>’:
[8.686s] /home/romi/fawad/ORB_SLAM3/Thirdparty/g2o/g2o/types/types_six_dof_expmap.h:83:24:   required from here
[8.686s] /home/romi/fawad/ORB_SLAM3/Thirdparty/g2o/g2o/types/../core/base_binary_edge.h:59:80: warning: ‘Eigen::AlignedBit’ is deprecated [-Wdeprecated-declarations]
[8.686s]    59 |       typedef Eigen::Map<Matrix<double, Di, Dj>, Matrix<double, Di, Dj>::Flags & AlignedBit ? Aligned : Unaligned > HessianBlockType;
[8.686s]       |                                                                          ~~~~~~^~~~~~~~~~~~
[8.686s] In file included from /usr/include/eigen3/Eigen/Core:161,
[8.687s]                  from /usr/include/eigen3/Eigen/LU:11,
[8.687s]                  from /home/romi/fawad/ORB_SLAM3/Thirdparty/Sophus/sophus/so2.hpp:12,
[8.687s]                  from /home/romi/fawad/ORB_SLAM3/Thirdparty/Sophus/sophus/se2.hpp:7,
[8.687s]                  from /home/romi/fawad/ORB_SLAM3/Thirdparty/Sophus/sophus/geometry.hpp:7,
[8.687s]                  from /home/romi/fawad/ORB_SLAM3/include/Frame.h:28,
[8.687s]                  from /home/romi/fawad/ORB_SLAM3/include/KeyFrame.h:28,
[8.687s]                  from /home/romi/fawad/ORB_SLAM3/include/MapPoint.h:23,
[8.687s]                  from /home/romi/fawad/ORB_SLAM3/include/FrameDrawer.h:24,
[8.687s]                  from /home/romi/fawad/ORB_SLAM3/include/Viewer.h:23,
[8.687s]                  from /home/romi/fawad/ORB_SLAM3/include/Tracking.h:26,
[8.687s]                  from /home/romi/fawad/ORB_SLAM3/include/System.h:31,
[8.687s]                  from /home/romi/fawad/ros2_ws/src/ORB_SLAM3_ROS2/src/stereo-inertial/stereo-inertial-node.hpp:10,
[8.688s]                  from /home/romi/fawad/ros2_ws/src/ORB_SLAM3_ROS2/src/stereo-inertial/stereo-inertial-node.cpp:1:
[8.688s] /usr/include/eigen3/Eigen/src/Core/util/Constants.h:167:37: note: declared here
[8.688s]   167 | EIGEN_DEPRECATED const unsigned int AlignedBit = 0x80;
[8.688s]       |                                     ^~~~~~~~~~
[8.688s] In file included from /home/romi/fawad/ORB_SLAM3/Thirdparty/g2o/g2o/types/types_six_dof_expmap.h:38,
[8.688s]                  from /home/romi/fawad/ORB_SLAM3/include/Converter.h:26,
[8.688s]                  from /home/romi/fawad/ORB_SLAM3/include/Frame.h:33,
[8.688s]                  from /home/romi/fawad/ORB_SLAM3/include/KeyFrame.h:28,
[8.688s]                  from /home/romi/fawad/ORB_SLAM3/include/MapPoint.h:23,
[8.688s]                  from /home/romi/fawad/ORB_SLAM3/include/FrameDrawer.h:24,
[8.688s]                  from /home/romi/fawad/ORB_SLAM3/include/Viewer.h:23,
[8.689s]                  from /home/romi/fawad/ORB_SLAM3/include/Tracking.h:26,
[8.689s]                  from /home/romi/fawad/ORB_SLAM3/include/System.h:31,
[8.689s]                  from /home/romi/fawad/ros2_ws/src/ORB_SLAM3_ROS2/src/stereo-inertial/stereo-inertial-node.hpp:10,
[8.689s]                  from /home/romi/fawad/ros2_ws/src/ORB_SLAM3_ROS2/src/stereo-inertial/stereo-inertial-node.cpp:1:
[8.689s] /home/romi/fawad/ORB_SLAM3/Thirdparty/g2o/g2o/types/../core/base_binary_edge.h:60:80: warning: ‘Eigen::AlignedBit’ is deprecated [-Wdeprecated-declarations]
[8.689s]    60 |       typedef Eigen::Map<Matrix<double, Dj, Di>, Matrix<double, Dj, Di>::Flags & AlignedBit ? Aligned : Unaligned > HessianBlockTransposedType;
[8.689s]       |                                                                          ~~~~~~^~~~~~~~~~~~
[8.689s] In file included from /usr/include/eigen3/Eigen/Core:161,
[8.689s]                  from /usr/include/eigen3/Eigen/LU:11,
[8.689s]                  from /home/romi/fawad/ORB_SLAM3/Thirdparty/Sophus/sophus/so2.hpp:12,
[8.689s]                  from /home/romi/fawad/ORB_SLAM3/Thirdparty/Sophus/sophus/se2.hpp:7,
[8.689s]                  from /home/romi/fawad/ORB_SLAM3/Thirdparty/Sophus/sophus/geometry.hpp:7,
[8.690s]                  from /home/romi/fawad/ORB_SLAM3/include/Frame.h:28,
[8.690s]                  from /home/romi/fawad/ORB_SLAM3/include/KeyFrame.h:28,
[8.690s]                  from /home/romi/fawad/ORB_SLAM3/include/MapPoint.h:23,
[8.690s]                  from /home/romi/fawad/ORB_SLAM3/include/FrameDrawer.h:24,
[8.690s]                  from /home/romi/fawad/ORB_SLAM3/include/Viewer.h:23,
[8.690s]                  from /home/romi/fawad/ORB_SLAM3/include/Tracking.h:26,
[8.690s]                  from /home/romi/fawad/ORB_SLAM3/include/System.h:31,
[8.690s]                  from /home/romi/fawad/ros2_ws/src/ORB_SLAM3_ROS2/src/stereo-inertial/stereo-inertial-node.hpp:10,
[8.690s]                  from /home/romi/fawad/ros2_ws/src/ORB_SLAM3_ROS2/src/stereo-inertial/stereo-inertial-node.cpp:1:
[8.690s] /usr/include/eigen3/Eigen/src/Core/util/Constants.h:167:37: note: declared here
[8.691s]   167 | EIGEN_DEPRECATED const unsigned int AlignedBit = 0x80;
[8.691s]       |                                     ^~~~~~~~~~
[8.707s] In file included from /home/romi/fawad/ORB_SLAM3/Thirdparty/g2o/g2o/types/types_six_dof_expmap.h:37,
[8.707s]                  from /home/romi/fawad/ORB_SLAM3/include/Converter.h:26,
[8.707s]                  from /home/romi/fawad/ORB_SLAM3/include/Frame.h:33,
[8.707s]                  from /home/romi/fawad/ORB_SLAM3/include/KeyFrame.h:28,
[8.707s]                  from /home/romi/fawad/ORB_SLAM3/include/MapPoint.h:23,
[8.707s]                  from /home/romi/fawad/ORB_SLAM3/include/FrameDrawer.h:24,
[8.708s]                  from /home/romi/fawad/ORB_SLAM3/include/Viewer.h:23,
[8.708s]                  from /home/romi/fawad/ORB_SLAM3/include/Tracking.h:26,
[8.708s]                  from /home/romi/fawad/ORB_SLAM3/include/System.h:31,
[8.708s]                  from /home/romi/fawad/ros2_ws/src/ORB_SLAM3_ROS2/src/stereo/stereo-slam-node.hpp:13,
[8.708s]                  from /home/romi/fawad/ros2_ws/src/ORB_SLAM3_ROS2/src/stereo/stereo-slam-node.cpp:1:
[8.708s] /home/romi/fawad/ORB_SLAM3/Thirdparty/g2o/g2o/types/../core/base_vertex.h: In instantiation of ‘class g2o::BaseVertex<7, g2o::Sim3>’:
[8.708s] /home/romi/fawad/ORB_SLAM3/Thirdparty/g2o/g2o/types/types_seven_dof_expmap.h:48:35:   required from here
[8.708s] /home/romi/fawad/ORB_SLAM3/Thirdparty/g2o/g2o/types/../core/base_vertex.h:62:72: warning: ‘Eigen::AlignedBit’ is deprecated [-Wdeprecated-declarations]
[8.708s]    62 |     typedef Eigen::Map<Matrix<double, D, D>, Matrix<double,D,D>::Flags & AlignedBit ? Aligned : Unaligned >  HessianBlockType;
[8.708s]       |                                                                  ~~~~~~^~~~~~~~~~~~
[8.708s] In file included from /usr/include/eigen3/Eigen/Core:161,
[8.708s]                  from /usr/include/eigen3/Eigen/LU:11,
[8.709s]                  from /home/romi/fawad/ORB_SLAM3/Thirdparty/Sophus/sophus/so2.hpp:12,
[8.709s]                  from /home/romi/fawad/ORB_SLAM3/Thirdparty/Sophus/sophus/se2.hpp:7,
[8.709s]                  from /home/romi/fawad/ORB_SLAM3/Thirdparty/Sophus/sophus/geometry.hpp:7,
[8.709s]                  from /home/romi/fawad/ORB_SLAM3/include/Frame.h:28,
[8.709s]                  from /home/romi/fawad/ORB_SLAM3/include/KeyFrame.h:28,
[8.709s]                  from /home/romi/fawad/ORB_SLAM3/include/MapPoint.h:23,
[8.709s]                  from /home/romi/fawad/ORB_SLAM3/include/FrameDrawer.h:24,
[8.709s]                  from /home/romi/fawad/ORB_SLAM3/include/Viewer.h:23,
[8.709s]                  from /home/romi/fawad/ORB_SLAM3/include/Tracking.h:26,
[8.709s]                  from /home/romi/fawad/ORB_SLAM3/include/System.h:31,
[8.709s]                  from /home/romi/fawad/ros2_ws/src/ORB_SLAM3_ROS2/src/stereo/stereo-slam-node.hpp:13,
[8.710s]                  from /home/romi/fawad/ros2_ws/src/ORB_SLAM3_ROS2/src/stereo/stereo-slam-node.cpp:1:
[8.710s] /usr/include/eigen3/Eigen/src/Core/util/Constants.h:167:37: note: declared here
[8.710s]   167 | EIGEN_DEPRECATED const unsigned int AlignedBit = 0x80;
[8.710s]       |                                     ^~~~~~~~~~
[8.716s] In file included from /home/romi/fawad/ORB_SLAM3/Thirdparty/g2o/g2o/types/types_six_dof_expmap.h:37,
[8.716s]                  from /home/romi/fawad/ORB_SLAM3/include/Converter.h:26,
[8.716s]                  from /home/romi/fawad/ORB_SLAM3/include/Frame.h:33,
[8.716s]                  from /home/romi/fawad/ORB_SLAM3/include/KeyFrame.h:28,
[8.716s]                  from /home/romi/fawad/ORB_SLAM3/include/MapPoint.h:23,
[8.716s]                  from /home/romi/fawad/ORB_SLAM3/include/FrameDrawer.h:24,
[8.716s]                  from /home/romi/fawad/ORB_SLAM3/include/Viewer.h:23,
[8.716s]                  from /home/romi/fawad/ORB_SLAM3/include/Tracking.h:26,
[8.716s]                  from /home/romi/fawad/ORB_SLAM3/include/System.h:31,
[8.716s]                  from /home/romi/fawad/ros2_ws/src/ORB_SLAM3_ROS2/src/monocular/monocular-slam-node.hpp:9,
[8.716s]                  from /home/romi/fawad/ros2_ws/src/ORB_SLAM3_ROS2/src/monocular/mono.cpp:7:
[8.717s] /home/romi/fawad/ORB_SLAM3/Thirdparty/g2o/g2o/types/../core/base_vertex.h: In instantiation of ‘class g2o::BaseVertex<3, Eigen::Matrix<double, 3, 1> >’:
[8.717s] /home/romi/fawad/ORB_SLAM3/Thirdparty/g2o/g2o/types/types_sba.h:40:35:   required from here
[8.717s] /home/romi/fawad/ORB_SLAM3/Thirdparty/g2o/g2o/types/../core/base_vertex.h:62:72: warning: ‘Eigen::AlignedBit’ is deprecated [-Wdeprecated-declarations]
[8.717s]    62 |  Eigen::Map<Matrix<double, D, D>, Matrix<double,D,D>::Flags & AlignedBit ? Aligned : Unaligned >  HessianBlockType;
[8.717s]       |                                                       ~~~~~~^~~~~~~~~~~~
[8.717s] 
[8.717s] In file included from /usr/include/eigen3/Eigen/Core:161,
[8.717s]                  from /usr/include/eigen3/Eigen/LU:11,
[8.717s]                  from /home/romi/fawad/ORB_SLAM3/Thirdparty/Sophus/sophus/so2.hpp:12,
[8.717s]                  from /home/romi/fawad/ORB_SLAM3/Thirdparty/Sophus/sophus/se2.hpp:7,
[8.717s]                  from /home/romi/fawad/ORB_SLAM3/Thirdparty/Sophus/sophus/geometry.hpp:7,
[8.718s]                  from /home/romi/fawad/ORB_SLAM3/include/Frame.h:28,
[8.718s]                  from /home/romi/fawad/ORB_SLAM3/include/KeyFrame.h:28,
[8.718s]                  from /home/romi/fawad/ORB_SLAM3/include/MapPoint.h:23,
[8.718s]                  from /home/romi/fawad/ORB_SLAM3/include/FrameDrawer.h:24,
[8.718s]                  from /home/romi/fawad/ORB_SLAM3/include/Viewer.h:23,
[8.718s]                  from /home/romi/fawad/ORB_SLAM3/include/Tracking.h:26,
[8.718s]                  from /home/romi/fawad/ORB_SLAM3/include/System.h:31,
[8.718s]                  from /home/romi/fawad/ros2_ws/src/ORB_SLAM3_ROS2/src/monocular/monocular-slam-node.hpp:9,
[8.718s]                  from /home/romi/fawad/ros2_ws/src/ORB_SLAM3_ROS2/src/monocular/mono.cpp:7:
[8.718s] /usr/include/eigen3/Eigen/src/Core/util/Constants.h:167:37: note: declared here
[8.718s]   167 | EIGEN_DEPRECATED const unsigned int AlignedBit = 0x80;
[8.718s]       |                                     ^~~~~~~~~~
[8.720s] In file included from /home/romi/fawad/ORB_SLAM3/Thirdparty/g2o/g2o/types/types_six_dof_expmap.h:37,
[8.720s]                  from /home/romi/fawad/ORB_SLAM3/include/Converter.h:26,
[8.720s]                  from /home/romi/fawad/ORB_SLAM3/include/Frame.h:33,
[8.720s]                  from /home/romi/fawad/ORB_SLAM3/include/KeyFrame.h:28,
[8.720s]                  from /home/romi/fawad/ORB_SLAM3/include/MapPoint.h:23,
[8.720s]                  from /home/romi/fawad/ORB_SLAM3/include/FrameDrawer.h:24,
[8.720s]                  from /home/romi/fawad/ORB_SLAM3/include/Viewer.h:23,
[8.720s]                  from /home/romi/fawad/ORB_SLAM3/include/Tracking.h:26,
[8.720s]                  from /home/romi/fawad/ORB_SLAM3/include/System.h:31,
[8.720s]                  from /home/romi/fawad/ros2_ws/src/ORB_SLAM3_ROS2/src/rgbd/rgbd-slam-node.hpp:18,
[8.720s]                  from /home/romi/fawad/ros2_ws/src/ORB_SLAM3_ROS2/src/rgbd/rgbd.cpp:7:
[8.721s] /home/romi/fawad/ORB_SLAM3/Thirdparty/g2o/g2o/types/../core/base_vertex.h: In instantiation of ‘class g2o::BaseVertex<3, Eigen::Matrix<double, 3, 1> >’:
[8.721s] /home/romi/fawad/ORB_SLAM3/Thirdparty/g2o/g2o/types/types_sba.h:40:35:   required from here
[8.721s] /home/romi/fawad/ORB_SLAM3/Thirdparty/g2o/g2o/types/../core/base_vertex.h:62:72: warning: ‘Eigen::AlignedBit’ is deprecated [-Wdeprecated-declarations]
[8.721s]    62 |     typedef Eigen::Map<Matrix<double, D, D>, Matrix<double,D,D>::Flags & AlignedBit ? Aligned : Unaligned >  HessianBlockType;
[8.721s]       |                                                                  ~~~~~~^~~~~~~~~~~~
[8.721s] In file included from /usr/include/eigen3/Eigen/Core:161,
[8.721s]                  from /usr/include/eigen3/Eigen/LU:11,
[8.721s]                  from /home/romi/fawad/ORB_SLAM3/Thirdparty/Sophus/sophus/so2.hpp:12,
[8.721s]                  from /home/romi/fawad/ORB_SLAM3/Thirdparty/Sophus/sophus/se2.hpp:7,
[8.721s]                  from /home/romi/fawad/ORB_SLAM3/Thirdparty/Sophus/sophus/geometry.hpp:7,
[8.721s]                  from /home/romi/fawad/ORB_SLAM3/include/Frame.h:28,
[8.722s]                  from /home/romi/fawad/ORB_SLAM3/include/KeyFrame.h:28,
[8.722s]                  from /home/romi/fawad/ORB_SLAM3/include/MapPoint.h:23,
[8.722s]                  from /home/romi/fawad/ORB_SLAM3/include/FrameDrawer.h:24,
[8.722s]                  from /home/romi/fawad/ORB_SLAM3/include/Viewer.h:23,
[8.722s]                  from /home/romi/fawad/ORB_SLAM3/include/Tracking.h:26,
[8.722s]                  from /home/romi/fawad/ORB_SLAM3/include/System.h:31,
[8.722s]                  from /home/romi/fawad/ros2_ws/src/ORB_SLAM3_ROS2/src/rgbd/rgbd-slam-node.hpp:18,
[8.722s]                  from /home/romi/fawad/ros2_ws/src/ORB_SLAM3_ROS2/src/rgbd/rgbd.cpp:7:
[8.722s] /usr/include/eigen3/Eigen/src/Core/util/Constants.h:167:37: note: declared here
[8.722s]   167 | EIGEN_DEPRECATED const unsigned int AlignedBit = 0x80;
[8.722s]       |                                     ^~~~~~~~~~
[8.750s] In file included from /home/romi/fawad/ORB_SLAM3/Thirdparty/g2o/g2o/types/types_six_dof_expmap.h:37,
[8.750s]                  from /home/romi/fawad/ORB_SLAM3/include/Converter.h:26,
[8.750s]                  from /home/romi/fawad/ORB_SLAM3/include/Frame.h:33,
[8.750s]                  from /home/romi/fawad/ORB_SLAM3/include/KeyFrame.h:28,
[8.750s]                  from /home/romi/fawad/ORB_SLAM3/include/MapPoint.h:23,
[8.751s]                  from /home/romi/fawad/ORB_SLAM3/include/FrameDrawer.h:24,
[8.751s]                  from /home/romi/fawad/ORB_SLAM3/include/Viewer.h:23,
[8.751s]                  from /home/romi/fawad/ORB_SLAM3/include/Tracking.h:26,
[8.751s]                  from /home/romi/fawad/ORB_SLAM3/include/System.h:31,
[8.751s]                  from /home/romi/fawad/ros2_ws/src/ORB_SLAM3_ROS2/src/monocular/monocular-slam-node.hpp:9,
[8.751s]                  from /home/romi/fawad/ros2_ws/src/ORB_SLAM3_ROS2/src/monocular/mono.cpp:7:
[8.751s] /home/romi/fawad/ORB_SLAM3/Thirdparty/g2o/g2o/types/../core/base_vertex.h: In instantiation of ‘class g2o::BaseVertex<6, g2o::SE3Quat>’:
[8.751s] /home/romi/fawad/ORB_SLAM3/Thirdparty/g2o/g2o/types/types_six_dof_expmap.h:59:33:   required from here
[8.751s] /home/romi/fawad/ORB_SLAM3/Thirdparty/g2o/g2o/types/../core/base_vertex.h:62:72: warning: ‘Eigen::AlignedBit’ is deprecated [-Wdeprecated-declarations]
[8.751s]    62 |  Eigen::Map<Matrix<double, D, D>, Matrix<double,D,D>::Flags & AlignedBit ? Aligned : Unaligned >  HessianBlockType;
[8.751s]       |                                                       ~~~~~~^~~~~~~~~~~~
[8.752s] 
[8.752s] In file included from /usr/include/eigen3/Eigen/Core:161,
[8.752s]                  from /usr/include/eigen3/Eigen/LU:11,
[8.752s]                  from /home/romi/fawad/ORB_SLAM3/Thirdparty/Sophus/sophus/so2.hpp:12,
[8.752s]                  from /home/romi/fawad/ORB_SLAM3/Thirdparty/Sophus/sophus/se2.hpp:7,
[8.752s]                  from /home/romi/fawad/ORB_SLAM3/Thirdparty/Sophus/sophus/geometry.hpp:7,
[8.752s]                  from /home/romi/fawad/ORB_SLAM3/include/Frame.h:28,
[8.752s]                  from /home/romi/fawad/ORB_SLAM3/include/KeyFrame.h:28,
[8.752s]                  from /home/romi/fawad/ORB_SLAM3/include/MapPoint.h:23,
[8.752s]                  from /home/romi/fawad/ORB_SLAM3/include/FrameDrawer.h:24,
[8.752s]                  from /home/romi/fawad/ORB_SLAM3/include/Viewer.h:23,
[8.752s]                  from /home/romi/fawad/ORB_SLAM3/include/Tracking.h:26,
[8.753s]                  from /home/romi/fawad/ORB_SLAM3/include/System.h:31,
[8.753s]                  from /home/romi/fawad/ros2_ws/src/ORB_SLAM3_ROS2/src/monocular/monocular-slam-node.hpp:9,
[8.753s]                  from /home/romi/fawad/ros2_ws/src/ORB_SLAM3_ROS2/src/monocular/mono.cpp:7:
[8.753s] /usr/include/eigen3/Eigen/src/Core/util/Constants.h:167:37: note: declared here
[8.753s]   167 | EIGEN_DEPRECATED const unsigned int AlignedBit = 0x80;
[8.753s]       |                                     ^~~~~~~~~~
[8.761s] In file included from /home/romi/fawad/ORB_SLAM3/Thirdparty/g2o/g2o/types/types_six_dof_expmap.h:38,
[8.762s]                  from /home/romi/fawad/ORB_SLAM3/include/Converter.h:26,
[8.762s]                  from /home/romi/fawad/ORB_SLAM3/include/Frame.h:33,
[8.762s]                  from /home/romi/fawad/ORB_SLAM3/include/KeyFrame.h:28,
[8.762s]                  from /home/romi/fawad/ORB_SLAM3/include/MapPoint.h:23,
[8.762s]                  from /home/romi/fawad/ORB_SLAM3/include/FrameDrawer.h:24,
[8.762s]                  from /home/romi/fawad/ORB_SLAM3/include/Viewer.h:23,
[8.762s]                  from /home/romi/fawad/ORB_SLAM3/include/Tracking.h:26,
[8.762s]                  from /home/romi/fawad/ORB_SLAM3/include/System.h:31,
[8.762s]                  from /home/romi/fawad/ros2_ws/src/ORB_SLAM3_ROS2/src/stereo/stereo-slam-node.hpp:13,
[8.762s]                  from /home/romi/fawad/ros2_ws/src/ORB_SLAM3_ROS2/src/stereo/stereo-slam-node.cpp:1:
[8.763s] /home/romi/fawad/ORB_SLAM3/Thirdparty/g2o/g2o/types/../core/base_binary_edge.h: In instantiation of ‘class g2o::BaseBinaryEdge<7, g2o::Sim3, g2o::VertexSim3Expmap, g2o::VertexSim3Expmap>’:
[8.763s] /home/romi/fawad/ORB_SLAM3/Thirdparty/g2o/g2o/types/types_seven_dof_expmap.h:99:27:   required from here
[8.763s] /home/romi/fawad/ORB_SLAM3/Thirdparty/g2o/g2o/types/../core/base_binary_edge.h:59:80: warning: ‘Eigen::AlignedBit’ is deprecated [-Wdeprecated-declarations]
[8.763s]    59 |       typedef Eigen::Map<Matrix<double, Di, Dj>, Matrix<double, Di, Dj>::Flags & AlignedBit ? Aligned : Unaligned > HessianBlockType;
[8.763s]       |                                                                          ~~~~~~^~~~~~~~~~~~
[8.763s] In file included from /usr/include/eigen3/Eigen/Core:161,
[8.763s]                  from /usr/include/eigen3/Eigen/LU:11,
[8.763s]                  from /home/romi/fawad/ORB_SLAM3/Thirdparty/Sophus/sophus/so2.hpp:12,
[8.763s]                  from /home/romi/fawad/ORB_SLAM3/Thirdparty/Sophus/sophus/se2.hpp:7,
[8.763s]                  from /home/romi/fawad/ORB_SLAM3/Thirdparty/Sophus/sophus/geometry.hpp:7,
[8.763s]                  from /home/romi/fawad/ORB_SLAM3/include/Frame.h:28,
[8.764s]                  from /home/romi/fawad/ORB_SLAM3/include/KeyFrame.h:28,
[8.764s]                  from /home/romi/fawad/ORB_SLAM3/include/MapPoint.h:23,
[8.764s]                  from /home/romi/fawad/ORB_SLAM3/include/FrameDrawer.h:24,
[8.764s]                  from /home/romi/fawad/ORB_SLAM3/include/Viewer.h:23,
[8.764s]                  from /home/romi/fawad/ORB_SLAM3/include/Tracking.h:26,
[8.764s]                  from /home/romi/fawad/ORB_SLAM3/include/System.h:31,
[8.764s]                  from /home/romi/fawad/ros2_ws/src/ORB_SLAM3_ROS2/src/stereo/stereo-slam-node.hpp:13,
[8.764s]                  from /home/romi/fawad/ros2_ws/src/ORB_SLAM3_ROS2/src/stereo/stereo-slam-node.cpp:1:
[8.764s] /usr/include/eigen3/Eigen/src/Core/util/Constants.h:167:37: note: declared here
[8.764s]   167 | EIGEN_DEPRECATED const unsigned int AlignedBit = 0x80;
[8.764s]       |                                     ^~~~~~~~~~
[8.765s] In file included from /home/romi/fawad/ORB_SLAM3/Thirdparty/g2o/g2o/types/types_six_dof_expmap.h:38,
[8.765s]                  from /home/romi/fawad/ORB_SLAM3/include/Converter.h:26,
[8.765s]                  from /home/romi/fawad/ORB_SLAM3/include/Frame.h:33,
[8.765s]                  from /home/romi/fawad/ORB_SLAM3/include/KeyFrame.h:28,
[8.765s]                  from /home/romi/fawad/ORB_SLAM3/include/MapPoint.h:23,
[8.765s]                  from /home/romi/fawad/ORB_SLAM3/include/FrameDrawer.h:24,
[8.765s]                  from /home/romi/fawad/ORB_SLAM3/include/Viewer.h:23,
[8.765s]                  from /home/romi/fawad/ORB_SLAM3/include/Tracking.h:26,
[8.765s]                  from /home/romi/fawad/ORB_SLAM3/include/System.h:31,
[8.765s]                  from /home/romi/fawad/ros2_ws/src/ORB_SLAM3_ROS2/src/stereo/stereo-slam-node.hpp:13,
[8.766s]                  from /home/romi/fawad/ros2_ws/src/ORB_SLAM3_ROS2/src/stereo/stereo-slam-node.cpp:1:
[8.766s] /home/romi/fawad/ORB_SLAM3/Thirdparty/g2o/g2o/types/../core/base_binary_edge.h:60:80: warning: ‘Eigen::AlignedBit’ is deprecated [-Wdeprecated-declarations]
[8.766s]    60 |       typedef Eigen::Map<Matrix<double, Dj, Di>, Matrix<double, Dj, Di>::Flags & AlignedBit ? Aligned : Unaligned > HessianBlockTransposedType;
[8.766s]       |                                                                          ~~~~~~^~~~~~~~~~~~
[8.766s] In file included from /usr/include/eigen3/Eigen/Core:161,
[8.766s]                  from /usr/include/eigen3/Eigen/LU:11,
[8.766s]                  from /home/romi/fawad/ORB_SLAM3/Thirdparty/Sophus/sophus/so2.hpp:12,
[8.766s]                  from /home/romi/fawad/ORB_SLAM3/Thirdparty/Sophus/sophus/se2.hpp:7,
[8.766s]                  from /home/romi/fawad/ORB_SLAM3/Thirdparty/Sophus/sophus/geometry.hpp:7,
[8.766s]                  from /home/romi/fawad/ORB_SLAM3/include/Frame.h:28,
[8.767s]                  from /home/romi/fawad/ORB_SLAM3/include/KeyFrame.h:28,
[8.767s]                  from /home/romi/fawad/ORB_SLAM3/include/MapPoint.h:23,
[8.767s]                  from /home/romi/fawad/ORB_SLAM3/include/FrameDrawer.h:24,
[8.767s]                  from /home/romi/fawad/ORB_SLAM3/include/Viewer.h:23,
[8.767s]                  from /home/romi/fawad/ORB_SLAM3/include/Tracking.h:26,
[8.767s]                  from /home/romi/fawad/ORB_SLAM3/include/System.h:31,
[8.767s]                  from /home/romi/fawad/ros2_ws/src/ORB_SLAM3_ROS2/src/stereo/stereo-slam-node.hpp:13,
[8.767s]                  from /home/romi/fawad/ros2_ws/src/ORB_SLAM3_ROS2/src/stereo/stereo-slam-node.cpp:1:
[8.767s] /usr/include/eigen3/Eigen/src/Core/util/Constants.h:167:37: note: declared here
[8.767s]   167 | EIGEN_DEPRECATED const unsigned int AlignedBit = 0x80;
[8.768s]       |                                     ^~~~~~~~~~
[8.768s] In file included from /home/romi/fawad/ORB_SLAM3/Thirdparty/g2o/g2o/types/types_six_dof_expmap.h:37,
[8.769s]                  from /home/romi/fawad/ORB_SLAM3/include/Converter.h:26,
[8.769s]                  from /home/romi/fawad/ORB_SLAM3/include/Frame.h:33,
[8.769s]                  from /home/romi/fawad/ORB_SLAM3/include/KeyFrame.h:28,
[8.769s]                  from /home/romi/fawad/ORB_SLAM3/include/MapPoint.h:23,
[8.769s]                  from /home/romi/fawad/ORB_SLAM3/include/FrameDrawer.h:24,
[8.769s]                  from /home/romi/fawad/ORB_SLAM3/include/Viewer.h:23,
[8.769s]                  from /home/romi/fawad/ORB_SLAM3/include/Tracking.h:26,
[8.769s]                  from /home/romi/fawad/ORB_SLAM3/include/System.h:31,
[8.769s]                  from /home/romi/fawad/ros2_ws/src/ORB_SLAM3_ROS2/src/stereo-inertial/stereo-inertial-node.hpp:10,
[8.769s]                  from /home/romi/fawad/ros2_ws/src/ORB_SLAM3_ROS2/src/stereo-inertial/stereo-inertial.cpp:7:
[8.769s] /home/romi/fawad/ORB_SLAM3/Thirdparty/g2o/g2o/types/../core/base_vertex.h: At global scope:
[8.770s] /home/romi/fawad/ORB_SLAM3/Thirdparty/g2o/g2o/types/../core/base_vertex.h:62:74: warning: ‘Eigen::AlignedBit’ is deprecated [-Wdeprecated-declarations]
[8.770s]    62 |     typedef Eigen::Map<Matrix<double, D, D>, Matrix<double,D,D>::Flags & AlignedBit ? Aligned : Unaligned >  HessianBlockType;
[8.770s]       |                                                                          ^~~~~~~~~~
[8.770s] In file included from /home/romi/fawad/ORB_SLAM3/Thirdparty/g2o/g2o/types/types_six_dof_expmap.h:37,
[8.770s]                  from /home/romi/fawad/ORB_SLAM3/include/Converter.h:26,
[8.770s]                  from /home/romi/fawad/ORB_SLAM3/include/Frame.h:33,
[8.770s]                  from /home/romi/fawad/ORB_SLAM3/include/KeyFrame.h:28,
[8.770s]                  from /home/romi/fawad/ORB_SLAM3/include/MapPoint.h:23,
[8.770s]                  from /home/romi/fawad/ORB_SLAM3/include/FrameDrawer.h:24,
[8.770s]                  from /home/romi/fawad/ORB_SLAM3/include/Viewer.h:23,
[8.770s]                  from /home/romi/fawad/ORB_SLAM3/include/Tracking.h:26,
[8.771s]                  from /home/romi/fawad/ORB_SLAM3/include/System.h:31,
[8.771s]                  from /home/romi/fawad/ros2_ws/src/ORB_SLAM3_ROS2/src/rgbd/rgbd-slam-node.hpp:18,
[8.771s]                  from /home/romi/fawad/ros2_ws/src/ORB_SLAM3_ROS2/src/rgbd/rgbd.cpp:7:
[8.771s] /home/romi/fawad/ORB_SLAM3/Thirdparty/g2o/g2o/types/../core/base_vertex.h: In instantiation of ‘class g2o::BaseVertex<6, g2o::SE3Quat>’:
[8.771s] /home/romi/fawad/ORB_SLAM3/Thirdparty/g2o/g2o/types/types_six_dof_expmap.h:59:33:   required from here
[8.771s] /home/romi/fawad/ORB_SLAM3/Thirdparty/g2o/g2o/types/../core/base_vertex.h:62:72: warning: ‘Eigen::AlignedBit’ is deprecated [-Wdeprecated-declarations]
[8.771s]    62 |     typedef Eigen::Map<Matrix<double, D, D>, Matrix<double,D,D>::Flags & AlignedBit ? Aligned : Unaligned >  HessianBlockType;
[8.771s]       |                                                                  ~~~~~~^~~~~~~~~~~~
[8.771s] In file included from /usr/include/eigen3/Eigen/Core:161,
[8.771s]                  from /usr/include/eigen3/Eigen/LU:11,
[8.771s]                  from /home/romi/fawad/ORB_SLAM3/Thirdparty/Sophus/sophus/so2.hpp:12,
[8.772s]                  from /home/romi/fawad/ORB_SLAM3/Thirdparty/Sophus/sophus/se2.hpp:7,
[8.772s]                  from /home/romi/fawad/ORB_SLAM3/Thirdparty/Sophus/sophus/geometry.hpp:7,
[8.772s]                  from /home/romi/fawad/ORB_SLAM3/include/Frame.h:28,
[8.772s]                  from /home/romi/fawad/ORB_SLAM3/include/KeyFrame.h:28,
[8.772s]                  from /home/romi/fawad/ORB_SLAM3/include/MapPoint.h:23,
[8.772s]                  from /home/romi/fawad/ORB_SLAM3/include/FrameDrawer.h:24,
[8.772s]                  from /home/romi/fawad/ORB_SLAM3/include/Viewer.h:23,
[8.772s]                  from /home/romi/fawad/ORB_SLAM3/include/Tracking.h:26,
[8.772s]                  from /home/romi/fawad/ORB_SLAM3/include/System.h:31,
[8.772s]                  from /home/romi/fawad/ros2_ws/src/ORB_SLAM3_ROS2/src/rgbd/rgbd-slam-node.hpp:18,
[8.772s]                  from /home/romi/fawad/ros2_ws/src/ORB_SLAM3_ROS2/src/rgbd/rgbd.cpp:7:
[8.772s] /usr/include/eigen3/Eigen/src/Core/util/Constants.h:167:37: note: declared here
[8.773s]   167 | EIGEN_DEPRECATED const unsigned int AlignedBit = 0x80;
[8.773s]       |                                     ^~~~~~~~~~
[8.773s] In file included from /usr/include/eigen3/Eigen/Core:161,
[8.773s]                  from /usr/include/eigen3/Eigen/LU:11,
[8.773s]                  from /home/romi/fawad/ORB_SLAM3/Thirdparty/Sophus/sophus/so2.hpp:12,
[8.773s]                  from /home/romi/fawad/ORB_SLAM3/Thirdparty/Sophus/sophus/se2.hpp:7,
[8.773s]                  from /home/romi/fawad/ORB_SLAM3/Thirdparty/Sophus/sophus/geometry.hpp:7,
[8.773s]                  from /home/romi/fawad/ORB_SLAM3/include/Frame.h:28,
[8.773s]                  from /home/romi/fawad/ORB_SLAM3/include/KeyFrame.h:28,
[8.773s]                  from /home/romi/fawad/ORB_SLAM3/include/MapPoint.h:23,
[8.774s]                  from /home/romi/fawad/ORB_SLAM3/include/FrameDrawer.h:24,
[8.774s]                  from /home/romi/fawad/ORB_SLAM3/include/Viewer.h:23,
[8.774s]                  from /home/romi/fawad/ORB_SLAM3/include/Tracking.h:26,
[8.774s]                  from /home/romi/fawad/ORB_SLAM3/include/System.h:31,
[8.774s]                  from /home/romi/fawad/ros2_ws/src/ORB_SLAM3_ROS2/src/stereo-inertial/stereo-inertial-node.hpp:10,
[8.774s]                  from /home/romi/fawad/ros2_ws/src/ORB_SLAM3_ROS2/src/stereo-inertial/stereo-inertial.cpp:7:
[8.774s] /usr/include/eigen3/Eigen/src/Core/util/Constants.h:167:37: note: declared here
[8.774s]   167 | EIGEN_DEPRECATED const unsigned int AlignedBit = 0x80;
[8.774s]       |                                     ^~~~~~~~~~
[8.776s] In file included from /home/romi/fawad/ORB_SLAM3/Thirdparty/g2o/g2o/types/types_six_dof_expmap.h:38,
[8.776s]                  from /home/romi/fawad/ORB_SLAM3/include/Converter.h:26,
[8.777s]                  from /home/romi/fawad/ORB_SLAM3/include/Frame.h:33,
[8.777s]                  from /home/romi/fawad/ORB_SLAM3/include/KeyFrame.h:28,
[8.777s]                  from /home/romi/fawad/ORB_SLAM3/include/MapPoint.h:23,
[8.777s]                  from /home/romi/fawad/ORB_SLAM3/include/FrameDrawer.h:24,
[8.777s]                  from /home/romi/fawad/ORB_SLAM3/include/Viewer.h:23,
[8.777s]                  from /home/romi/fawad/ORB_SLAM3/include/Tracking.h:26,
[8.777s]                  from /home/romi/fawad/ORB_SLAM3/include/System.h:31,
[8.777s]                  from /home/romi/fawad/ros2_ws/src/ORB_SLAM3_ROS2/src/stereo-inertial/stereo-inertial-node.hpp:10,
[8.777s]                  from /home/romi/fawad/ros2_ws/src/ORB_SLAM3_ROS2/src/stereo-inertial/stereo-inertial-node.cpp:1:
[8.777s] /home/romi/fawad/ORB_SLAM3/Thirdparty/g2o/g2o/types/../core/base_binary_edge.h: In instantiation of ‘class g2o::BaseBinaryEdge<2, Eigen::Matrix<double, 2, 1>, g2o::VertexSBAPointXYZ, g2o::VertexSE3Expmap>’:
[8.777s] /home/romi/fawad/ORB_SLAM3/Thirdparty/g2o/g2o/types/types_six_dof_expmap.h:114:35:   required from here
[8.778s] /home/romi/fawad/ORB_SLAM3/Thirdparty/g2o/g2o/types/../core/base_binary_edge.h:59:80: warning: ‘Eigen::AlignedBit’ is deprecated [-Wdeprecated-declarations]
[8.778s]    59 |       typedef Eigen::Map<Matrix<double, Di, Dj>, Matrix<double, Di, Dj>::Flags & AlignedBit ? Aligned : Unaligned > HessianBlockType;
[8.778s]       |                                                                          ~~~~~~^~~~~~~~~~~~
[8.778s] In file included from /usr/include/eigen3/Eigen/Core:161,
[8.778s]                  from /usr/include/eigen3/Eigen/LU:11,
[8.778s]                  from /home/romi/fawad/ORB_SLAM3/Thirdparty/Sophus/sophus/so2.hpp:12,
[8.778s]                  from /home/romi/fawad/ORB_SLAM3/Thirdparty/Sophus/sophus/se2.hpp:7,
[8.778s]                  from /home/romi/fawad/ORB_SLAM3/Thirdparty/Sophus/sophus/geometry.hpp:7,
[8.778s]                  from /home/romi/fawad/ORB_SLAM3/include/Frame.h:28,
[8.778s]                  from /home/romi/fawad/ORB_SLAM3/include/KeyFrame.h:28,
[8.779s]                  from /home/romi/fawad/ORB_SLAM3/include/MapPoint.h:23,
[8.779s]                  from /home/romi/fawad/ORB_SLAM3/include/FrameDrawer.h:24,
[8.779s]                  from /home/romi/fawad/ORB_SLAM3/include/Viewer.h:23,
[8.779s]                  from /home/romi/fawad/ORB_SLAM3/include/Tracking.h:26,
[8.779s]                  from /home/romi/fawad/ORB_SLAM3/include/System.h:31,
[8.779s]                  from /home/romi/fawad/ros2_ws/src/ORB_SLAM3_ROS2/src/stereo-inertial/stereo-inertial-node.hpp:10,
[8.779s]                  from /home/romi/fawad/ros2_ws/src/ORB_SLAM3_ROS2/src/stereo-inertial/stereo-inertial-node.cpp:1:
[8.779s] /usr/include/eigen3/Eigen/src/Core/util/Constants.h:167:37: note: declared here
[8.779s]   167 | EIGEN_DEPRECATED const unsigned int AlignedBit = 0x80;
[8.779s]       |                                     ^~~~~~~~~~
[8.787s] In file included from /home/romi/fawad/ORB_SLAM3/Thirdparty/g2o/g2o/types/types_six_dof_expmap.h:38,
[8.788s]                  from /home/romi/fawad/ORB_SLAM3/include/Converter.h:26,
[8.788s]                  from /home/romi/fawad/ORB_SLAM3/include/Frame.h:33,
[8.788s]                  from /home/romi/fawad/ORB_SLAM3/include/KeyFrame.h:28,
[8.788s]                  from /home/romi/fawad/ORB_SLAM3/include/MapPoint.h:23,
[8.788s]                  from /home/romi/fawad/ORB_SLAM3/include/FrameDrawer.h:24,
[8.788s]                  from /home/romi/fawad/ORB_SLAM3/include/Viewer.h:23,
[8.788s]                  from /home/romi/fawad/ORB_SLAM3/include/Tracking.h:26,
[8.788s]                  from /home/romi/fawad/ORB_SLAM3/include/System.h:31,
[8.788s]                  from /home/romi/fawad/ros2_ws/src/ORB_SLAM3_ROS2/src/monocular/monocular-slam-node.hpp:9,
[8.788s]                  from /home/romi/fawad/ros2_ws/src/ORB_SLAM3_ROS2/src/monocular/mono.cpp:7:
[8.789s] /home/romi/fawad/ORB_SLAM3/Thirdparty/g2o/g2o/types/../core/base_binary_edge.h: In instantiation of ‘class g2o::BaseBinaryEdge<6, g2o::SE3Quat, g2o::VertexSE3Expmap, g2o::VertexSE3Expmap>’:
[8.789s] /home/romi/fawad/ORB_SLAM3/Thirdparty/g2o/g2o/types/types_six_dof_expmap.h:83:24:   required from here
[8.789s] /home/romi/fawad/ORB_SLAM3/Thirdparty/g2o/g2o/types/../core/base_binary_edge.h:59:80: warning: ‘Eigen::AlignedBit’ is deprecated [-Wdeprecated-declarations]
[8.789s]    59 | ::Map<Matrix<double, Di, Dj>, Matrix<double, Di, Dj>::Flags & AlignedBit ? Aligned : Unaligned > HessianBlockType;
[8.789s]       |                                                       ~~~~~~^~~~~~~~~~~~
[8.789s] 
[8.789s] In file included from /usr/include/eigen3/Eigen/Core:161,
[8.789s]                  from /usr/include/eigen3/Eigen/LU:11,
[8.789s]                  from /home/romi/fawad/ORB_SLAM3/Thirdparty/Sophus/sophus/so2.hpp:12,
[8.789s]                  from /home/romi/fawad/ORB_SLAM3/Thirdparty/Sophus/sophus/se2.hpp:7,
[8.789s]                  from /home/romi/fawad/ORB_SLAM3/Thirdparty/Sophus/sophus/geometry.hpp:7,
[8.790s]                  from /home/romi/fawad/ORB_SLAM3/include/Frame.h:28,
[8.790s]                  from /home/romi/fawad/ORB_SLAM3/include/KeyFrame.h:28,
[8.790s]                  from /home/romi/fawad/ORB_SLAM3/include/MapPoint.h:23,
[8.790s]                  from /home/romi/fawad/ORB_SLAM3/include/FrameDrawer.h:24,
[8.790s]                  from /home/romi/fawad/ORB_SLAM3/include/Viewer.h:23,
[8.790s]                  from /home/romi/fawad/ORB_SLAM3/include/Tracking.h:26,
[8.790s]                  from /home/romi/fawad/ORB_SLAM3/include/System.h:31,
[8.790s]                  from /home/romi/fawad/ros2_ws/src/ORB_SLAM3_ROS2/src/monocular/monocular-slam-node.hpp:9,
[8.790s]                  from /home/romi/fawad/ros2_ws/src/ORB_SLAM3_ROS2/src/monocular/mono.cpp:7:
[8.790s] /usr/include/eigen3/Eigen/src/Core/util/Constants.h:167:37: note: declared here
[8.790s]   167 | EIGEN_DEPRECATED const unsigned int AlignedBit = 0x80;
[8.791s]       |                                     ^~~~~~~~~~
[8.791s] In file included from /home/romi/fawad/ORB_SLAM3/Thirdparty/g2o/g2o/types/types_six_dof_expmap.h:38,
[8.791s]                  from /home/romi/fawad/ORB_SLAM3/include/Converter.h:26,
[8.791s]                  from /home/romi/fawad/ORB_SLAM3/include/Frame.h:33,
[8.791s]                  from /home/romi/fawad/ORB_SLAM3/include/KeyFrame.h:28,
[8.791s]                  from /home/romi/fawad/ORB_SLAM3/include/MapPoint.h:23,
[8.792s]                  from /home/romi/fawad/ORB_SLAM3/include/FrameDrawer.h:24,
[8.792s]                  from /home/romi/fawad/ORB_SLAM3/include/Viewer.h:23,
[8.792s]                  from /home/romi/fawad/ORB_SLAM3/include/Tracking.h:26,
[8.792s]                  from /home/romi/fawad/ORB_SLAM3/include/System.h:31,
[8.792s]                  from /home/romi/fawad/ros2_ws/src/ORB_SLAM3_ROS2/src/monocular/monocular-slam-node.hpp:9,
[8.792s]                  from /home/romi/fawad/ros2_ws/src/ORB_SLAM3_ROS2/src/monocular/mono.cpp:7:
[8.792s] /home/romi/fawad/ORB_SLAM3/Thirdparty/g2o/g2o/types/../core/base_binary_edge.h:60:80: warning: ‘Eigen::AlignedBit’ is deprecated [-Wdeprecated-declarations]
[8.792s]    60 | ::Map<Matrix<double, Dj, Di>, Matrix<double, Dj, Di>::Flags & AlignedBit ? Aligned : Unaligned > HessianBlockTransposedType;
[8.792s]       |                                                       ~~~~~~^~~~~~~~~~~~
[8.793s] 
[8.793s] In file included from /usr/include/eigen3/Eigen/Core:161,
[8.793s]                  from /usr/include/eigen3/Eigen/LU:11,
[8.793s]                  from /home/romi/fawad/ORB_SLAM3/Thirdparty/Sophus/sophus/so2.hpp:12,
[8.793s]                  from /home/romi/fawad/ORB_SLAM3/Thirdparty/Sophus/sophus/se2.hpp:7,
[8.793s]                  from /home/romi/fawad/ORB_SLAM3/Thirdparty/Sophus/sophus/geometry.hpp:7,
[8.793s]                  from /home/romi/fawad/ORB_SLAM3/include/Frame.h:28,
[8.793s]                  from /home/romi/fawad/ORB_SLAM3/include/KeyFrame.h:28,
[8.793s]                  from /home/romi/fawad/ORB_SLAM3/include/MapPoint.h:23,
[8.793s]                  from /home/romi/fawad/ORB_SLAM3/include/FrameDrawer.h:24,
[8.793s]                  from /home/romi/fawad/ORB_SLAM3/include/Viewer.h:23,
[8.793s]                  from /home/romi/fawad/ORB_SLAM3/include/Tracking.h:26,
[8.794s]                  from /home/romi/fawad/ORB_SLAM3/include/System.h:31,
[8.794s]                  from /home/romi/fawad/ros2_ws/src/ORB_SLAM3_ROS2/src/monocular/monocular-slam-node.hpp:9,
[8.794s]                  from /home/romi/fawad/ros2_ws/src/ORB_SLAM3_ROS2/src/monocular/mono.cpp:7:
[8.794s] /usr/include/eigen3/Eigen/src/Core/util/Constants.h:167:37: note: declared here
[8.794s]   167 | EIGEN_DEPRECATED const unsigned int AlignedBit = 0x80;
[8.794s]       |                                     ^~~~~~~~~~
[8.798s] In file included from /home/romi/fawad/ORB_SLAM3/Thirdparty/g2o/g2o/types/types_six_dof_expmap.h:38,
[8.798s]                  from /home/romi/fawad/ORB_SLAM3/include/Converter.h:26,
[8.798s]                  from /home/romi/fawad/ORB_SLAM3/include/Frame.h:33,
[8.798s]                  from /home/romi/fawad/ORB_SLAM3/include/KeyFrame.h:28,
[8.798s]                  from /home/romi/fawad/ORB_SLAM3/include/MapPoint.h:23,
[8.798s]                  from /home/romi/fawad/ORB_SLAM3/include/FrameDrawer.h:24,
[8.798s]                  from /home/romi/fawad/ORB_SLAM3/include/Viewer.h:23,
[8.798s]                  from /home/romi/fawad/ORB_SLAM3/include/Tracking.h:26,
[8.798s]                  from /home/romi/fawad/ORB_SLAM3/include/System.h:31,
[8.798s]                  from /home/romi/fawad/ros2_ws/src/ORB_SLAM3_ROS2/src/stereo-inertial/stereo-inertial-node.hpp:10,
[8.799s]                  from /home/romi/fawad/ros2_ws/src/ORB_SLAM3_ROS2/src/stereo-inertial/stereo-inertial-node.cpp:1:
[8.799s] /home/romi/fawad/ORB_SLAM3/Thirdparty/g2o/g2o/types/../core/base_binary_edge.h:60:80: warning: ‘Eigen::AlignedBit’ is deprecated [-Wdeprecated-declarations]
[8.799s]    60 |       typedef Eigen::Map<Matrix<double, Dj, Di>, Matrix<double, Dj, Di>::Flags & AlignedBit ? Aligned : Unaligned > HessianBlockTransposedType;
[8.799s]       |                                                                          ~~~~~~^~~~~~~~~~~~
[8.799s] In file included from /usr/include/eigen3/Eigen/Core:161,
[8.799s]                  from /usr/include/eigen3/Eigen/LU:11,
[8.799s]                  from /home/romi/fawad/ORB_SLAM3/Thirdparty/Sophus/sophus/so2.hpp:12,
[8.799s]                  from /home/romi/fawad/ORB_SLAM3/Thirdparty/Sophus/sophus/se2.hpp:7,
[8.799s]                  from /home/romi/fawad/ORB_SLAM3/Thirdparty/Sophus/sophus/geometry.hpp:7,
[8.799s]                  from /home/romi/fawad/ORB_SLAM3/include/Frame.h:28,
[8.800s]                  from /home/romi/fawad/ORB_SLAM3/include/KeyFrame.h:28,
[8.800s]                  from /home/romi/fawad/ORB_SLAM3/include/MapPoint.h:23,
[8.800s]                  from /home/romi/fawad/ORB_SLAM3/include/FrameDrawer.h:24,
[8.800s]                  from /home/romi/fawad/ORB_SLAM3/include/Viewer.h:23,
[8.800s]                  from /home/romi/fawad/ORB_SLAM3/include/Tracking.h:26,
[8.800s]                  from /home/romi/fawad/ORB_SLAM3/include/System.h:31,
[8.800s]                  from /home/romi/fawad/ros2_ws/src/ORB_SLAM3_ROS2/src/stereo-inertial/stereo-inertial-node.hpp:10,
[8.800s]                  from /home/romi/fawad/ros2_ws/src/ORB_SLAM3_ROS2/src/stereo-inertial/stereo-inertial-node.cpp:1:
[8.800s] /usr/include/eigen3/Eigen/src/Core/util/Constants.h:167:37: note: declared here
[8.800s]   167 | EIGEN_DEPRECATED const unsigned int AlignedBit = 0x80;
[8.800s]       |                                     ^~~~~~~~~~
[8.804s] In file included from /home/romi/fawad/ORB_SLAM3/Thirdparty/g2o/g2o/types/types_six_dof_expmap.h:38,
[8.804s]                  from /home/romi/fawad/ORB_SLAM3/include/Converter.h:26,
[8.804s]                  from /home/romi/fawad/ORB_SLAM3/include/Frame.h:33,
[8.804s]                  from /home/romi/fawad/ORB_SLAM3/include/KeyFrame.h:28,
[8.804s]                  from /home/romi/fawad/ORB_SLAM3/include/MapPoint.h:23,
[8.804s]                  from /home/romi/fawad/ORB_SLAM3/include/FrameDrawer.h:24,
[8.804s]                  from /home/romi/fawad/ORB_SLAM3/include/Viewer.h:23,
[8.804s]                  from /home/romi/fawad/ORB_SLAM3/include/Tracking.h:26,
[8.804s]                  from /home/romi/fawad/ORB_SLAM3/include/System.h:31,
[8.804s]                  from /home/romi/fawad/ros2_ws/src/ORB_SLAM3_ROS2/src/stereo-inertial/stereo-inertial-node.hpp:10,
[8.805s]                  from /home/romi/fawad/ros2_ws/src/ORB_SLAM3_ROS2/src/stereo-inertial/stereo-inertial.cpp:7:
[8.805s] /home/romi/fawad/ORB_SLAM3/Thirdparty/g2o/g2o/types/../core/base_binary_edge.h:59:82: warning: ‘Eigen::AlignedBit’ is deprecated [-Wdeprecated-declarations]
[8.805s]    59 |       typedef Eigen::Map<Matrix<double, Di, Dj>, Matrix<double, Di, Dj>::Flags & AlignedBit ? Aligned : Unaligned > HessianBlockType;
[8.805s]       |                                                                                  ^~~~~~~~~~
[8.805s] In file included from /usr/include/eigen3/Eigen/Core:161,
[8.805s]                  from /usr/include/eigen3/Eigen/LU:11,
[8.805s]                  from /home/romi/fawad/ORB_SLAM3/Thirdparty/Sophus/sophus/so2.hpp:12,
[8.805s]                  from /home/romi/fawad/ORB_SLAM3/Thirdparty/Sophus/sophus/se2.hpp:7,
[8.805s]                  from /home/romi/fawad/ORB_SLAM3/Thirdparty/Sophus/sophus/geometry.hpp:7,
[8.805s]                  from /home/romi/fawad/ORB_SLAM3/include/Frame.h:28,
[8.805s]                  from /home/romi/fawad/ORB_SLAM3/include/KeyFrame.h:28,
[8.806s]                  from /home/romi/fawad/ORB_SLAM3/include/MapPoint.h:23,
[8.806s]                  from /home/romi/fawad/ORB_SLAM3/include/FrameDrawer.h:24,
[8.806s]                  from /home/romi/fawad/ORB_SLAM3/include/Viewer.h:23,
[8.806s]                  from /home/romi/fawad/ORB_SLAM3/include/Tracking.h:26,
[8.806s]                  from /home/romi/fawad/ORB_SLAM3/include/System.h:31,
[8.806s]                  from /home/romi/fawad/ros2_ws/src/ORB_SLAM3_ROS2/src/stereo-inertial/stereo-inertial-node.hpp:10,
[8.806s]                  from /home/romi/fawad/ros2_ws/src/ORB_SLAM3_ROS2/src/stereo-inertial/stereo-inertial.cpp:7:
[8.806s] /usr/include/eigen3/Eigen/src/Core/util/Constants.h:167:37: note: declared here
[8.806s]   167 | EIGEN_DEPRECATED const unsigned int AlignedBit = 0x80;
[8.807s]       |                                     ^~~~~~~~~~
[8.807s] In file included from /home/romi/fawad/ORB_SLAM3/Thirdparty/g2o/g2o/types/types_six_dof_expmap.h:38,
[8.807s]                  from /home/romi/fawad/ORB_SLAM3/include/Converter.h:26,
[8.807s]                  from /home/romi/fawad/ORB_SLAM3/include/Frame.h:33,
[8.807s]                  from /home/romi/fawad/ORB_SLAM3/include/KeyFrame.h:28,
[8.807s]                  from /home/romi/fawad/ORB_SLAM3/include/MapPoint.h:23,
[8.807s]                  from /home/romi/fawad/ORB_SLAM3/include/FrameDrawer.h:24,
[8.807s]                  from /home/romi/fawad/ORB_SLAM3/include/Viewer.h:23,
[8.807s]                  from /home/romi/fawad/ORB_SLAM3/include/Tracking.h:26,
[8.807s]                  from /home/romi/fawad/ORB_SLAM3/include/System.h:31,
[8.808s]                  from /home/romi/fawad/ros2_ws/src/ORB_SLAM3_ROS2/src/stereo-inertial/stereo-inertial-node.hpp:10,
[8.808s]                  from /home/romi/fawad/ros2_ws/src/ORB_SLAM3_ROS2/src/stereo-inertial/stereo-inertial.cpp:7:
[8.808s] /home/romi/fawad/ORB_SLAM3/Thirdparty/g2o/g2o/types/../core/base_binary_edge.h:60:82: warning: ‘Eigen::AlignedBit’ is deprecated [-Wdeprecated-declarations]
[8.808s]    60 |       typedef Eigen::Map<Matrix<double, Dj, Di>, Matrix<double, Dj, Di>::Flags & AlignedBit ? Aligned : Unaligned > HessianBlockTransposedType;
[8.808s]       |                                                                                  ^~~~~~~~~~
[8.808s] In file included from /usr/include/eigen3/Eigen/Core:161,
[8.808s]                  from /usr/include/eigen3/Eigen/LU:11,
[8.808s]                  from /home/romi/fawad/ORB_SLAM3/Thirdparty/Sophus/sophus/so2.hpp:12,
[8.808s]                  from /home/romi/fawad/ORB_SLAM3/Thirdparty/Sophus/sophus/se2.hpp:7,
[8.808s]                  from /home/romi/fawad/ORB_SLAM3/Thirdparty/Sophus/sophus/geometry.hpp:7,
[8.809s]                  from /home/romi/fawad/ORB_SLAM3/include/Frame.h:28,
[8.809s]                  from /home/romi/fawad/ORB_SLAM3/include/KeyFrame.h:28,
[8.809s]                  from /home/romi/fawad/ORB_SLAM3/include/MapPoint.h:23,
[8.809s]                  from /home/romi/fawad/ORB_SLAM3/include/FrameDrawer.h:24,
[8.809s]                  from /home/romi/fawad/ORB_SLAM3/include/Viewer.h:23,
[8.809s]                  from /home/romi/fawad/ORB_SLAM3/include/Tracking.h:26,
[8.809s]                  from /home/romi/fawad/ORB_SLAM3/include/System.h:31,
[8.809s]                  from /home/romi/fawad/ros2_ws/src/ORB_SLAM3_ROS2/src/stereo-inertial/stereo-inertial-node.hpp:10,
[8.809s]                  from /home/romi/fawad/ros2_ws/src/ORB_SLAM3_ROS2/src/stereo-inertial/stereo-inertial.cpp:7:
[8.809s] /usr/include/eigen3/Eigen/src/Core/util/Constants.h:167:37: note: declared here
[8.809s]   167 | EIGEN_DEPRECATED const unsigned int AlignedBit = 0x80;
[8.810s]       |                                     ^~~~~~~~~~
[8.820s] In file included from /home/romi/fawad/ORB_SLAM3/Thirdparty/g2o/g2o/types/types_six_dof_expmap.h:38,
[8.820s]                  from /home/romi/fawad/ORB_SLAM3/include/Converter.h:26,
[8.820s]                  from /home/romi/fawad/ORB_SLAM3/include/Frame.h:33,
[8.820s]                  from /home/romi/fawad/ORB_SLAM3/include/KeyFrame.h:28,
[8.820s]                  from /home/romi/fawad/ORB_SLAM3/include/MapPoint.h:23,
[8.820s]                  from /home/romi/fawad/ORB_SLAM3/include/FrameDrawer.h:24,
[8.820s]                  from /home/romi/fawad/ORB_SLAM3/include/Viewer.h:23,
[8.821s]                  from /home/romi/fawad/ORB_SLAM3/include/Tracking.h:26,
[8.821s]                  from /home/romi/fawad/ORB_SLAM3/include/System.h:31,
[8.821s]                  from /home/romi/fawad/ros2_ws/src/ORB_SLAM3_ROS2/src/rgbd/rgbd-slam-node.hpp:18,
[8.821s]                  from /home/romi/fawad/ros2_ws/src/ORB_SLAM3_ROS2/src/rgbd/rgbd.cpp:7:
[8.821s] /home/romi/fawad/ORB_SLAM3/Thirdparty/g2o/g2o/types/../core/base_binary_edge.h: In instantiation of ‘class g2o::BaseBinaryEdge<6, g2o::SE3Quat, g2o::VertexSE3Expmap, g2o::VertexSE3Expmap>’:
[8.821s] /home/romi/fawad/ORB_SLAM3/Thirdparty/g2o/g2o/types/types_six_dof_expmap.h:83:24:   required from here
[8.821s] /home/romi/fawad/ORB_SLAM3/Thirdparty/g2o/g2o/types/../core/base_binary_edge.h:59:80: warning: ‘Eigen::AlignedBit’ is deprecated [-Wdeprecated-declarations]
[8.821s]    59 |       typedef Eigen::Map<Matrix<double, Di, Dj>, Matrix<double, Di, Dj>::Flags & AlignedBit ? Aligned : Unaligned > HessianBlockType;
[8.821s]       |                                                                          ~~~~~~^~~~~~~~~~~~
[8.821s] In file included from /usr/include/eigen3/Eigen/Core:161,
[8.822s]                  from /usr/include/eigen3/Eigen/LU:11,
[8.822s]                  from /home/romi/fawad/ORB_SLAM3/Thirdparty/Sophus/sophus/so2.hpp:12,
[8.822s]                  from /home/romi/fawad/ORB_SLAM3/Thirdparty/Sophus/sophus/se2.hpp:7,
[8.822s]                  from /home/romi/fawad/ORB_SLAM3/Thirdparty/Sophus/sophus/geometry.hpp:7,
[8.822s]                  from /home/romi/fawad/ORB_SLAM3/include/Frame.h:28,
[8.822s]                  from /home/romi/fawad/ORB_SLAM3/include/KeyFrame.h:28,
[8.822s]                  from /home/romi/fawad/ORB_SLAM3/include/MapPoint.h:23,
[8.822s]                  from /home/romi/fawad/ORB_SLAM3/include/FrameDrawer.h:24,
[8.822s]                  from /home/romi/fawad/ORB_SLAM3/include/Viewer.h:23,
[8.822s]                  from /home/romi/fawad/ORB_SLAM3/include/Tracking.h:26,
[8.823s]                  from /home/romi/fawad/ORB_SLAM3/include/System.h:31,
[8.823s]                  from /home/romi/fawad/ros2_ws/src/ORB_SLAM3_ROS2/src/rgbd/rgbd-slam-node.hpp:18,
[8.823s]                  from /home/romi/fawad/ros2_ws/src/ORB_SLAM3_ROS2/src/rgbd/rgbd.cpp:7:
[8.823s] /usr/include/eigen3/Eigen/src/Core/util/Constants.h:167:37: note: declared here
[8.823s]   167 | EIGEN_DEPRECATED const unsigned int AlignedBit = 0x80;
[8.823s]       |                                     ^~~~~~~~~~
[8.823s] In file included from /home/romi/fawad/ORB_SLAM3/Thirdparty/g2o/g2o/types/types_six_dof_expmap.h:38,
[8.823s]                  from /home/romi/fawad/ORB_SLAM3/include/Converter.h:26,
[8.823s]                  from /home/romi/fawad/ORB_SLAM3/include/Frame.h:33,
[8.823s]                  from /home/romi/fawad/ORB_SLAM3/include/KeyFrame.h:28,
[8.824s]                  from /home/romi/fawad/ORB_SLAM3/include/MapPoint.h:23,
[8.824s]                  from /home/romi/fawad/ORB_SLAM3/include/FrameDrawer.h:24,
[8.824s]                  from /home/romi/fawad/ORB_SLAM3/include/Viewer.h:23,
[8.824s]                  from /home/romi/fawad/ORB_SLAM3/include/Tracking.h:26,
[8.824s]                  from /home/romi/fawad/ORB_SLAM3/include/System.h:31,
[8.824s]                  from /home/romi/fawad/ros2_ws/src/ORB_SLAM3_ROS2/src/rgbd/rgbd-slam-node.hpp:18,
[8.824s]                  from /home/romi/fawad/ros2_ws/src/ORB_SLAM3_ROS2/src/rgbd/rgbd.cpp:7:
[8.824s] /home/romi/fawad/ORB_SLAM3/Thirdparty/g2o/g2o/types/../core/base_binary_edge.h:60:80: warning: ‘Eigen::AlignedBit’ is deprecated [-Wdeprecated-declarations]
[8.824s]    60 |       typedef Eigen::Map<Matrix<double, Dj, Di>, Matrix<double, Dj, Di>::Flags & AlignedBit ? Aligned : Unaligned > HessianBlockTransposedType;
[8.824s]       |                                                                          ~~~~~~^~~~~~~~~~~~
[8.824s] In file included from /usr/include/eigen3/Eigen/Core:161,
[8.824s]                  from /usr/include/eigen3/Eigen/LU:11,
[8.825s]                  from /home/romi/fawad/ORB_SLAM3/Thirdparty/Sophus/sophus/so2.hpp:12,
[8.825s]                  from /home/romi/fawad/ORB_SLAM3/Thirdparty/Sophus/sophus/se2.hpp:7,
[8.825s]                  from /home/romi/fawad/ORB_SLAM3/Thirdparty/Sophus/sophus/geometry.hpp:7,
[8.825s]                  from /home/romi/fawad/ORB_SLAM3/include/Frame.h:28,
[8.825s]                  from /home/romi/fawad/ORB_SLAM3/include/KeyFrame.h:28,
[8.825s]                  from /home/romi/fawad/ORB_SLAM3/include/MapPoint.h:23,
[8.825s]                  from /home/romi/fawad/ORB_SLAM3/include/FrameDrawer.h:24,
[8.825s]                  from /home/romi/fawad/ORB_SLAM3/include/Viewer.h:23,
[8.825s]                  from /home/romi/fawad/ORB_SLAM3/include/Tracking.h:26,
[8.825s]                  from /home/romi/fawad/ORB_SLAM3/include/System.h:31,
[8.825s]                  from /home/romi/fawad/ros2_ws/src/ORB_SLAM3_ROS2/src/rgbd/rgbd-slam-node.hpp:18,
[8.826s]                  from /home/romi/fawad/ros2_ws/src/ORB_SLAM3_ROS2/src/rgbd/rgbd.cpp:7:
[8.826s] /usr/include/eigen3/Eigen/src/Core/util/Constants.h:167:37: note: declared here
[8.826s]   167 | EIGEN_DEPRECATED const unsigned int AlignedBit = 0x80;
[8.826s]       |                                     ^~~~~~~~~~
[8.840s] In file included from /home/romi/fawad/ORB_SLAM3/Thirdparty/g2o/g2o/types/types_six_dof_expmap.h:38,
[8.841s]                  from /home/romi/fawad/ORB_SLAM3/include/Converter.h:26,
[8.841s]                  from /home/romi/fawad/ORB_SLAM3/include/Frame.h:33,
[8.841s]                  from /home/romi/fawad/ORB_SLAM3/include/KeyFrame.h:28,
[8.841s]                  from /home/romi/fawad/ORB_SLAM3/include/MapPoint.h:23,
[8.841s]                  from /home/romi/fawad/ORB_SLAM3/include/FrameDrawer.h:24,
[8.841s]                  from /home/romi/fawad/ORB_SLAM3/include/Viewer.h:23,
[8.841s]                  from /home/romi/fawad/ORB_SLAM3/include/Tracking.h:26,
[8.841s]                  from /home/romi/fawad/ORB_SLAM3/include/System.h:31,
[8.841s]                  from /home/romi/fawad/ros2_ws/src/ORB_SLAM3_ROS2/src/stereo/stereo-slam-node.hpp:13,
[8.841s]                  from /home/romi/fawad/ros2_ws/src/ORB_SLAM3_ROS2/src/stereo/stereo-slam-node.cpp:1:
[8.841s] /home/romi/fawad/ORB_SLAM3/Thirdparty/g2o/g2o/types/../core/base_binary_edge.h: In instantiation of ‘class g2o::BaseBinaryEdge<2, Eigen::Matrix<double, 2, 1>, g2o::VertexSBAPointXYZ, g2o::VertexSim3Expmap>’:
[8.842s] /home/romi/fawad/ORB_SLAM3/Thirdparty/g2o/g2o/types/types_seven_dof_expmap.h:130:36:   required from here
[8.842s] /home/romi/fawad/ORB_SLAM3/Thirdparty/g2o/g2o/types/../core/base_binary_edge.h:59:80: warning: ‘Eigen::AlignedBit’ is deprecated [-Wdeprecated-declarations]
[8.842s]    59 |       typedef Eigen::Map<Matrix<double, Di, Dj>, Matrix<double, Di, Dj>::Flags & AlignedBit ? Aligned : Unaligned > HessianBlockType;
[8.842s]       |                                                                          ~~~~~~^~~~~~~~~~~~
[8.842s] In file included from /usr/include/eigen3/Eigen/Core:161,
[8.842s]                  from /usr/include/eigen3/Eigen/LU:11,
[8.842s]                  from /home/romi/fawad/ORB_SLAM3/Thirdparty/Sophus/sophus/so2.hpp:12,
[8.842s]                  from /home/romi/fawad/ORB_SLAM3/Thirdparty/Sophus/sophus/se2.hpp:7,
[8.842s]                  from /home/romi/fawad/ORB_SLAM3/Thirdparty/Sophus/sophus/geometry.hpp:7,
[8.842s]                  from /home/romi/fawad/ORB_SLAM3/include/Frame.h:28,
[8.842s]                  from /home/romi/fawad/ORB_SLAM3/include/KeyFrame.h:28,
[8.843s]                  from /home/romi/fawad/ORB_SLAM3/include/MapPoint.h:23,
[8.843s]                  from /home/romi/fawad/ORB_SLAM3/include/FrameDrawer.h:24,
[8.843s]                  from /home/romi/fawad/ORB_SLAM3/include/Viewer.h:23,
[8.843s]                  from /home/romi/fawad/ORB_SLAM3/include/Tracking.h:26,
[8.843s]                  from /home/romi/fawad/ORB_SLAM3/include/System.h:31,
[8.843s]                  from /home/romi/fawad/ros2_ws/src/ORB_SLAM3_ROS2/src/stereo/stereo-slam-node.hpp:13,
[8.843s]                  from /home/romi/fawad/ros2_ws/src/ORB_SLAM3_ROS2/src/stereo/stereo-slam-node.cpp:1:
[8.843s] /usr/include/eigen3/Eigen/src/Core/util/Constants.h:167:37: note: declared here
[8.843s]   167 | EIGEN_DEPRECATED const unsigned int AlignedBit = 0x80;
[8.843s]       |                                     ^~~~~~~~~~
[8.868s] In file included from /home/romi/fawad/ORB_SLAM3/Thirdparty/g2o/g2o/types/types_six_dof_expmap.h:38,
[8.868s]                  from /home/romi/fawad/ORB_SLAM3/include/Converter.h:26,
[8.868s]                  from /home/romi/fawad/ORB_SLAM3/include/Frame.h:33,
[8.868s]                  from /home/romi/fawad/ORB_SLAM3/include/KeyFrame.h:28,
[8.869s]                  from /home/romi/fawad/ORB_SLAM3/include/MapPoint.h:23,
[8.869s]                  from /home/romi/fawad/ORB_SLAM3/include/FrameDrawer.h:24,
[8.869s]                  from /home/romi/fawad/ORB_SLAM3/include/Viewer.h:23,
[8.869s]                  from /home/romi/fawad/ORB_SLAM3/include/Tracking.h:26,
[8.869s]                  from /home/romi/fawad/ORB_SLAM3/include/System.h:31,
[8.869s]                  from /home/romi/fawad/ros2_ws/src/ORB_SLAM3_ROS2/src/stereo/stereo-slam-node.hpp:13,
[8.869s]                  from /home/romi/fawad/ros2_ws/src/ORB_SLAM3_ROS2/src/stereo/stereo-slam-node.cpp:1:
[8.869s] /home/romi/fawad/ORB_SLAM3/Thirdparty/g2o/g2o/types/../core/base_binary_edge.h:60:80: warning: ‘Eigen::AlignedBit’ is deprecated [-Wdeprecated-declarations]
[8.869s]    60 |       typedef Eigen::Map<Matrix<double, Dj, Di>, Matrix<double, Dj, Di>::Flags & AlignedBit ? Aligned : Unaligned > HessianBlockTransposedType;
[8.869s]       |                                                                          ~~~~~~^~~~~~~~~~~~
[8.869s] In file included from /usr/include/eigen3/Eigen/Core:161,
[8.870s]                  from /usr/include/eigen3/Eigen/LU:11,
[8.870s]                  from /home/romi/fawad/ORB_SLAM3/Thirdparty/Sophus/sophus/so2.hpp:12,
[8.870s]                  from /home/romi/fawad/ORB_SLAM3/Thirdparty/Sophus/sophus/se2.hpp:7,
[8.870s]                  from /home/romi/fawad/ORB_SLAM3/Thirdparty/Sophus/sophus/geometry.hpp:7,
[8.870s]                  from /home/romi/fawad/ORB_SLAM3/include/Frame.h:28,
[8.870s]                  from /home/romi/fawad/ORB_SLAM3/include/KeyFrame.h:28,
[8.870s]                  from /home/romi/fawad/ORB_SLAM3/include/MapPoint.h:23,
[8.870s]                  from /home/romi/fawad/ORB_SLAM3/include/FrameDrawer.h:24,
[8.870s]                  from /home/romi/fawad/ORB_SLAM3/include/Viewer.h:23,
[8.870s]                  from /home/romi/fawad/ORB_SLAM3/include/Tracking.h:26,
[8.870s]                  from /home/romi/fawad/ORB_SLAM3/include/System.h:31,
[8.871s]                  from /home/romi/fawad/ros2_ws/src/ORB_SLAM3_ROS2/src/stereo/stereo-slam-node.hpp:13,
[8.871s]                  from /home/romi/fawad/ros2_ws/src/ORB_SLAM3_ROS2/src/stereo/stereo-slam-node.cpp:1:
[8.871s] /usr/include/eigen3/Eigen/src/Core/util/Constants.h:167:37: note: declared here
[8.871s]   167 | EIGEN_DEPRECATED const unsigned int AlignedBit = 0x80;
[8.871s]       |                                     ^~~~~~~~~~
[8.880s] In file included from /home/romi/fawad/ORB_SLAM3/Thirdparty/g2o/g2o/types/types_six_dof_expmap.h:38,
[8.880s]                  from /home/romi/fawad/ORB_SLAM3/include/Converter.h:26,
[8.880s]                  from /home/romi/fawad/ORB_SLAM3/include/Frame.h:33,
[8.880s]                  from /home/romi/fawad/ORB_SLAM3/include/KeyFrame.h:28,
[8.880s]                  from /home/romi/fawad/ORB_SLAM3/include/MapPoint.h:23,
[8.880s]                  from /home/romi/fawad/ORB_SLAM3/include/FrameDrawer.h:24,
[8.880s]                  from /home/romi/fawad/ORB_SLAM3/include/Viewer.h:23,
[8.880s]                  from /home/romi/fawad/ORB_SLAM3/include/Tracking.h:26,
[8.880s]                  from /home/romi/fawad/ORB_SLAM3/include/System.h:31,
[8.881s]                  from /home/romi/fawad/ros2_ws/src/ORB_SLAM3_ROS2/src/stereo-inertial/stereo-inertial-node.hpp:10,
[8.881s]                  from /home/romi/fawad/ros2_ws/src/ORB_SLAM3_ROS2/src/stereo-inertial/stereo-inertial-node.cpp:1:
[8.881s] /home/romi/fawad/ORB_SLAM3/Thirdparty/g2o/g2o/types/../core/base_binary_edge.h: In instantiation of ‘class g2o::BaseBinaryEdge<3, Eigen::Matrix<double, 3, 1>, g2o::VertexSBAPointXYZ, g2o::VertexSE3Expmap>’:
[8.881s] /home/romi/fawad/ORB_SLAM3/Thirdparty/g2o/g2o/types/types_six_dof_expmap.h:146:41:   required from here
[8.881s] /home/romi/fawad/ORB_SLAM3/Thirdparty/g2o/g2o/types/../core/base_binary_edge.h:59:80: warning: ‘Eigen::AlignedBit’ is deprecated [-Wdeprecated-declarations]
[8.881s]    59 |       typedef Eigen::Map<Matrix<double, Di, Dj>, Matrix<double, Di, Dj>::Flags & AlignedBit ? Aligned : Unaligned > HessianBlockType;
[8.881s]       |                                                                          ~~~~~~^~~~~~~~~~~~
[8.881s] In file included from /usr/include/eigen3/Eigen/Core:161,
[8.881s]                  from /usr/include/eigen3/Eigen/LU:11,
[8.881s]                  from /home/romi/fawad/ORB_SLAM3/Thirdparty/Sophus/sophus/so2.hpp:12,
[8.882s]                  from /home/romi/fawad/ORB_SLAM3/Thirdparty/Sophus/sophus/se2.hpp:7,
[8.882s]                  from /home/romi/fawad/ORB_SLAM3/Thirdparty/Sophus/sophus/geometry.hpp:7,
[8.882s]                  from /home/romi/fawad/ORB_SLAM3/include/Frame.h:28,
[8.882s]                  from /home/romi/fawad/ORB_SLAM3/include/KeyFrame.h:28,
[8.882s]                  from /home/romi/fawad/ORB_SLAM3/include/MapPoint.h:23,
[8.882s]                  from /home/romi/fawad/ORB_SLAM3/include/FrameDrawer.h:24,
[8.882s]                  from /home/romi/fawad/ORB_SLAM3/include/Viewer.h:23,
[8.882s]                  from /home/romi/fawad/ORB_SLAM3/include/Tracking.h:26,
[8.882s]                  from /home/romi/fawad/ORB_SLAM3/include/System.h:31,
[8.882s]                  from /home/romi/fawad/ros2_ws/src/ORB_SLAM3_ROS2/src/stereo-inertial/stereo-inertial-node.hpp:10,
[8.882s]                  from /home/romi/fawad/ros2_ws/src/ORB_SLAM3_ROS2/src/stereo-inertial/stereo-inertial-node.cpp:1:
[8.883s] /usr/include/eigen3/Eigen/src/Core/util/Constants.h:167:37: note: declared here
[8.884s]   167 | EIGEN_DEPRECATED const unsigned int AlignedBit = 0x80;
[8.884s]       |                                     ^~~~~~~~~~
[8.884s] In file included from /home/romi/fawad/ORB_SLAM3/Thirdparty/g2o/g2o/types/types_six_dof_expmap.h:38,
[8.884s]                  from /home/romi/fawad/ORB_SLAM3/include/Converter.h:26,
[8.885s]                  from /home/romi/fawad/ORB_SLAM3/include/Frame.h:33,
[8.885s]                  from /home/romi/fawad/ORB_SLAM3/include/KeyFrame.h:28,
[8.885s]                  from /home/romi/fawad/ORB_SLAM3/include/MapPoint.h:23,
[8.885s]                  from /home/romi/fawad/ORB_SLAM3/include/FrameDrawer.h:24,
[8.885s]                  from /home/romi/fawad/ORB_SLAM3/include/Viewer.h:23,
[8.885s]                  from /home/romi/fawad/ORB_SLAM3/include/Tracking.h:26,
[8.885s]                  from /home/romi/fawad/ORB_SLAM3/include/System.h:31,
[8.885s]                  from /home/romi/fawad/ros2_ws/src/ORB_SLAM3_ROS2/src/stereo-inertial/stereo-inertial-node.hpp:10,
[8.886s]                  from /home/romi/fawad/ros2_ws/src/ORB_SLAM3_ROS2/src/stereo-inertial/stereo-inertial-node.cpp:1:
[8.886s] /home/romi/fawad/ORB_SLAM3/Thirdparty/g2o/g2o/types/../core/base_binary_edge.h:60:80: warning: ‘Eigen::AlignedBit’ is deprecated [-Wdeprecated-declarations]
[8.886s]    60 |       typedef Eigen::Map<Matrix<double, Dj, Di>, Matrix<double, Dj, Di>::Flags & AlignedBit ? Aligned : Unaligned > HessianBlockTransposedType;
[8.886s]       |                                                                          ~~~~~~^~~~~~~~~~~~
[8.886s] In file included from /usr/include/eigen3/Eigen/Core:161,
[8.886s]                  from /usr/include/eigen3/Eigen/LU:11,
[8.886s]                  from /home/romi/fawad/ORB_SLAM3/Thirdparty/Sophus/sophus/so2.hpp:12,
[8.886s]                  from /home/romi/fawad/ORB_SLAM3/Thirdparty/Sophus/sophus/se2.hpp:7,
[8.886s]                  from /home/romi/fawad/ORB_SLAM3/Thirdparty/Sophus/sophus/geometry.hpp:7,
[8.886s]                  from /home/romi/fawad/ORB_SLAM3/include/Frame.h:28,
[8.886s]                  from /home/romi/fawad/ORB_SLAM3/include/KeyFrame.h:28,
[8.887s]                  from /home/romi/fawad/ORB_SLAM3/include/MapPoint.h:23,
[8.887s]                  from /home/romi/fawad/ORB_SLAM3/include/FrameDrawer.h:24,
[8.887s]                  from /home/romi/fawad/ORB_SLAM3/include/Viewer.h:23,
[8.887s]                  from /home/romi/fawad/ORB_SLAM3/include/Tracking.h:26,
[8.887s]                  from /home/romi/fawad/ORB_SLAM3/include/System.h:31,
[8.887s]                  from /home/romi/fawad/ros2_ws/src/ORB_SLAM3_ROS2/src/stereo-inertial/stereo-inertial-node.hpp:10,
[8.887s]                  from /home/romi/fawad/ros2_ws/src/ORB_SLAM3_ROS2/src/stereo-inertial/stereo-inertial-node.cpp:1:
[8.887s] /usr/include/eigen3/Eigen/src/Core/util/Constants.h:167:37: note: declared here
[8.887s]   167 | EIGEN_DEPRECATED const unsigned int AlignedBit = 0x80;
[8.887s]       |                                     ^~~~~~~~~~
[8.887s] In file included from /home/romi/fawad/ORB_SLAM3/Thirdparty/g2o/g2o/types/types_six_dof_expmap.h:38,
[8.888s]                  from /home/romi/fawad/ORB_SLAM3/include/Converter.h:26,
[8.888s]                  from /home/romi/fawad/ORB_SLAM3/include/Frame.h:33,
[8.888s]                  from /home/romi/fawad/ORB_SLAM3/include/KeyFrame.h:28,
[8.888s]                  from /home/romi/fawad/ORB_SLAM3/include/MapPoint.h:23,
[8.888s]                  from /home/romi/fawad/ORB_SLAM3/include/FrameDrawer.h:24,
[8.888s]                  from /home/romi/fawad/ORB_SLAM3/include/Viewer.h:23,
[8.888s]                  from /home/romi/fawad/ORB_SLAM3/include/Tracking.h:26,
[8.888s]                  from /home/romi/fawad/ORB_SLAM3/include/System.h:31,
[8.888s]                  from /home/romi/fawad/ros2_ws/src/ORB_SLAM3_ROS2/src/monocular/monocular-slam-node.hpp:9,
[8.888s]                  from /home/romi/fawad/ros2_ws/src/ORB_SLAM3_ROS2/src/monocular/mono.cpp:7:
[8.888s] /home/romi/fawad/ORB_SLAM3/Thirdparty/g2o/g2o/types/../core/base_binary_edge.h: In instantiation of ‘class g2o::BaseBinaryEdge<2, Eigen::Matrix<double, 2, 1>, g2o::VertexSBAPointXYZ, g2o::VertexSE3Expmap>’:
[8.889s] /home/romi/fawad/ORB_SLAM3/Thirdparty/g2o/g2o/types/types_six_dof_expmap.h:114:35:   required from here
[8.889s] /home/romi/fawad/ORB_SLAM3/Thirdparty/g2o/g2o/types/../core/base_binary_edge.h:59:80: warning: ‘Eigen::AlignedBit’ is deprecated [-Wdeprecated-declarations]
[8.889s]    59 | ::Map<Matrix<double, Di, Dj>, Matrix<double, Di, Dj>::Flags & AlignedBit ? Aligned : Unaligned > HessianBlockType;
[8.889s]       |                                                       ~~~~~~^~~~~~~~~~~~
[8.889s] 
[8.889s] In file included from /usr/include/eigen3/Eigen/Core:161,
[8.889s]                  from /usr/include/eigen3/Eigen/LU:11,
[8.889s]                  from /home/romi/fawad/ORB_SLAM3/Thirdparty/Sophus/sophus/so2.hpp:12,
[8.889s]                  from /home/romi/fawad/ORB_SLAM3/Thirdparty/Sophus/sophus/se2.hpp:7,
[8.889s]                  from /home/romi/fawad/ORB_SLAM3/Thirdparty/Sophus/sophus/geometry.hpp:7,
[8.889s]                  from /home/romi/fawad/ORB_SLAM3/include/Frame.h:28,
[8.890s]                  from /home/romi/fawad/ORB_SLAM3/include/KeyFrame.h:28,
[8.890s]                  from /home/romi/fawad/ORB_SLAM3/include/MapPoint.h:23,
[8.890s]                  from /home/romi/fawad/ORB_SLAM3/include/FrameDrawer.h:24,
[8.890s]                  from /home/romi/fawad/ORB_SLAM3/include/Viewer.h:23,
[8.890s]                  from /home/romi/fawad/ORB_SLAM3/include/Tracking.h:26,
[8.890s]                  from /home/romi/fawad/ORB_SLAM3/include/System.h:31,
[8.890s]                  from /home/romi/fawad/ros2_ws/src/ORB_SLAM3_ROS2/src/monocular/monocular-slam-node.hpp:9,
[8.890s]                  from /home/romi/fawad/ros2_ws/src/ORB_SLAM3_ROS2/src/monocular/mono.cpp:7:
[8.890s] /usr/include/eigen3/Eigen/src/Core/util/Constants.h:167:37: note: declared here
[8.890s]   167 | EIGEN_DEPRECATED const unsigned int AlignedBit = 0x80;
[8.890s]       |                                     ^~~~~~~~~~
[8.891s] In file included from /home/romi/fawad/ORB_SLAM3/Thirdparty/g2o/g2o/types/types_six_dof_expmap.h:41,
[8.891s]                  from /home/romi/fawad/ORB_SLAM3/include/Converter.h:26,
[8.891s]                  from /home/romi/fawad/ORB_SLAM3/include/Frame.h:33,
[8.891s]                  from /home/romi/fawad/ORB_SLAM3/include/KeyFrame.h:28,
[8.891s]                  from /home/romi/fawad/ORB_SLAM3/include/MapPoint.h:23,
[8.891s]                  from /home/romi/fawad/ORB_SLAM3/include/FrameDrawer.h:24,
[8.892s]                  from /home/romi/fawad/ORB_SLAM3/include/Viewer.h:23,
[8.892s]                  from /home/romi/fawad/ORB_SLAM3/include/Tracking.h:26,
[8.892s]                  from /home/romi/fawad/ORB_SLAM3/include/System.h:31,
[8.892s]                  from /home/romi/fawad/ros2_ws/src/ORB_SLAM3_ROS2/src/stereo-inertial/stereo-inertial-node.hpp:10,
[8.892s]                  from /home/romi/fawad/ros2_ws/src/ORB_SLAM3_ROS2/src/stereo-inertial/stereo-inertial.cpp:7:
[8.892s] /home/romi/fawad/ORB_SLAM3/Thirdparty/g2o/g2o/types/se3quat.h:43:38: warning: extra ‘;’ [-Wpedantic]
[8.892s]    43 |       EIGEN_MAKE_ALIGNED_OPERATOR_NEW;
[8.892s]       |                                      ^
[8.892s]       |                                      -
[8.905s] In file included from /home/romi/fawad/ORB_SLAM3/Thirdparty/g2o/g2o/types/types_six_dof_expmap.h:38,
[8.905s]                  from /home/romi/fawad/ORB_SLAM3/include/Converter.h:26,
[8.905s]                  from /home/romi/fawad/ORB_SLAM3/include/Frame.h:33,
[8.905s]                  from /home/romi/fawad/ORB_SLAM3/include/KeyFrame.h:28,
[8.905s]                  from /home/romi/fawad/ORB_SLAM3/include/MapPoint.h:23,
[8.905s]                  from /home/romi/fawad/ORB_SLAM3/include/FrameDrawer.h:24,
[8.905s]                  from /home/romi/fawad/ORB_SLAM3/include/Viewer.h:23,
[8.906s]                  from /home/romi/fawad/ORB_SLAM3/include/Tracking.h:26,
[8.906s]                  from /home/romi/fawad/ORB_SLAM3/include/System.h:31,
[8.906s]                  from /home/romi/fawad/ros2_ws/src/ORB_SLAM3_ROS2/src/monocular/monocular-slam-node.hpp:9,
[8.906s]                  from /home/romi/fawad/ros2_ws/src/ORB_SLAM3_ROS2/src/monocular/mono.cpp:7:
[8.906s] /home/romi/fawad/ORB_SLAM3/Thirdparty/g2o/g2o/types/../core/base_binary_edge.h:60:80: warning: ‘Eigen::AlignedBit’ is deprecated [-Wdeprecated-declarations]
[8.906s]    60 | ::Map<Matrix<double, Dj, Di>, Matrix<double, Dj, Di>::Flags & AlignedBit ? Aligned : Unaligned > HessianBlockTransposedType;
[8.906s]       |                                                       ~~~~~~^~~~~~~~~~~~
[8.906s] 
[8.906s] In file included from /usr/include/eigen3/Eigen/Core:161,
[8.906s]                  from /usr/include/eigen3/Eigen/LU:11,
[8.906s]                  from /home/romi/fawad/ORB_SLAM3/Thirdparty/Sophus/sophus/so2.hpp:12,
[8.907s]                  from /home/romi/fawad/ORB_SLAM3/Thirdparty/Sophus/sophus/se2.hpp:7,
[8.907s]                  from /home/romi/fawad/ORB_SLAM3/Thirdparty/Sophus/sophus/geometry.hpp:7,
[8.907s]                  from /home/romi/fawad/ORB_SLAM3/include/Frame.h:28,
[8.907s]                  from /home/romi/fawad/ORB_SLAM3/include/KeyFrame.h:28,
[8.907s]                  from /home/romi/fawad/ORB_SLAM3/include/MapPoint.h:23,
[8.907s]                  from /home/romi/fawad/ORB_SLAM3/include/FrameDrawer.h:24,
[8.907s]                  from /home/romi/fawad/ORB_SLAM3/include/Viewer.h:23,
[8.907s]                  from /home/romi/fawad/ORB_SLAM3/include/Tracking.h:26,
[8.907s]                  from /home/romi/fawad/ORB_SLAM3/include/System.h:31,
[8.907s]                  from /home/romi/fawad/ros2_ws/src/ORB_SLAM3_ROS2/src/monocular/monocular-slam-node.hpp:9,
[8.907s]                  from /home/romi/fawad/ros2_ws/src/ORB_SLAM3_ROS2/src/monocular/mono.cpp:7:
[8.908s] /usr/include/eigen3/Eigen/src/Core/util/Constants.h:167:37: note: declared here
[8.908s]   167 | EIGEN_DEPRECATED const unsigned int AlignedBit = 0x80;
[8.908s]       |                                     ^~~~~~~~~~
[8.916s] In file included from /home/romi/fawad/ORB_SLAM3/include/Frame.h:30,
[8.916s]                  from /home/romi/fawad/ORB_SLAM3/include/KeyFrame.h:28,
[8.916s]                  from /home/romi/fawad/ORB_SLAM3/include/MapPoint.h:23,
[8.916s]                  from /home/romi/fawad/ORB_SLAM3/include/FrameDrawer.h:24,
[8.916s]                  from /home/romi/fawad/ORB_SLAM3/include/Viewer.h:23,
[8.916s]                  from /home/romi/fawad/ORB_SLAM3/include/Tracking.h:26,
[8.916s]                  from /home/romi/fawad/ORB_SLAM3/include/System.h:31,
[8.916s]                  from /home/romi/fawad/ros2_ws/src/ORB_SLAM3_ROS2/src/monocular/monocular-slam-node.hpp:9,
[8.916s]                  from /home/romi/fawad/ros2_ws/src/ORB_SLAM3_ROS2/src/monocular/monocular-slam-node.cpp:1:
[8.917s] /home/romi/fawad/ORB_SLAM3/include/ImuTypes.h: In member function ‘void ORB_SLAM3::IMU::Preintegrated::printMeasurements() const’:
[8.917s] /home/romi/fawad/ORB_SLAM3/include/ImuTypes.h:204:23: warning: comparison of integer expressions of different signedness: ‘int’ and ‘std::vector<ORB_SLAM3::IMU::Preintegrated::integrable>::size_type’ {aka ‘long unsigned int’} [-Wsign-compare]
[8.917s]   204 |         for(int i=0; i<mvMeasurements.size(); i++){
[8.917s]       |                      ~^~~~~~~~~~~~~~~~~~~~~~
[8.940s] In file included from /home/romi/fawad/ORB_SLAM3/Thirdparty/g2o/g2o/types/types_six_dof_expmap.h:38,
[8.940s]                  from /home/romi/fawad/ORB_SLAM3/include/Converter.h:26,
[8.940s]                  from /home/romi/fawad/ORB_SLAM3/include/Frame.h:33,
[8.941s]                  from /home/romi/fawad/ORB_SLAM3/include/KeyFrame.h:28,
[8.941s]                  from /home/romi/fawad/ORB_SLAM3/include/MapPoint.h:23,
[8.941s]                  from /home/romi/fawad/ORB_SLAM3/include/FrameDrawer.h:24,
[8.941s]                  from /home/romi/fawad/ORB_SLAM3/include/Viewer.h:23,
[8.941s]                  from /home/romi/fawad/ORB_SLAM3/include/Tracking.h:26,
[8.941s]                  from /home/romi/fawad/ORB_SLAM3/include/System.h:31,
[8.941s]                  from /home/romi/fawad/ros2_ws/src/ORB_SLAM3_ROS2/src/rgbd/rgbd-slam-node.hpp:18,
[8.941s]                  from /home/romi/fawad/ros2_ws/src/ORB_SLAM3_ROS2/src/rgbd/rgbd.cpp:7:
[8.941s] /home/romi/fawad/ORB_SLAM3/Thirdparty/g2o/g2o/types/../core/base_binary_edge.h: In instantiation of ‘class g2o::BaseBinaryEdge<2, Eigen::Matrix<double, 2, 1>, g2o::VertexSBAPointXYZ, g2o::VertexSE3Expmap>’:
[8.941s] /home/romi/fawad/ORB_SLAM3/Thirdparty/g2o/g2o/types/types_six_dof_expmap.h:114:35:   required from here
[8.941s] /home/romi/fawad/ORB_SLAM3/Thirdparty/g2o/g2o/types/../core/base_binary_edge.h:59:80: warning: ‘Eigen::AlignedBit’ is deprecated [-Wdeprecated-declarations]
[8.941s]    59 |       typedef Eigen::Map<Matrix<double, Di, Dj>, Matrix<double, Di, Dj>::Flags & AlignedBit ? Aligned : Unaligned > HessianBlockType;
[8.942s]       |                                                                          ~~~~~~^~~~~~~~~~~~
[8.942s] In file included from /usr/include/eigen3/Eigen/Core:161,
[8.942s]                  from /usr/include/eigen3/Eigen/LU:11,
[8.942s]                  from /home/romi/fawad/ORB_SLAM3/Thirdparty/Sophus/sophus/so2.hpp:12,
[8.942s]                  from /home/romi/fawad/ORB_SLAM3/Thirdparty/Sophus/sophus/se2.hpp:7,
[8.942s]                  from /home/romi/fawad/ORB_SLAM3/Thirdparty/Sophus/sophus/geometry.hpp:7,
[8.942s]                  from /home/romi/fawad/ORB_SLAM3/include/Frame.h:28,
[8.942s]                  from /home/romi/fawad/ORB_SLAM3/include/KeyFrame.h:28,
[8.942s]                  from /home/romi/fawad/ORB_SLAM3/include/MapPoint.h:23,
[8.942s]                  from /home/romi/fawad/ORB_SLAM3/include/FrameDrawer.h:24,
[8.942s]                  from /home/romi/fawad/ORB_SLAM3/include/Viewer.h:23,
[8.943s]                  from /home/romi/fawad/ORB_SLAM3/include/Tracking.h:26,
[8.943s]                  from /home/romi/fawad/ORB_SLAM3/include/System.h:31,
[8.943s]                  from /home/romi/fawad/ros2_ws/src/ORB_SLAM3_ROS2/src/rgbd/rgbd-slam-node.hpp:18,
[8.943s]                  from /home/romi/fawad/ros2_ws/src/ORB_SLAM3_ROS2/src/rgbd/rgbd.cpp:7:
[8.943s] /usr/include/eigen3/Eigen/src/Core/util/Constants.h:167:37: note: declared here
[8.943s]   167 | EIGEN_DEPRECATED const unsigned int AlignedBit = 0x80;
[8.943s]       |                                     ^~~~~~~~~~
[8.967s] In file included from /home/romi/fawad/ORB_SLAM3/Thirdparty/g2o/g2o/types/types_six_dof_expmap.h:38,
[8.967s]                  from /home/romi/fawad/ORB_SLAM3/include/Converter.h:26,
[8.967s]                  from /home/romi/fawad/ORB_SLAM3/include/Frame.h:33,
[8.967s]                  from /home/romi/fawad/ORB_SLAM3/include/KeyFrame.h:28,
[8.967s]                  from /home/romi/fawad/ORB_SLAM3/include/MapPoint.h:23,
[8.967s]                  from /home/romi/fawad/ORB_SLAM3/include/FrameDrawer.h:24,
[8.967s]                  from /home/romi/fawad/ORB_SLAM3/include/Viewer.h:23,
[8.967s]                  from /home/romi/fawad/ORB_SLAM3/include/Tracking.h:26,
[8.967s]                  from /home/romi/fawad/ORB_SLAM3/include/System.h:31,
[8.967s]                  from /home/romi/fawad/ros2_ws/src/ORB_SLAM3_ROS2/src/rgbd/rgbd-slam-node.hpp:18,
[8.968s]                  from /home/romi/fawad/ros2_ws/src/ORB_SLAM3_ROS2/src/rgbd/rgbd.cpp:7:
[8.968s] /home/romi/fawad/ORB_SLAM3/Thirdparty/g2o/g2o/types/../core/base_binary_edge.h:60:80: warning: ‘Eigen::AlignedBit’ is deprecated [-Wdeprecated-declarations]
[8.968s]    60 |       typedef Eigen::Map<Matrix<double, Dj, Di>, Matrix<double, Dj, Di>::Flags & AlignedBit ? Aligned : Unaligned > HessianBlockTransposedType;
[8.968s]       |                                                                          ~~~~~~^~~~~~~~~~~~
[8.968s] In file included from /usr/include/eigen3/Eigen/Core:161,
[8.968s]                  from /usr/include/eigen3/Eigen/LU:11,
[8.968s]                  from /home/romi/fawad/ORB_SLAM3/Thirdparty/Sophus/sophus/so2.hpp:12,
[8.968s]                  from /home/romi/fawad/ORB_SLAM3/Thirdparty/Sophus/sophus/se2.hpp:7,
[8.968s]                  from /home/romi/fawad/ORB_SLAM3/Thirdparty/Sophus/sophus/geometry.hpp:7,
[8.968s]                  from /home/romi/fawad/ORB_SLAM3/include/Frame.h:28,
[8.969s]                  from /home/romi/fawad/ORB_SLAM3/include/KeyFrame.h:28,
[8.969s]                  from /home/romi/fawad/ORB_SLAM3/include/MapPoint.h:23,
[8.969s]                  from /home/romi/fawad/ORB_SLAM3/include/FrameDrawer.h:24,
[8.969s]                  from /home/romi/fawad/ORB_SLAM3/include/Viewer.h:23,
[8.969s]                  from /home/romi/fawad/ORB_SLAM3/include/Tracking.h:26,
[8.969s]                  from /home/romi/fawad/ORB_SLAM3/include/System.h:31,
[8.969s]                  from /home/romi/fawad/ros2_ws/src/ORB_SLAM3_ROS2/src/rgbd/rgbd-slam-node.hpp:18,
[8.969s]                  from /home/romi/fawad/ros2_ws/src/ORB_SLAM3_ROS2/src/rgbd/rgbd.cpp:7:
[8.969s] /usr/include/eigen3/Eigen/src/Core/util/Constants.h:167:37: note: declared here
[8.969s]   167 | EIGEN_DEPRECATED const unsigned int AlignedBit = 0x80;
[8.969s]       |                                     ^~~~~~~~~~
[8.983s] In file included from /home/romi/fawad/ORB_SLAM3/Thirdparty/g2o/g2o/types/types_six_dof_expmap.h:38,
[8.983s]                  from /home/romi/fawad/ORB_SLAM3/include/Converter.h:26,
[8.983s]                  from /home/romi/fawad/ORB_SLAM3/include/Frame.h:33,
[8.983s]                  from /home/romi/fawad/ORB_SLAM3/include/KeyFrame.h:28,
[8.983s]                  from /home/romi/fawad/ORB_SLAM3/include/MapPoint.h:23,
[8.984s]                  from /home/romi/fawad/ORB_SLAM3/include/FrameDrawer.h:24,
[8.984s]                  from /home/romi/fawad/ORB_SLAM3/include/Viewer.h:23,
[8.984s]                  from /home/romi/fawad/ORB_SLAM3/include/Tracking.h:26,
[8.984s]                  from /home/romi/fawad/ORB_SLAM3/include/System.h:31,
[8.984s]                  from /home/romi/fawad/ros2_ws/src/ORB_SLAM3_ROS2/src/monocular/monocular-slam-node.hpp:9,
[8.984s]                  from /home/romi/fawad/ros2_ws/src/ORB_SLAM3_ROS2/src/monocular/mono.cpp:7:
[8.984s] /home/romi/fawad/ORB_SLAM3/Thirdparty/g2o/g2o/types/../core/base_binary_edge.h: In instantiation of ‘class g2o::BaseBinaryEdge<3, Eigen::Matrix<double, 3, 1>, g2o::VertexSBAPointXYZ, g2o::VertexSE3Expmap>’:
[8.984s] /home/romi/fawad/ORB_SLAM3/Thirdparty/g2o/g2o/types/types_six_dof_expmap.h:146:41:   required from here
[8.984s] /home/romi/fawad/ORB_SLAM3/Thirdparty/g2o/g2o/types/../core/base_binary_edge.h:59:80: warning: ‘Eigen::AlignedBit’ is deprecated [-Wdeprecated-declarations]
[8.984s]    59 | ::Map<Matrix<double, Di, Dj>, Matrix<double, Di, Dj>::Flags & AlignedBit ? Aligned : Unaligned > HessianBlockType;
[8.984s]       |                                                       ~~~~~~^~~~~~~~~~~~
[8.984s] 
[8.985s] In file included from /usr/include/eigen3/Eigen/Core:161,
[8.985s]                  from /usr/include/eigen3/Eigen/LU:11,
[8.985s]                  from /home/romi/fawad/ORB_SLAM3/Thirdparty/Sophus/sophus/so2.hpp:12,
[8.985s]                  from /home/romi/fawad/ORB_SLAM3/Thirdparty/Sophus/sophus/se2.hpp:7,
[8.985s]                  from /home/romi/fawad/ORB_SLAM3/Thirdparty/Sophus/sophus/geometry.hpp:7,
[8.985s]                  from /home/romi/fawad/ORB_SLAM3/include/Frame.h:28,
[8.985s]                  from /home/romi/fawad/ORB_SLAM3/include/KeyFrame.h:28,
[8.985s]                  from /home/romi/fawad/ORB_SLAM3/include/MapPoint.h:23,
[8.985s]                  from /home/romi/fawad/ORB_SLAM3/include/FrameDrawer.h:24,
[8.985s]                  from /home/romi/fawad/ORB_SLAM3/include/Viewer.h:23,
[8.985s]                  from /home/romi/fawad/ORB_SLAM3/include/Tracking.h:26,
[8.986s]                  from /home/romi/fawad/ORB_SLAM3/include/System.h:31,
[8.986s]                  from /home/romi/fawad/ros2_ws/src/ORB_SLAM3_ROS2/src/monocular/monocular-slam-node.hpp:9,
[8.986s]                  from /home/romi/fawad/ros2_ws/src/ORB_SLAM3_ROS2/src/monocular/mono.cpp:7:
[8.986s] /usr/include/eigen3/Eigen/src/Core/util/Constants.h:167:37: note: declared here
[8.986s]   167 | EIGEN_DEPRECATED const unsigned int AlignedBit = 0x80;
[8.986s]       |                                     ^~~~~~~~~~
[8.986s] In file included from /home/romi/fawad/ORB_SLAM3/Thirdparty/g2o/g2o/types/types_six_dof_expmap.h:38,
[8.986s]                  from /home/romi/fawad/ORB_SLAM3/include/Converter.h:26,
[8.986s]                  from /home/romi/fawad/ORB_SLAM3/include/Frame.h:33,
[8.987s]                  from /home/romi/fawad/ORB_SLAM3/include/KeyFrame.h:28,
[8.987s]                  from /home/romi/fawad/ORB_SLAM3/include/MapPoint.h:23,
[8.987s]                  from /home/romi/fawad/ORB_SLAM3/include/FrameDrawer.h:24,
[8.987s]                  from /home/romi/fawad/ORB_SLAM3/include/Viewer.h:23,
[8.987s]                  from /home/romi/fawad/ORB_SLAM3/include/Tracking.h:26,
[8.987s]                  from /home/romi/fawad/ORB_SLAM3/include/System.h:31,
[8.987s]                  from /home/romi/fawad/ros2_ws/src/ORB_SLAM3_ROS2/src/monocular/monocular-slam-node.hpp:9,
[8.987s]                  from /home/romi/fawad/ros2_ws/src/ORB_SLAM3_ROS2/src/monocular/mono.cpp:7:
[8.987s] /home/romi/fawad/ORB_SLAM3/Thirdparty/g2o/g2o/types/../core/base_binary_edge.h:60:80: warning: ‘Eigen::AlignedBit’ is deprecated [-Wdeprecated-declarations]
[8.987s]    60 | ::Map<Matrix<double, Dj, Di>, Matrix<double, Dj, Di>::Flags & AlignedBit ? Aligned : Unaligned > HessianBlockTransposedType;
[8.988s]       |                                                       ~~~~~~^~~~~~~~~~~~
[8.988s] 
[8.988s] In file included from /usr/include/eigen3/Eigen/Core:161,
[8.988s]                  from /usr/include/eigen3/Eigen/LU:11,
[8.988s]                  from /home/romi/fawad/ORB_SLAM3/Thirdparty/Sophus/sophus/so2.hpp:12,
[8.988s]                  from /home/romi/fawad/ORB_SLAM3/Thirdparty/Sophus/sophus/se2.hpp:7,
[8.988s]                  from /home/romi/fawad/ORB_SLAM3/Thirdparty/Sophus/sophus/geometry.hpp:7,
[8.988s]                  from /home/romi/fawad/ORB_SLAM3/include/Frame.h:28,
[8.988s]                  from /home/romi/fawad/ORB_SLAM3/include/KeyFrame.h:28,
[8.988s]                  from /home/romi/fawad/ORB_SLAM3/include/MapPoint.h:23,
[8.988s]                  from /home/romi/fawad/ORB_SLAM3/include/FrameDrawer.h:24,
[8.988s]                  from /home/romi/fawad/ORB_SLAM3/include/Viewer.h:23,
[8.989s]                  from /home/romi/fawad/ORB_SLAM3/include/Tracking.h:26,
[8.989s]                  from /home/romi/fawad/ORB_SLAM3/include/System.h:31,
[8.989s]                  from /home/romi/fawad/ros2_ws/src/ORB_SLAM3_ROS2/src/monocular/monocular-slam-node.hpp:9,
[8.989s]                  from /home/romi/fawad/ros2_ws/src/ORB_SLAM3_ROS2/src/monocular/mono.cpp:7:
[8.989s] /usr/include/eigen3/Eigen/src/Core/util/Constants.h:167:37: note: declared here
[8.989s]   167 | EIGEN_DEPRECATED const unsigned int AlignedBit = 0x80;
[8.989s]       |                                     ^~~~~~~~~~
[9.029s] In file included from /home/romi/fawad/ORB_SLAM3/include/Frame.h:30,
[9.029s]                  from /home/romi/fawad/ORB_SLAM3/include/KeyFrame.h:28,
[9.029s]                  from /home/romi/fawad/ORB_SLAM3/include/MapPoint.h:23,
[9.030s]                  from /home/romi/fawad/ORB_SLAM3/include/FrameDrawer.h:24,
[9.030s]                  from /home/romi/fawad/ORB_SLAM3/include/Viewer.h:23,
[9.030s]                  from /home/romi/fawad/ORB_SLAM3/include/Tracking.h:26,
[9.030s]                  from /home/romi/fawad/ORB_SLAM3/include/System.h:31,
[9.030s]                  from /home/romi/fawad/ros2_ws/src/ORB_SLAM3_ROS2/src/stereo/stereo-slam-node.hpp:13,
[9.030s]                  from /home/romi/fawad/ros2_ws/src/ORB_SLAM3_ROS2/src/stereo/stereo.cpp:7:
[9.030s] /home/romi/fawad/ORB_SLAM3/include/ImuTypes.h: In member function ‘void ORB_SLAM3::IMU::Preintegrated::printMeasurements() const’:
[9.030s] /home/romi/fawad/ORB_SLAM3/include/ImuTypes.h:204:23: warning: comparison of integer expressions of different signedness: ‘int’ and ‘std::vector<ORB_SLAM3::IMU::Preintegrated::integrable>::size_type’ {aka ‘long unsigned int’} [-Wsign-compare]
[9.030s]   204 |         for(int i=0; i<mvMeasurements.size(); i++){
[9.031s]       |                      ~^~~~~~~~~~~~~~~~~~~~~~
[9.050s] In file included from /home/romi/fawad/ORB_SLAM3/Thirdparty/g2o/g2o/types/types_six_dof_expmap.h:37,
[9.050s]                  from /home/romi/fawad/ORB_SLAM3/include/Converter.h:26,
[9.050s]                  from /home/romi/fawad/ORB_SLAM3/include/Frame.h:33,
[9.050s]                  from /home/romi/fawad/ORB_SLAM3/include/KeyFrame.h:28,
[9.050s]                  from /home/romi/fawad/ORB_SLAM3/include/MapPoint.h:23,
[9.050s]                  from /home/romi/fawad/ORB_SLAM3/include/FrameDrawer.h:24,
[9.050s]                  from /home/romi/fawad/ORB_SLAM3/include/Viewer.h:23,
[9.050s]                  from /home/romi/fawad/ORB_SLAM3/include/Tracking.h:26,
[9.051s]                  from /home/romi/fawad/ORB_SLAM3/include/System.h:31,
[9.051s]                  from /home/romi/fawad/ros2_ws/src/ORB_SLAM3_ROS2/src/monocular/monocular-slam-node.hpp:9,
[9.051s]                  from /home/romi/fawad/ros2_ws/src/ORB_SLAM3_ROS2/src/monocular/monocular-slam-node.cpp:1:
[9.051s] /home/romi/fawad/ORB_SLAM3/Thirdparty/g2o/g2o/types/../core/base_vertex.h: At global scope:
[9.051s] /home/romi/fawad/ORB_SLAM3/Thirdparty/g2o/g2o/types/../core/base_vertex.h:62:74: warning: ‘Eigen::AlignedBit’ is deprecated [-Wdeprecated-declarations]
[9.051s]    62 |     typedef Eigen::Map<Matrix<double, D, D>, Matrix<double,D,D>::Flags & AlignedBit ? Aligned : Unaligned >  HessianBlockType;
[9.051s]       |                                                                          ^~~~~~~~~~
[9.051s] In file included from /usr/include/eigen3/Eigen/Core:161,
[9.051s]                  from /usr/include/eigen3/Eigen/LU:11,
[9.051s]                  from /home/romi/fawad/ORB_SLAM3/Thirdparty/Sophus/sophus/so2.hpp:12,
[9.051s]                  from /home/romi/fawad/ORB_SLAM3/Thirdparty/Sophus/sophus/se2.hpp:7,
[9.051s]                  from /home/romi/fawad/ORB_SLAM3/Thirdparty/Sophus/sophus/geometry.hpp:7,
[9.052s]                  from /home/romi/fawad/ORB_SLAM3/include/Frame.h:28,
[9.052s]                  from /home/romi/fawad/ORB_SLAM3/include/KeyFrame.h:28,
[9.052s]                  from /home/romi/fawad/ORB_SLAM3/include/MapPoint.h:23,
[9.052s]                  from /home/romi/fawad/ORB_SLAM3/include/FrameDrawer.h:24,
[9.052s]                  from /home/romi/fawad/ORB_SLAM3/include/Viewer.h:23,
[9.052s]                  from /home/romi/fawad/ORB_SLAM3/include/Tracking.h:26,
[9.052s]                  from /home/romi/fawad/ORB_SLAM3/include/System.h:31,
[9.052s]                  from /home/romi/fawad/ros2_ws/src/ORB_SLAM3_ROS2/src/monocular/monocular-slam-node.hpp:9,
[9.052s]                  from /home/romi/fawad/ros2_ws/src/ORB_SLAM3_ROS2/src/monocular/monocular-slam-node.cpp:1:
[9.052s] /usr/include/eigen3/Eigen/src/Core/util/Constants.h:167:37: note: declared here
[9.052s]   167 | EIGEN_DEPRECATED const unsigned int AlignedBit = 0x80;
[9.053s]       |                                     ^~~~~~~~~~
[9.069s] In file included from /home/romi/fawad/ORB_SLAM3/Thirdparty/g2o/g2o/types/types_six_dof_expmap.h:38,
[9.069s]                  from /home/romi/fawad/ORB_SLAM3/include/Converter.h:26,
[9.069s]                  from /home/romi/fawad/ORB_SLAM3/include/Frame.h:33,
[9.069s]                  from /home/romi/fawad/ORB_SLAM3/include/KeyFrame.h:28,
[9.070s]                  from /home/romi/fawad/ORB_SLAM3/include/MapPoint.h:23,
[9.070s]                  from /home/romi/fawad/ORB_SLAM3/include/FrameDrawer.h:24,
[9.070s]                  from /home/romi/fawad/ORB_SLAM3/include/Viewer.h:23,
[9.070s]                  from /home/romi/fawad/ORB_SLAM3/include/Tracking.h:26,
[9.070s]                  from /home/romi/fawad/ORB_SLAM3/include/System.h:31,
[9.070s]                  from /home/romi/fawad/ros2_ws/src/ORB_SLAM3_ROS2/src/rgbd/rgbd-slam-node.hpp:18,
[9.070s]                  from /home/romi/fawad/ros2_ws/src/ORB_SLAM3_ROS2/src/rgbd/rgbd.cpp:7:
[9.070s] /home/romi/fawad/ORB_SLAM3/Thirdparty/g2o/g2o/types/../core/base_binary_edge.h: In instantiation of ‘class g2o::BaseBinaryEdge<3, Eigen::Matrix<double, 3, 1>, g2o::VertexSBAPointXYZ, g2o::VertexSE3Expmap>’:
[9.070s] /home/romi/fawad/ORB_SLAM3/Thirdparty/g2o/g2o/types/types_six_dof_expmap.h:146:41:   required from here
[9.070s] /home/romi/fawad/ORB_SLAM3/Thirdparty/g2o/g2o/types/../core/base_binary_edge.h:59:80: warning: ‘Eigen::AlignedBit’ is deprecated [-Wdeprecated-declarations]
[9.070s]    59 |       typedef Eigen::Map<Matrix<double, Di, Dj>, Matrix<double, Di, Dj>::Flags & AlignedBit ? Aligned : Unaligned > HessianBlockType;
[9.070s]       |                                                                          ~~~~~~^~~~~~~~~~~~
[9.071s] In file included from /usr/include/eigen3/Eigen/Core:161,
[9.071s]                  from /usr/include/eigen3/Eigen/LU:11,
[9.071s]                  from /home/romi/fawad/ORB_SLAM3/Thirdparty/Sophus/sophus/so2.hpp:12,
[9.071s]                  from /home/romi/fawad/ORB_SLAM3/Thirdparty/Sophus/sophus/se2.hpp:7,
[9.071s]                  from /home/romi/fawad/ORB_SLAM3/Thirdparty/Sophus/sophus/geometry.hpp:7,
[9.071s]                  from /home/romi/fawad/ORB_SLAM3/include/Frame.h:28,
[9.071s]                  from /home/romi/fawad/ORB_SLAM3/include/KeyFrame.h:28,
[9.071s]                  from /home/romi/fawad/ORB_SLAM3/include/MapPoint.h:23,
[9.071s]                  from /home/romi/fawad/ORB_SLAM3/include/FrameDrawer.h:24,
[9.071s]                  from /home/romi/fawad/ORB_SLAM3/include/Viewer.h:23,
[9.071s]                  from /home/romi/fawad/ORB_SLAM3/include/Tracking.h:26,
[9.072s]                  from /home/romi/fawad/ORB_SLAM3/include/System.h:31,
[9.072s]                  from /home/romi/fawad/ros2_ws/src/ORB_SLAM3_ROS2/src/rgbd/rgbd-slam-node.hpp:18,
[9.073s]                  from /home/romi/fawad/ros2_ws/src/ORB_SLAM3_ROS2/src/rgbd/rgbd.cpp:7:
[9.073s] /usr/include/eigen3/Eigen/src/Core/util/Constants.h:167:37: note: declared here
[9.073s]   167 | EIGEN_DEPRECATED const unsigned int AlignedBit = 0x80;
[9.073s]       |                                     ^~~~~~~~~~
[9.073s] In file included from /home/romi/fawad/ORB_SLAM3/Thirdparty/g2o/g2o/types/types_six_dof_expmap.h:38,
[9.073s]                  from /home/romi/fawad/ORB_SLAM3/include/Converter.h:26,
[9.073s]                  from /home/romi/fawad/ORB_SLAM3/include/Frame.h:33,
[9.073s]                  from /home/romi/fawad/ORB_SLAM3/include/KeyFrame.h:28,
[9.073s]                  from /home/romi/fawad/ORB_SLAM3/include/MapPoint.h:23,
[9.073s]                  from /home/romi/fawad/ORB_SLAM3/include/FrameDrawer.h:24,
[9.073s]                  from /home/romi/fawad/ORB_SLAM3/include/Viewer.h:23,
[9.074s]                  from /home/romi/fawad/ORB_SLAM3/include/Tracking.h:26,
[9.074s]                  from /home/romi/fawad/ORB_SLAM3/include/System.h:31,
[9.074s]                  from /home/romi/fawad/ros2_ws/src/ORB_SLAM3_ROS2/src/rgbd/rgbd-slam-node.hpp:18,
[9.074s]                  from /home/romi/fawad/ros2_ws/src/ORB_SLAM3_ROS2/src/rgbd/rgbd.cpp:7:
[9.074s] /home/romi/fawad/ORB_SLAM3/Thirdparty/g2o/g2o/types/../core/base_binary_edge.h:60:80: warning: ‘Eigen::AlignedBit’ is deprecated [-Wdeprecated-declarations]
[9.074s]    60 |       typedef Eigen::Map<Matrix<double, Dj, Di>, Matrix<double, Dj, Di>::Flags & AlignedBit ? Aligned : Unaligned > HessianBlockTransposedType;
[9.074s]       |                                                                          ~~~~~~^~~~~~~~~~~~
[9.074s] In file included from /usr/include/eigen3/Eigen/Core:161,
[9.074s]                  from /usr/include/eigen3/Eigen/LU:11,
[9.074s]                  from /home/romi/fawad/ORB_SLAM3/Thirdparty/Sophus/sophus/so2.hpp:12,
[9.074s]                  from /home/romi/fawad/ORB_SLAM3/Thirdparty/Sophus/sophus/se2.hpp:7,
[9.075s]                  from /home/romi/fawad/ORB_SLAM3/Thirdparty/Sophus/sophus/geometry.hpp:7,
[9.075s]                  from /home/romi/fawad/ORB_SLAM3/include/Frame.h:28,
[9.075s]                  from /home/romi/fawad/ORB_SLAM3/include/KeyFrame.h:28,
[9.075s]                  from /home/romi/fawad/ORB_SLAM3/include/MapPoint.h:23,
[9.075s]                  from /home/romi/fawad/ORB_SLAM3/include/FrameDrawer.h:24,
[9.075s]                  from /home/romi/fawad/ORB_SLAM3/include/Viewer.h:23,
[9.075s]                  from /home/romi/fawad/ORB_SLAM3/include/Tracking.h:26,
[9.075s]                  from /home/romi/fawad/ORB_SLAM3/include/System.h:31,
[9.075s]                  from /home/romi/fawad/ros2_ws/src/ORB_SLAM3_ROS2/src/rgbd/rgbd-slam-node.hpp:18,
[9.075s]                  from /home/romi/fawad/ros2_ws/src/ORB_SLAM3_ROS2/src/rgbd/rgbd.cpp:7:
[9.075s] /usr/include/eigen3/Eigen/src/Core/util/Constants.h:167:37: note: declared here
[9.076s]   167 | EIGEN_DEPRECATED const unsigned int AlignedBit = 0x80;
[9.076s]       |                                     ^~~~~~~~~~
[9.088s] In file included from /home/romi/fawad/ORB_SLAM3/Thirdparty/g2o/g2o/types/types_six_dof_expmap.h:38,
[9.088s]                  from /home/romi/fawad/ORB_SLAM3/include/Converter.h:26,
[9.088s]                  from /home/romi/fawad/ORB_SLAM3/include/Frame.h:33,
[9.088s]                  from /home/romi/fawad/ORB_SLAM3/include/KeyFrame.h:28,
[9.089s]                  from /home/romi/fawad/ORB_SLAM3/include/MapPoint.h:23,
[9.089s]                  from /home/romi/fawad/ORB_SLAM3/include/FrameDrawer.h:24,
[9.089s]                  from /home/romi/fawad/ORB_SLAM3/include/Viewer.h:23,
[9.089s]                  from /home/romi/fawad/ORB_SLAM3/include/Tracking.h:26,
[9.089s]                  from /home/romi/fawad/ORB_SLAM3/include/System.h:31,
[9.089s]                  from /home/romi/fawad/ros2_ws/src/ORB_SLAM3_ROS2/src/monocular/monocular-slam-node.hpp:9,
[9.089s]                  from /home/romi/fawad/ros2_ws/src/ORB_SLAM3_ROS2/src/monocular/monocular-slam-node.cpp:1:
[9.089s] /home/romi/fawad/ORB_SLAM3/Thirdparty/g2o/g2o/types/../core/base_binary_edge.h:59:82: warning: ‘Eigen::AlignedBit’ is deprecated [-Wdeprecated-declarations]
[9.089s]    59 |       typedef Eigen::Map<Matrix<double, Di, Dj>, Matrix<double, Di, Dj>::Flags & AlignedBit ? Aligned : Unaligned > HessianBlockType;
[9.089s]       |                                                                                  ^~~~~~~~~~
[9.090s] In file included from /usr/include/eigen3/Eigen/Core:161,
[9.090s]                  from /usr/include/eigen3/Eigen/LU:11,
[9.090s]                  from /home/romi/fawad/ORB_SLAM3/Thirdparty/Sophus/sophus/so2.hpp:12,
[9.090s]                  from /home/romi/fawad/ORB_SLAM3/Thirdparty/Sophus/sophus/se2.hpp:7,
[9.090s]                  from /home/romi/fawad/ORB_SLAM3/Thirdparty/Sophus/sophus/geometry.hpp:7,
[9.090s]                  from /home/romi/fawad/ORB_SLAM3/include/Frame.h:28,
[9.090s]                  from /home/romi/fawad/ORB_SLAM3/include/KeyFrame.h:28,
[9.090s]                  from /home/romi/fawad/ORB_SLAM3/include/MapPoint.h:23,
[9.090s]                  from /home/romi/fawad/ORB_SLAM3/include/FrameDrawer.h:24,
[9.090s]                  from /home/romi/fawad/ORB_SLAM3/include/Viewer.h:23,
[9.090s]                  from /home/romi/fawad/ORB_SLAM3/include/Tracking.h:26,
[9.090s]                  from /home/romi/fawad/ORB_SLAM3/include/System.h:31,
[9.091s]                  from /home/romi/fawad/ros2_ws/src/ORB_SLAM3_ROS2/src/monocular/monocular-slam-node.hpp:9,
[9.091s]                  from /home/romi/fawad/ros2_ws/src/ORB_SLAM3_ROS2/src/monocular/monocular-slam-node.cpp:1:
[9.091s] /usr/include/eigen3/Eigen/src/Core/util/Constants.h:167:37: note: declared here
[9.091s]   167 | EIGEN_DEPRECATED const unsigned int AlignedBit = 0x80;
[9.091s]       |                                     ^~~~~~~~~~
[9.091s] In file included from /home/romi/fawad/ORB_SLAM3/Thirdparty/g2o/g2o/types/types_six_dof_expmap.h:38,
[9.091s]                  from /home/romi/fawad/ORB_SLAM3/include/Converter.h:26,
[9.091s]                  from /home/romi/fawad/ORB_SLAM3/include/Frame.h:33,
[9.091s]                  from /home/romi/fawad/ORB_SLAM3/include/KeyFrame.h:28,
[9.091s]                  from /home/romi/fawad/ORB_SLAM3/include/MapPoint.h:23,
[9.091s]                  from /home/romi/fawad/ORB_SLAM3/include/FrameDrawer.h:24,
[9.092s]                  from /home/romi/fawad/ORB_SLAM3/include/Viewer.h:23,
[9.092s]                  from /home/romi/fawad/ORB_SLAM3/include/Tracking.h:26,
[9.092s]                  from /home/romi/fawad/ORB_SLAM3/include/System.h:31,
[9.092s]                  from /home/romi/fawad/ros2_ws/src/ORB_SLAM3_ROS2/src/monocular/monocular-slam-node.hpp:9,
[9.092s]                  from /home/romi/fawad/ros2_ws/src/ORB_SLAM3_ROS2/src/monocular/monocular-slam-node.cpp:1:
[9.092s] /home/romi/fawad/ORB_SLAM3/Thirdparty/g2o/g2o/types/../core/base_binary_edge.h:60:82: warning: ‘Eigen::AlignedBit’ is deprecated [-Wdeprecated-declarations]
[9.092s]    60 |       typedef Eigen::Map<Matrix<double, Dj, Di>, Matrix<double, Dj, Di>::Flags & AlignedBit ? Aligned : Unaligned > HessianBlockTransposedType;
[9.092s]       |                                                                                  ^~~~~~~~~~
[9.092s] In file included from /usr/include/eigen3/Eigen/Core:161,
[9.092s]                  from /usr/include/eigen3/Eigen/LU:11,
[9.093s]                  from /home/romi/fawad/ORB_SLAM3/Thirdparty/Sophus/sophus/so2.hpp:12,
[9.093s]                  from /home/romi/fawad/ORB_SLAM3/Thirdparty/Sophus/sophus/se2.hpp:7,
[9.093s]                  from /home/romi/fawad/ORB_SLAM3/Thirdparty/Sophus/sophus/geometry.hpp:7,
[9.093s]                  from /home/romi/fawad/ORB_SLAM3/include/Frame.h:28,
[9.093s]                  from /home/romi/fawad/ORB_SLAM3/include/KeyFrame.h:28,
[9.093s]                  from /home/romi/fawad/ORB_SLAM3/include/MapPoint.h:23,
[9.093s]                  from /home/romi/fawad/ORB_SLAM3/include/FrameDrawer.h:24,
[9.093s]                  from /home/romi/fawad/ORB_SLAM3/include/Viewer.h:23,
[9.093s]                  from /home/romi/fawad/ORB_SLAM3/include/Tracking.h:26,
[9.093s]                  from /home/romi/fawad/ORB_SLAM3/include/System.h:31,
[9.093s]                  from /home/romi/fawad/ros2_ws/src/ORB_SLAM3_ROS2/src/monocular/monocular-slam-node.hpp:9,
[9.094s]                  from /home/romi/fawad/ros2_ws/src/ORB_SLAM3_ROS2/src/monocular/monocular-slam-node.cpp:1:
[9.094s] /usr/include/eigen3/Eigen/src/Core/util/Constants.h:167:37: note: declared here
[9.094s]   167 | EIGEN_DEPRECATED const unsigned int AlignedBit = 0x80;
[9.094s]       |                                     ^~~~~~~~~~
[9.121s] In file included from /home/romi/fawad/ORB_SLAM3/Thirdparty/g2o/g2o/types/types_six_dof_expmap.h:37,
[9.121s]                  from /home/romi/fawad/ORB_SLAM3/include/Converter.h:26,
[9.122s]                  from /home/romi/fawad/ORB_SLAM3/include/Frame.h:33,
[9.122s]                  from /home/romi/fawad/ORB_SLAM3/include/KeyFrame.h:28,
[9.122s]                  from /home/romi/fawad/ORB_SLAM3/include/MapPoint.h:23,
[9.122s]                  from /home/romi/fawad/ORB_SLAM3/include/FrameDrawer.h:24,
[9.122s]                  from /home/romi/fawad/ORB_SLAM3/include/Viewer.h:23,
[9.122s]                  from /home/romi/fawad/ORB_SLAM3/include/Tracking.h:26,
[9.122s]                  from /home/romi/fawad/ORB_SLAM3/include/System.h:31,
[9.122s]                  from /home/romi/fawad/ros2_ws/src/ORB_SLAM3_ROS2/src/stereo/stereo-slam-node.hpp:13,
[9.122s]                  from /home/romi/fawad/ros2_ws/src/ORB_SLAM3_ROS2/src/stereo/stereo.cpp:7:
[9.122s] /home/romi/fawad/ORB_SLAM3/Thirdparty/g2o/g2o/types/../core/base_vertex.h: At global scope:
[9.122s] /home/romi/fawad/ORB_SLAM3/Thirdparty/g2o/g2o/types/../core/base_vertex.h:62:74: warning: ‘Eigen::AlignedBit’ is deprecated [-Wdeprecated-declarations]
[9.123s]    62 |     typedef Eigen::Map<Matrix<double, D, D>, Matrix<double,D,D>::Flags & AlignedBit ? Aligned : Unaligned >  HessianBlockType;
[9.123s]       |                                                                          ^~~~~~~~~~
[9.123s] In file included from /usr/include/eigen3/Eigen/Core:161,
[9.123s]                  from /usr/include/eigen3/Eigen/LU:11,
[9.123s]                  from /home/romi/fawad/ORB_SLAM3/Thirdparty/Sophus/sophus/so2.hpp:12,
[9.123s]                  from /home/romi/fawad/ORB_SLAM3/Thirdparty/Sophus/sophus/se2.hpp:7,
[9.123s]                  from /home/romi/fawad/ORB_SLAM3/Thirdparty/Sophus/sophus/geometry.hpp:7,
[9.123s]                  from /home/romi/fawad/ORB_SLAM3/include/Frame.h:28,
[9.123s]                  from /home/romi/fawad/ORB_SLAM3/include/KeyFrame.h:28,
[9.123s]                  from /home/romi/fawad/ORB_SLAM3/include/MapPoint.h:23,
[9.123s]                  from /home/romi/fawad/ORB_SLAM3/include/FrameDrawer.h:24,
[9.124s]                  from /home/romi/fawad/ORB_SLAM3/include/Viewer.h:23,
[9.124s]                  from /home/romi/fawad/ORB_SLAM3/include/Tracking.h:26,
[9.124s]                  from /home/romi/fawad/ORB_SLAM3/include/System.h:31,
[9.124s]                  from /home/romi/fawad/ros2_ws/src/ORB_SLAM3_ROS2/src/stereo/stereo-slam-node.hpp:13,
[9.124s]                  from /home/romi/fawad/ros2_ws/src/ORB_SLAM3_ROS2/src/stereo/stereo.cpp:7:
[9.124s] /usr/include/eigen3/Eigen/src/Core/util/Constants.h:167:37: note: declared here
[9.124s]   167 | EIGEN_DEPRECATED const unsigned int AlignedBit = 0x80;
[9.124s]       |                                     ^~~~~~~~~~
[9.124s] In file included from /home/romi/fawad/ORB_SLAM3/include/Frame.h:30,
[9.124s]                  from /home/romi/fawad/ORB_SLAM3/include/KeyFrame.h:28,
[9.124s]                  from /home/romi/fawad/ORB_SLAM3/include/MapPoint.h:23,
[9.125s]                  from /home/romi/fawad/ORB_SLAM3/include/FrameDrawer.h:24,
[9.125s]                  from /home/romi/fawad/ORB_SLAM3/include/Viewer.h:23,
[9.125s]                  from /home/romi/fawad/ORB_SLAM3/include/Tracking.h:26,
[9.125s]                  from /home/romi/fawad/ORB_SLAM3/include/System.h:31,
[9.125s]                  from /home/romi/fawad/ros2_ws/src/ORB_SLAM3_ROS2/src/rgbd/rgbd-slam-node.hpp:18,
[9.125s]                  from /home/romi/fawad/ros2_ws/src/ORB_SLAM3_ROS2/src/rgbd/rgbd-slam-node.cpp:1:
[9.125s] /home/romi/fawad/ORB_SLAM3/include/ImuTypes.h: In member function ‘void ORB_SLAM3::IMU::Preintegrated::printMeasurements() const’:
[9.125s] /home/romi/fawad/ORB_SLAM3/include/ImuTypes.h:204:23: warning: comparison of integer expressions of different signedness: ‘int’ and ‘std::vector<ORB_SLAM3::IMU::Preintegrated::integrable>::size_type’ {aka ‘long unsigned int’} [-Wsign-compare]
[9.125s]   204 |         for(int i=0; i<mvMeasurements.size(); i++){
[9.125s]       |                      ~^~~~~~~~~~~~~~~~~~~~~~
[9.146s] In file included from /home/romi/fawad/ORB_SLAM3/Thirdparty/g2o/g2o/types/types_six_dof_expmap.h:38,
[9.147s]                  from /home/romi/fawad/ORB_SLAM3/include/Converter.h:26,
[9.147s]                  from /home/romi/fawad/ORB_SLAM3/include/Frame.h:33,
[9.147s]                  from /home/romi/fawad/ORB_SLAM3/include/KeyFrame.h:28,
[9.147s]                  from /home/romi/fawad/ORB_SLAM3/include/MapPoint.h:23,
[9.147s]                  from /home/romi/fawad/ORB_SLAM3/include/FrameDrawer.h:24,
[9.147s]                  from /home/romi/fawad/ORB_SLAM3/include/Viewer.h:23,
[9.147s]                  from /home/romi/fawad/ORB_SLAM3/include/Tracking.h:26,
[9.147s]                  from /home/romi/fawad/ORB_SLAM3/include/System.h:31,
[9.147s]                  from /home/romi/fawad/ros2_ws/src/ORB_SLAM3_ROS2/src/stereo/stereo-slam-node.hpp:13,
[9.147s]                  from /home/romi/fawad/ros2_ws/src/ORB_SLAM3_ROS2/src/stereo/stereo.cpp:7:
[9.147s] /home/romi/fawad/ORB_SLAM3/Thirdparty/g2o/g2o/types/../core/base_binary_edge.h:59:82: warning: ‘Eigen::AlignedBit’ is deprecated [-Wdeprecated-declarations]
[9.148s]    59 |       typedef Eigen::Map<Matrix<double, Di, Dj>, Matrix<double, Di, Dj>::Flags & AlignedBit ? Aligned : Unaligned > HessianBlockType;
[9.148s]       |                                                                                  ^~~~~~~~~~
[9.148s] In file included from /usr/include/eigen3/Eigen/Core:161,
[9.148s]                  from /usr/include/eigen3/Eigen/LU:11,
[9.148s]                  from /home/romi/fawad/ORB_SLAM3/Thirdparty/Sophus/sophus/so2.hpp:12,
[9.148s]                  from /home/romi/fawad/ORB_SLAM3/Thirdparty/Sophus/sophus/se2.hpp:7,
[9.148s]                  from /home/romi/fawad/ORB_SLAM3/Thirdparty/Sophus/sophus/geometry.hpp:7,
[9.148s]                  from /home/romi/fawad/ORB_SLAM3/include/Frame.h:28,
[9.148s]                  from /home/romi/fawad/ORB_SLAM3/include/KeyFrame.h:28,
[9.148s]                  from /home/romi/fawad/ORB_SLAM3/include/MapPoint.h:23,
[9.148s]                  from /home/romi/fawad/ORB_SLAM3/include/FrameDrawer.h:24,
[9.149s]                  from /home/romi/fawad/ORB_SLAM3/include/Viewer.h:23,
[9.149s]                  from /home/romi/fawad/ORB_SLAM3/include/Tracking.h:26,
[9.149s]                  from /home/romi/fawad/ORB_SLAM3/include/System.h:31,
[9.149s]                  from /home/romi/fawad/ros2_ws/src/ORB_SLAM3_ROS2/src/stereo/stereo-slam-node.hpp:13,
[9.149s]                  from /home/romi/fawad/ros2_ws/src/ORB_SLAM3_ROS2/src/stereo/stereo.cpp:7:
[9.149s] /usr/include/eigen3/Eigen/src/Core/util/Constants.h:167:37: note: declared here
[9.149s]   167 | EIGEN_DEPRECATED const unsigned int AlignedBit = 0x80;
[9.149s]       |                                     ^~~~~~~~~~
[9.151s] In file included from /home/romi/fawad/ORB_SLAM3/Thirdparty/g2o/g2o/types/types_six_dof_expmap.h:38,
[9.152s]                  from /home/romi/fawad/ORB_SLAM3/include/Converter.h:26,
[9.152s]                  from /home/romi/fawad/ORB_SLAM3/include/Frame.h:33,
[9.152s]                  from /home/romi/fawad/ORB_SLAM3/include/KeyFrame.h:28,
[9.152s]                  from /home/romi/fawad/ORB_SLAM3/include/MapPoint.h:23,
[9.152s]                  from /home/romi/fawad/ORB_SLAM3/include/FrameDrawer.h:24,
[9.152s]                  from /home/romi/fawad/ORB_SLAM3/include/Viewer.h:23,
[9.152s]                  from /home/romi/fawad/ORB_SLAM3/include/Tracking.h:26,
[9.152s]                  from /home/romi/fawad/ORB_SLAM3/include/System.h:31,
[9.152s]                  from /home/romi/fawad/ros2_ws/src/ORB_SLAM3_ROS2/src/stereo/stereo-slam-node.hpp:13,
[9.152s]                  from /home/romi/fawad/ros2_ws/src/ORB_SLAM3_ROS2/src/stereo/stereo.cpp:7:
[9.153s] /home/romi/fawad/ORB_SLAM3/Thirdparty/g2o/g2o/types/../core/base_binary_edge.h:60:82: warning: ‘Eigen::AlignedBit’ is deprecated [-Wdeprecated-declarations]
[9.153s]    60 |       typedef Eigen::Map<Matrix<double, Dj, Di>, Matrix<double, Dj, Di>::Flags & AlignedBit ? Aligned : Unaligned > HessianBlockTransposedType;
[9.153s]       |                                                                                  ^~~~~~~~~~
[9.153s] In file included from /usr/include/eigen3/Eigen/Core:161,
[9.153s]                  from /usr/include/eigen3/Eigen/LU:11,
[9.153s]                  from /home/romi/fawad/ORB_SLAM3/Thirdparty/Sophus/sophus/so2.hpp:12,
[9.153s]                  from /home/romi/fawad/ORB_SLAM3/Thirdparty/Sophus/sophus/se2.hpp:7,
[9.153s]                  from /home/romi/fawad/ORB_SLAM3/Thirdparty/Sophus/sophus/geometry.hpp:7,
[9.153s]                  from /home/romi/fawad/ORB_SLAM3/include/Frame.h:28,
[9.153s]                  from /home/romi/fawad/ORB_SLAM3/include/KeyFrame.h:28,
[9.153s]                  from /home/romi/fawad/ORB_SLAM3/include/MapPoint.h:23,
[9.154s]                  from /home/romi/fawad/ORB_SLAM3/include/FrameDrawer.h:24,
[9.154s]                  from /home/romi/fawad/ORB_SLAM3/include/Viewer.h:23,
[9.154s]                  from /home/romi/fawad/ORB_SLAM3/include/Tracking.h:26,
[9.154s]                  from /home/romi/fawad/ORB_SLAM3/include/System.h:31,
[9.154s]                  from /home/romi/fawad/ros2_ws/src/ORB_SLAM3_ROS2/src/stereo/stereo-slam-node.hpp:13,
[9.154s]                  from /home/romi/fawad/ros2_ws/src/ORB_SLAM3_ROS2/src/stereo/stereo.cpp:7:
[9.154s] /usr/include/eigen3/Eigen/src/Core/util/Constants.h:167:37: note: declared here
[9.154s]   167 | EIGEN_DEPRECATED const unsigned int AlignedBit = 0x80;
[9.154s]       |                                     ^~~~~~~~~~
[9.154s] In file included from /home/romi/fawad/ORB_SLAM3/Thirdparty/g2o/g2o/types/types_six_dof_expmap.h:41,
[9.155s]                  from /home/romi/fawad/ORB_SLAM3/include/Converter.h:26,
[9.155s]                  from /home/romi/fawad/ORB_SLAM3/include/Frame.h:33,
[9.155s]                  from /home/romi/fawad/ORB_SLAM3/include/KeyFrame.h:28,
[9.155s]                  from /home/romi/fawad/ORB_SLAM3/include/MapPoint.h:23,
[9.155s]                  from /home/romi/fawad/ORB_SLAM3/include/FrameDrawer.h:24,
[9.155s]                  from /home/romi/fawad/ORB_SLAM3/include/Viewer.h:23,
[9.155s]                  from /home/romi/fawad/ORB_SLAM3/include/Tracking.h:26,
[9.155s]                  from /home/romi/fawad/ORB_SLAM3/include/System.h:31,
[9.155s]                  from /home/romi/fawad/ros2_ws/src/ORB_SLAM3_ROS2/src/monocular/monocular-slam-node.hpp:9,
[9.155s]                  from /home/romi/fawad/ros2_ws/src/ORB_SLAM3_ROS2/src/monocular/monocular-slam-node.cpp:1:
[9.156s] /home/romi/fawad/ORB_SLAM3/Thirdparty/g2o/g2o/types/se3quat.h:43:38: warning: extra ‘;’ [-Wpedantic]
[9.156s]    43 |       EIGEN_MAKE_ALIGNED_OPERATOR_NEW;
[9.156s]       |                                      ^
[9.156s]       |                                      -
[9.188s] In file included from /home/romi/fawad/ORB_SLAM3/Thirdparty/g2o/g2o/types/types_six_dof_expmap.h:37,
[9.188s]                  from /home/romi/fawad/ORB_SLAM3/include/Converter.h:26,
[9.189s]                  from /home/romi/fawad/ORB_SLAM3/include/Frame.h:33,
[9.189s]                  from /home/romi/fawad/ORB_SLAM3/include/KeyFrame.h:28,
[9.189s]                  from /home/romi/fawad/ORB_SLAM3/include/MapPoint.h:23,
[9.189s]                  from /home/romi/fawad/ORB_SLAM3/include/FrameDrawer.h:24,
[9.189s]                  from /home/romi/fawad/ORB_SLAM3/include/Viewer.h:23,
[9.189s]                  from /home/romi/fawad/ORB_SLAM3/include/Tracking.h:26,
[9.189s]                  from /home/romi/fawad/ORB_SLAM3/include/System.h:31,
[9.189s]                  from /home/romi/fawad/ros2_ws/src/ORB_SLAM3_ROS2/src/stereo-inertial/stereo-inertial-node.hpp:10,
[9.189s]                  from /home/romi/fawad/ros2_ws/src/ORB_SLAM3_ROS2/src/stereo-inertial/stereo-inertial-node.cpp:1:
[9.189s] /home/romi/fawad/ORB_SLAM3/Thirdparty/g2o/g2o/types/../core/base_vertex.h: In instantiation of ‘class g2o::BaseVertex<7, g2o::Sim3>’:
[9.189s] /home/romi/fawad/ORB_SLAM3/Thirdparty/g2o/g2o/types/types_seven_dof_expmap.h:48:35:   required from here
[9.189s] /home/romi/fawad/ORB_SLAM3/Thirdparty/g2o/g2o/types/../core/base_vertex.h:62:72: warning: ‘Eigen::AlignedBit’ is deprecated [-Wdeprecated-declarations]
[9.190s]    62 |     typedef Eigen::Map<Matrix<double, D, D>, Matrix<double,D,D>::Flags & AlignedBit ? Aligned : Unaligned >  HessianBlockType;
[9.190s]       |                                                                  ~~~~~~^~~~~~~~~~~~
[9.190s] In file included from /usr/include/eigen3/Eigen/Core:161,
[9.190s]                  from /usr/include/eigen3/Eigen/LU:11,
[9.190s]                  from /home/romi/fawad/ORB_SLAM3/Thirdparty/Sophus/sophus/so2.hpp:12,
[9.190s]                  from /home/romi/fawad/ORB_SLAM3/Thirdparty/Sophus/sophus/se2.hpp:7,
[9.190s]                  from /home/romi/fawad/ORB_SLAM3/Thirdparty/Sophus/sophus/geometry.hpp:7,
[9.190s]                  from /home/romi/fawad/ORB_SLAM3/include/Frame.h:28,
[9.190s]                  from /home/romi/fawad/ORB_SLAM3/include/KeyFrame.h:28,
[9.191s]                  from /home/romi/fawad/ORB_SLAM3/include/MapPoint.h:23,
[9.191s]                  from /home/romi/fawad/ORB_SLAM3/include/FrameDrawer.h:24,
[9.191s]                  from /home/romi/fawad/ORB_SLAM3/include/Viewer.h:23,
[9.191s]                  from /home/romi/fawad/ORB_SLAM3/include/Tracking.h:26,
[9.191s]                  from /home/romi/fawad/ORB_SLAM3/include/System.h:31,
[9.191s]                  from /home/romi/fawad/ros2_ws/src/ORB_SLAM3_ROS2/src/stereo-inertial/stereo-inertial-node.hpp:10,
[9.191s]                  from /home/romi/fawad/ros2_ws/src/ORB_SLAM3_ROS2/src/stereo-inertial/stereo-inertial-node.cpp:1:
[9.191s] /usr/include/eigen3/Eigen/src/Core/util/Constants.h:167:37: note: declared here
[9.191s]   167 | EIGEN_DEPRECATED const unsigned int AlignedBit = 0x80;
[9.191s]       |                                     ^~~~~~~~~~
[9.200s] In file included from /home/romi/fawad/ORB_SLAM3/Thirdparty/g2o/g2o/types/types_six_dof_expmap.h:41,
[9.200s]                  from /home/romi/fawad/ORB_SLAM3/include/Converter.h:26,
[9.200s]                  from /home/romi/fawad/ORB_SLAM3/include/Frame.h:33,
[9.200s]                  from /home/romi/fawad/ORB_SLAM3/include/KeyFrame.h:28,
[9.200s]                  from /home/romi/fawad/ORB_SLAM3/include/MapPoint.h:23,
[9.200s]                  from /home/romi/fawad/ORB_SLAM3/include/FrameDrawer.h:24,
[9.200s]                  from /home/romi/fawad/ORB_SLAM3/include/Viewer.h:23,
[9.201s]                  from /home/romi/fawad/ORB_SLAM3/include/Tracking.h:26,
[9.201s]                  from /home/romi/fawad/ORB_SLAM3/include/System.h:31,
[9.201s]                  from /home/romi/fawad/ros2_ws/src/ORB_SLAM3_ROS2/src/stereo/stereo-slam-node.hpp:13,
[9.201s]                  from /home/romi/fawad/ros2_ws/src/ORB_SLAM3_ROS2/src/stereo/stereo.cpp:7:
[9.201s] /home/romi/fawad/ORB_SLAM3/Thirdparty/g2o/g2o/types/se3quat.h:43:38: warning: extra ‘;’ [-Wpedantic]
[9.201s]    43 |       EIGEN_MAKE_ALIGNED_OPERATOR_NEW;
[9.201s]       |                                      ^
[9.201s]       |                                      -
[9.236s] In file included from /home/romi/fawad/ORB_SLAM3/Thirdparty/g2o/g2o/types/types_six_dof_expmap.h:38,
[9.237s]                  from /home/romi/fawad/ORB_SLAM3/include/Converter.h:26,
[9.237s]                  from /home/romi/fawad/ORB_SLAM3/include/Frame.h:33,
[9.237s]                  from /home/romi/fawad/ORB_SLAM3/include/KeyFrame.h:28,
[9.237s]                  from /home/romi/fawad/ORB_SLAM3/include/MapPoint.h:23,
[9.237s]                  from /home/romi/fawad/ORB_SLAM3/include/FrameDrawer.h:24,
[9.237s]                  from /home/romi/fawad/ORB_SLAM3/include/Viewer.h:23,
[9.237s]                  from /home/romi/fawad/ORB_SLAM3/include/Tracking.h:26,
[9.237s]                  from /home/romi/fawad/ORB_SLAM3/include/System.h:31,
[9.238s]                  from /home/romi/fawad/ros2_ws/src/ORB_SLAM3_ROS2/src/stereo-inertial/stereo-inertial-node.hpp:10,
[9.238s]                  from /home/romi/fawad/ros2_ws/src/ORB_SLAM3_ROS2/src/stereo-inertial/stereo-inertial-node.cpp:1:
[9.238s] /home/romi/fawad/ORB_SLAM3/Thirdparty/g2o/g2o/types/../core/base_binary_edge.h: In instantiation of ‘class g2o::BaseBinaryEdge<7, g2o::Sim3, g2o::VertexSim3Expmap, g2o::VertexSim3Expmap>’:
[9.238s] /home/romi/fawad/ORB_SLAM3/Thirdparty/g2o/g2o/types/types_seven_dof_expmap.h:99:27:   required from here
[9.238s] /home/romi/fawad/ORB_SLAM3/Thirdparty/g2o/g2o/types/../core/base_binary_edge.h:59:80: warning: ‘Eigen::AlignedBit’ is deprecated [-Wdeprecated-declarations]
[9.238s]    59 |       typedef Eigen::Map<Matrix<double, Di, Dj>, Matrix<double, Di, Dj>::Flags & AlignedBit ? Aligned : Unaligned > HessianBlockType;
[9.238s]       |                                                                          ~~~~~~^~~~~~~~~~~~
[9.238s] In file included from /usr/include/eigen3/Eigen/Core:161,
[9.238s]                  from /usr/include/eigen3/Eigen/LU:11,
[9.238s]                  from /home/romi/fawad/ORB_SLAM3/Thirdparty/Sophus/sophus/so2.hpp:12,
[9.239s]                  from /home/romi/fawad/ORB_SLAM3/Thirdparty/Sophus/sophus/se2.hpp:7,
[9.239s]                  from /home/romi/fawad/ORB_SLAM3/Thirdparty/Sophus/sophus/geometry.hpp:7,
[9.239s]                  from /home/romi/fawad/ORB_SLAM3/include/Frame.h:28,
[9.239s]                  from /home/romi/fawad/ORB_SLAM3/include/KeyFrame.h:28,
[9.239s]                  from /home/romi/fawad/ORB_SLAM3/include/MapPoint.h:23,
[9.239s]                  from /home/romi/fawad/ORB_SLAM3/include/FrameDrawer.h:24,
[9.239s]                  from /home/romi/fawad/ORB_SLAM3/include/Viewer.h:23,
[9.239s]                  from /home/romi/fawad/ORB_SLAM3/include/Tracking.h:26,
[9.239s]                  from /home/romi/fawad/ORB_SLAM3/include/System.h:31,
[9.239s]                  from /home/romi/fawad/ros2_ws/src/ORB_SLAM3_ROS2/src/stereo-inertial/stereo-inertial-node.hpp:10,
[9.239s]                  from /home/romi/fawad/ros2_ws/src/ORB_SLAM3_ROS2/src/stereo-inertial/stereo-inertial-node.cpp:1:
[9.239s] /usr/include/eigen3/Eigen/src/Core/util/Constants.h:167:37: note: declared here
[9.240s]   167 | EIGEN_DEPRECATED const unsigned int AlignedBit = 0x80;
[9.240s]       |                                     ^~~~~~~~~~
[9.240s] In file included from /home/romi/fawad/ORB_SLAM3/Thirdparty/g2o/g2o/types/types_six_dof_expmap.h:38,
[9.240s]                  from /home/romi/fawad/ORB_SLAM3/include/Converter.h:26,
[9.240s]                  from /home/romi/fawad/ORB_SLAM3/include/Frame.h:33,
[9.240s]                  from /home/romi/fawad/ORB_SLAM3/include/KeyFrame.h:28,
[9.240s]                  from /home/romi/fawad/ORB_SLAM3/include/MapPoint.h:23,
[9.240s]                  from /home/romi/fawad/ORB_SLAM3/include/FrameDrawer.h:24,
[9.240s]                  from /home/romi/fawad/ORB_SLAM3/include/Viewer.h:23,
[9.241s]                  from /home/romi/fawad/ORB_SLAM3/include/Tracking.h:26,
[9.241s]                  from /home/romi/fawad/ORB_SLAM3/include/System.h:31,
[9.241s]                  from /home/romi/fawad/ros2_ws/src/ORB_SLAM3_ROS2/src/stereo-inertial/stereo-inertial-node.hpp:10,
[9.241s]                  from /home/romi/fawad/ros2_ws/src/ORB_SLAM3_ROS2/src/stereo-inertial/stereo-inertial-node.cpp:1:
[9.241s] /home/romi/fawad/ORB_SLAM3/Thirdparty/g2o/g2o/types/../core/base_binary_edge.h:60:80: warning: ‘Eigen::AlignedBit’ is deprecated [-Wdeprecated-declarations]
[9.241s]    60 |       typedef Eigen::Map<Matrix<double, Dj, Di>, Matrix<double, Dj, Di>::Flags & AlignedBit ? Aligned : Unaligned > HessianBlockTransposedType;
[9.241s]       |                                                                          ~~~~~~^~~~~~~~~~~~
[9.241s] In file included from /usr/include/eigen3/Eigen/Core:161,
[9.241s]                  from /usr/include/eigen3/Eigen/LU:11,
[9.241s]                  from /home/romi/fawad/ORB_SLAM3/Thirdparty/Sophus/sophus/so2.hpp:12,
[9.241s]                  from /home/romi/fawad/ORB_SLAM3/Thirdparty/Sophus/sophus/se2.hpp:7,
[9.242s]                  from /home/romi/fawad/ORB_SLAM3/Thirdparty/Sophus/sophus/geometry.hpp:7,
[9.242s]                  from /home/romi/fawad/ORB_SLAM3/include/Frame.h:28,
[9.242s]                  from /home/romi/fawad/ORB_SLAM3/include/KeyFrame.h:28,
[9.242s]                  from /home/romi/fawad/ORB_SLAM3/include/MapPoint.h:23,
[9.242s]                  from /home/romi/fawad/ORB_SLAM3/include/FrameDrawer.h:24,
[9.242s]                  from /home/romi/fawad/ORB_SLAM3/include/Viewer.h:23,
[9.242s]                  from /home/romi/fawad/ORB_SLAM3/include/Tracking.h:26,
[9.242s]                  from /home/romi/fawad/ORB_SLAM3/include/System.h:31,
[9.242s]                  from /home/romi/fawad/ros2_ws/src/ORB_SLAM3_ROS2/src/stereo-inertial/stereo-inertial-node.hpp:10,
[9.242s]                  from /home/romi/fawad/ros2_ws/src/ORB_SLAM3_ROS2/src/stereo-inertial/stereo-inertial-node.cpp:1:
[9.242s] /usr/include/eigen3/Eigen/src/Core/util/Constants.h:167:37: note: declared here
[9.243s]   167 | EIGEN_DEPRECATED const unsigned int AlignedBit = 0x80;
[9.243s]       |                                     ^~~~~~~~~~
[9.268s] In file included from /home/romi/fawad/ORB_SLAM3/Thirdparty/g2o/g2o/types/types_six_dof_expmap.h:37,
[9.268s]                  from /home/romi/fawad/ORB_SLAM3/include/Converter.h:26,
[9.268s]                  from /home/romi/fawad/ORB_SLAM3/include/Frame.h:33,
[9.268s]                  from /home/romi/fawad/ORB_SLAM3/include/KeyFrame.h:28,
[9.268s]                  from /home/romi/fawad/ORB_SLAM3/include/MapPoint.h:23,
[9.268s]                  from /home/romi/fawad/ORB_SLAM3/include/FrameDrawer.h:24,
[9.268s]                  from /home/romi/fawad/ORB_SLAM3/include/Viewer.h:23,
[9.268s]                  from /home/romi/fawad/ORB_SLAM3/include/Tracking.h:26,
[9.269s]                  from /home/romi/fawad/ORB_SLAM3/include/System.h:31,
[9.269s]                  from /home/romi/fawad/ros2_ws/src/ORB_SLAM3_ROS2/src/monocular/monocular-slam-node.hpp:9,
[9.269s]                  from /home/romi/fawad/ros2_ws/src/ORB_SLAM3_ROS2/src/monocular/mono.cpp:7:
[9.269s] /home/romi/fawad/ORB_SLAM3/Thirdparty/g2o/g2o/types/../core/base_vertex.h: In instantiation of ‘class g2o::BaseVertex<7, g2o::Sim3>’:
[9.269s] /home/romi/fawad/ORB_SLAM3/Thirdparty/g2o/g2o/types/types_seven_dof_expmap.h:48:35:   required from here
[9.269s] /home/romi/fawad/ORB_SLAM3/Thirdparty/g2o/g2o/types/../core/base_vertex.h:62:72: warning: ‘Eigen::AlignedBit’ is deprecated [-Wdeprecated-declarations]
[9.269s]    62 |  Eigen::Map<Matrix<double, D, D>, Matrix<double,D,D>::Flags & AlignedBit ? Aligned : Unaligned >  HessianBlockType;
[9.269s]       |                                                       ~~~~~~^~~~~~~~~~~~
[9.269s] 
[9.269s] In file included from /usr/include/eigen3/Eigen/Core:161,
[9.269s]                  from /usr/include/eigen3/Eigen/LU:11,
[9.269s]                  from /home/romi/fawad/ORB_SLAM3/Thirdparty/Sophus/sophus/so2.hpp:12,
[9.270s]                  from /home/romi/fawad/ORB_SLAM3/Thirdparty/Sophus/sophus/se2.hpp:7,
[9.270s]                  from /home/romi/fawad/ORB_SLAM3/Thirdparty/Sophus/sophus/geometry.hpp:7,
[9.270s]                  from /home/romi/fawad/ORB_SLAM3/include/Frame.h:28,
[9.270s]                  from /home/romi/fawad/ORB_SLAM3/include/KeyFrame.h:28,
[9.270s]                  from /home/romi/fawad/ORB_SLAM3/include/MapPoint.h:23,
[9.270s]                  from /home/romi/fawad/ORB_SLAM3/include/FrameDrawer.h:24,
[9.270s]                  from /home/romi/fawad/ORB_SLAM3/include/Viewer.h:23,
[9.270s]                  from /home/romi/fawad/ORB_SLAM3/include/Tracking.h:26,
[9.270s]                  from /home/romi/fawad/ORB_SLAM3/include/System.h:31,
[9.270s]                  from /home/romi/fawad/ros2_ws/src/ORB_SLAM3_ROS2/src/monocular/monocular-slam-node.hpp:9,
[9.270s]                  from /home/romi/fawad/ros2_ws/src/ORB_SLAM3_ROS2/src/monocular/mono.cpp:7:
[9.270s] /usr/include/eigen3/Eigen/src/Core/util/Constants.h:167:37: note: declared here
[9.271s]   167 | EIGEN_DEPRECATED const unsigned int AlignedBit = 0x80;
[9.271s]       |                                     ^~~~~~~~~~
[9.271s] In file included from /home/romi/fawad/ORB_SLAM3/Thirdparty/g2o/g2o/types/types_six_dof_expmap.h:37,
[9.271s]                  from /home/romi/fawad/ORB_SLAM3/include/Converter.h:26,
[9.271s]                  from /home/romi/fawad/ORB_SLAM3/include/Frame.h:33,
[9.271s]                  from /home/romi/fawad/ORB_SLAM3/include/KeyFrame.h:28,
[9.271s]                  from /home/romi/fawad/ORB_SLAM3/include/MapPoint.h:23,
[9.271s]                  from /home/romi/fawad/ORB_SLAM3/include/FrameDrawer.h:24,
[9.271s]                  from /home/romi/fawad/ORB_SLAM3/include/Viewer.h:23,
[9.271s]                  from /home/romi/fawad/ORB_SLAM3/include/Tracking.h:26,
[9.272s]                  from /home/romi/fawad/ORB_SLAM3/include/System.h:31,
[9.272s]                  from /home/romi/fawad/ros2_ws/src/ORB_SLAM3_ROS2/src/rgbd/rgbd-slam-node.hpp:18,
[9.272s]                  from /home/romi/fawad/ros2_ws/src/ORB_SLAM3_ROS2/src/rgbd/rgbd-slam-node.cpp:1:
[9.272s] /home/romi/fawad/ORB_SLAM3/Thirdparty/g2o/g2o/types/../core/base_vertex.h: At global scope:
[9.272s] /home/romi/fawad/ORB_SLAM3/Thirdparty/g2o/g2o/types/../core/base_vertex.h:62:74: warning: ‘Eigen::AlignedBit’ is deprecated [-Wdeprecated-declarations]
[9.272s]    62 |     typedef Eigen::Map<Matrix<double, D, D>, Matrix<double,D,D>::Flags & AlignedBit ? Aligned : Unaligned >  HessianBlockType;
[9.272s]       |                                                                          ^~~~~~~~~~
[9.272s] In file included from /usr/include/eigen3/Eigen/Core:161,
[9.272s]                  from /usr/include/eigen3/Eigen/LU:11,
[9.272s]                  from /home/romi/fawad/ORB_SLAM3/Thirdparty/Sophus/sophus/so2.hpp:12,
[9.273s]                  from /home/romi/fawad/ORB_SLAM3/Thirdparty/Sophus/sophus/se2.hpp:7,
[9.273s]                  from /home/romi/fawad/ORB_SLAM3/Thirdparty/Sophus/sophus/geometry.hpp:7,
[9.273s]                  from /home/romi/fawad/ORB_SLAM3/include/Frame.h:28,
[9.273s]                  from /home/romi/fawad/ORB_SLAM3/include/KeyFrame.h:28,
[9.273s]                  from /home/romi/fawad/ORB_SLAM3/include/MapPoint.h:23,
[9.273s]                  from /home/romi/fawad/ORB_SLAM3/include/FrameDrawer.h:24,
[9.273s]                  from /home/romi/fawad/ORB_SLAM3/include/Viewer.h:23,
[9.273s]                  from /home/romi/fawad/ORB_SLAM3/include/Tracking.h:26,
[9.273s]                  from /home/romi/fawad/ORB_SLAM3/include/System.h:31,
[9.273s]                  from /home/romi/fawad/ros2_ws/src/ORB_SLAM3_ROS2/src/rgbd/rgbd-slam-node.hpp:18,
[9.273s]                  from /home/romi/fawad/ros2_ws/src/ORB_SLAM3_ROS2/src/rgbd/rgbd-slam-node.cpp:1:
[9.274s] /usr/include/eigen3/Eigen/src/Core/util/Constants.h:167:37: note: declared here
[9.274s]   167 | EIGEN_DEPRECATED const unsigned int AlignedBit = 0x80;
[9.274s]       |                                     ^~~~~~~~~~
[9.296s] In file included from /home/romi/fawad/ORB_SLAM3/Thirdparty/g2o/g2o/types/types_six_dof_expmap.h:38,
[9.296s]                  from /home/romi/fawad/ORB_SLAM3/include/Converter.h:26,
[9.297s]                  from /home/romi/fawad/ORB_SLAM3/include/Frame.h:33,
[9.297s]                  from /home/romi/fawad/ORB_SLAM3/include/KeyFrame.h:28,
[9.297s]                  from /home/romi/fawad/ORB_SLAM3/include/MapPoint.h:23,
[9.297s]                  from /home/romi/fawad/ORB_SLAM3/include/FrameDrawer.h:24,
[9.297s]                  from /home/romi/fawad/ORB_SLAM3/include/Viewer.h:23,
[9.297s]                  from /home/romi/fawad/ORB_SLAM3/include/Tracking.h:26,
[9.297s]                  from /home/romi/fawad/ORB_SLAM3/include/System.h:31,
[9.297s]                  from /home/romi/fawad/ros2_ws/src/ORB_SLAM3_ROS2/src/stereo-inertial/stereo-inertial-node.hpp:10,
[9.297s]                  from /home/romi/fawad/ros2_ws/src/ORB_SLAM3_ROS2/src/stereo-inertial/stereo-inertial-node.cpp:1:
[9.297s] /home/romi/fawad/ORB_SLAM3/Thirdparty/g2o/g2o/types/../core/base_binary_edge.h: In instantiation of ‘class g2o::BaseBinaryEdge<2, Eigen::Matrix<double, 2, 1>, g2o::VertexSBAPointXYZ, g2o::VertexSim3Expmap>’:
[9.297s] /home/romi/fawad/ORB_SLAM3/Thirdparty/g2o/g2o/types/types_seven_dof_expmap.h:130:36:   required from here
[9.298s] /home/romi/fawad/ORB_SLAM3/Thirdparty/g2o/g2o/types/../core/base_binary_edge.h:59:80: warning: ‘Eigen::AlignedBit’ is deprecated [-Wdeprecated-declarations]
[9.298s]    59 |       typedef Eigen::Map<Matrix<double, Di, Dj>, Matrix<double, Di, Dj>::Flags & AlignedBit ? Aligned : Unaligned > HessianBlockType;
[9.298s]       |                                                                          ~~~~~~^~~~~~~~~~~~
[9.298s] In file included from /usr/include/eigen3/Eigen/Core:161,
[9.298s]                  from /usr/include/eigen3/Eigen/LU:11,
[9.298s]                  from /home/romi/fawad/ORB_SLAM3/Thirdparty/Sophus/sophus/so2.hpp:12,
[9.298s]                  from /home/romi/fawad/ORB_SLAM3/Thirdparty/Sophus/sophus/se2.hpp:7,
[9.298s]                  from /home/romi/fawad/ORB_SLAM3/Thirdparty/Sophus/sophus/geometry.hpp:7,
[9.298s]                  from /home/romi/fawad/ORB_SLAM3/include/Frame.h:28,
[9.299s]                  from /home/romi/fawad/ORB_SLAM3/include/KeyFrame.h:28,
[9.299s]                  from /home/romi/fawad/ORB_SLAM3/include/MapPoint.h:23,
[9.299s]                  from /home/romi/fawad/ORB_SLAM3/include/FrameDrawer.h:24,
[9.299s]                  from /home/romi/fawad/ORB_SLAM3/include/Viewer.h:23,
[9.299s]                  from /home/romi/fawad/ORB_SLAM3/include/Tracking.h:26,
[9.299s]                  from /home/romi/fawad/ORB_SLAM3/include/System.h:31,
[9.299s]                  from /home/romi/fawad/ros2_ws/src/ORB_SLAM3_ROS2/src/stereo-inertial/stereo-inertial-node.hpp:10,
[9.299s]                  from /home/romi/fawad/ros2_ws/src/ORB_SLAM3_ROS2/src/stereo-inertial/stereo-inertial-node.cpp:1:
[9.299s] /usr/include/eigen3/Eigen/src/Core/util/Constants.h:167:37: note: declared here
[9.299s]   167 | EIGEN_DEPRECATED const unsigned int AlignedBit = 0x80;
[9.299s]       |                                     ^~~~~~~~~~
[9.304s] In file included from /home/romi/fawad/ORB_SLAM3/Thirdparty/g2o/g2o/types/types_six_dof_expmap.h:38,
[9.304s]                  from /home/romi/fawad/ORB_SLAM3/include/Converter.h:26,
[9.304s]                  from /home/romi/fawad/ORB_SLAM3/include/Frame.h:33,
[9.304s]                  from /home/romi/fawad/ORB_SLAM3/include/KeyFrame.h:28,
[9.304s]                  from /home/romi/fawad/ORB_SLAM3/include/MapPoint.h:23,
[9.305s]                  from /home/romi/fawad/ORB_SLAM3/include/FrameDrawer.h:24,
[9.305s]                  from /home/romi/fawad/ORB_SLAM3/include/Viewer.h:23,
[9.305s]                  from /home/romi/fawad/ORB_SLAM3/include/Tracking.h:26,
[9.305s]                  from /home/romi/fawad/ORB_SLAM3/include/System.h:31,
[9.305s]                  from /home/romi/fawad/ros2_ws/src/ORB_SLAM3_ROS2/src/rgbd/rgbd-slam-node.hpp:18,
[9.305s]                  from /home/romi/fawad/ros2_ws/src/ORB_SLAM3_ROS2/src/rgbd/rgbd-slam-node.cpp:1:
[9.305s] /home/romi/fawad/ORB_SLAM3/Thirdparty/g2o/g2o/types/../core/base_binary_edge.h:59:82: warning: ‘Eigen::AlignedBit’ is deprecated [-Wdeprecated-declarations]
[9.305s]    59 |       typedef Eigen::Map<Matrix<double, Di, Dj>, Matrix<double, Di, Dj>::Flags & AlignedBit ? Aligned : Unaligned > HessianBlockType;
[9.305s]       |                                                                                  ^~~~~~~~~~
[9.305s] In file included from /usr/include/eigen3/Eigen/Core:161,
[9.305s]                  from /usr/include/eigen3/Eigen/LU:11,
[9.305s]                  from /home/romi/fawad/ORB_SLAM3/Thirdparty/Sophus/sophus/so2.hpp:12,
[9.306s]                  from /home/romi/fawad/ORB_SLAM3/Thirdparty/Sophus/sophus/se2.hpp:7,
[9.306s]                  from /home/romi/fawad/ORB_SLAM3/Thirdparty/Sophus/sophus/geometry.hpp:7,
[9.306s]                  from /home/romi/fawad/ORB_SLAM3/include/Frame.h:28,
[9.306s]                  from /home/romi/fawad/ORB_SLAM3/include/KeyFrame.h:28,
[9.306s]                  from /home/romi/fawad/ORB_SLAM3/include/MapPoint.h:23,
[9.306s]                  from /home/romi/fawad/ORB_SLAM3/include/FrameDrawer.h:24,
[9.306s]                  from /home/romi/fawad/ORB_SLAM3/include/Viewer.h:23,
[9.306s]                  from /home/romi/fawad/ORB_SLAM3/include/Tracking.h:26,
[9.306s]                  from /home/romi/fawad/ORB_SLAM3/include/System.h:31,
[9.306s]                  from /home/romi/fawad/ros2_ws/src/ORB_SLAM3_ROS2/src/rgbd/rgbd-slam-node.hpp:18,
[9.306s]                  from /home/romi/fawad/ros2_ws/src/ORB_SLAM3_ROS2/src/rgbd/rgbd-slam-node.cpp:1:
[9.306s] /usr/include/eigen3/Eigen/src/Core/util/Constants.h:167:37: note: declared here
[9.307s]   167 | EIGEN_DEPRECATED const unsigned int AlignedBit = 0x80;
[9.307s]       |                                     ^~~~~~~~~~
[9.307s] In file included from /home/romi/fawad/ORB_SLAM3/Thirdparty/g2o/g2o/types/types_six_dof_expmap.h:38,
[9.307s]                  from /home/romi/fawad/ORB_SLAM3/include/Converter.h:26,
[9.307s]                  from /home/romi/fawad/ORB_SLAM3/include/Frame.h:33,
[9.307s]                  from /home/romi/fawad/ORB_SLAM3/include/KeyFrame.h:28,
[9.307s]                  from /home/romi/fawad/ORB_SLAM3/include/MapPoint.h:23,
[9.307s]                  from /home/romi/fawad/ORB_SLAM3/include/FrameDrawer.h:24,
[9.307s]                  from /home/romi/fawad/ORB_SLAM3/include/Viewer.h:23,
[9.307s]                  from /home/romi/fawad/ORB_SLAM3/include/Tracking.h:26,
[9.308s]                  from /home/romi/fawad/ORB_SLAM3/include/System.h:31,
[9.308s]                  from /home/romi/fawad/ros2_ws/src/ORB_SLAM3_ROS2/src/rgbd/rgbd-slam-node.hpp:18,
[9.308s]                  from /home/romi/fawad/ros2_ws/src/ORB_SLAM3_ROS2/src/rgbd/rgbd-slam-node.cpp:1:
[9.308s] /home/romi/fawad/ORB_SLAM3/Thirdparty/g2o/g2o/types/../core/base_binary_edge.h:60:82: warning: ‘Eigen::AlignedBit’ is deprecated [-Wdeprecated-declarations]
[9.308s]    60 |       typedef Eigen::Map<Matrix<double, Dj, Di>, Matrix<double, Dj, Di>::Flags & AlignedBit ? Aligned : Unaligned > HessianBlockTransposedType;
[9.308s]       |                                                                                  ^~~~~~~~~~
[9.308s] In file included from /usr/include/eigen3/Eigen/Core:161,
[9.308s]                  from /usr/include/eigen3/Eigen/LU:11,
[9.308s]                  from /home/romi/fawad/ORB_SLAM3/Thirdparty/Sophus/sophus/so2.hpp:12,
[9.308s]                  from /home/romi/fawad/ORB_SLAM3/Thirdparty/Sophus/sophus/se2.hpp:7,
[9.308s]                  from /home/romi/fawad/ORB_SLAM3/Thirdparty/Sophus/sophus/geometry.hpp:7,
[9.309s]                  from /home/romi/fawad/ORB_SLAM3/include/Frame.h:28,
[9.309s]                  from /home/romi/fawad/ORB_SLAM3/include/KeyFrame.h:28,
[9.309s]                  from /home/romi/fawad/ORB_SLAM3/include/MapPoint.h:23,
[9.309s]                  from /home/romi/fawad/ORB_SLAM3/include/FrameDrawer.h:24,
[9.309s]                  from /home/romi/fawad/ORB_SLAM3/include/Viewer.h:23,
[9.309s]                  from /home/romi/fawad/ORB_SLAM3/include/Tracking.h:26,
[9.309s]                  from /home/romi/fawad/ORB_SLAM3/include/System.h:31,
[9.309s]                  from /home/romi/fawad/ros2_ws/src/ORB_SLAM3_ROS2/src/rgbd/rgbd-slam-node.hpp:18,
[9.309s]                  from /home/romi/fawad/ros2_ws/src/ORB_SLAM3_ROS2/src/rgbd/rgbd-slam-node.cpp:1:
[9.309s] /usr/include/eigen3/Eigen/src/Core/util/Constants.h:167:37: note: declared here
[9.309s]   167 | EIGEN_DEPRECATED const unsigned int AlignedBit = 0x80;
[9.310s]       |                                     ^~~~~~~~~~
[9.317s] In file included from /home/romi/fawad/ORB_SLAM3/Thirdparty/g2o/g2o/types/types_six_dof_expmap.h:38,
[9.317s]                  from /home/romi/fawad/ORB_SLAM3/include/Converter.h:26,
[9.317s]                  from /home/romi/fawad/ORB_SLAM3/include/Frame.h:33,
[9.317s]                  from /home/romi/fawad/ORB_SLAM3/include/KeyFrame.h:28,
[9.317s]                  from /home/romi/fawad/ORB_SLAM3/include/MapPoint.h:23,
[9.317s]                  from /home/romi/fawad/ORB_SLAM3/include/FrameDrawer.h:24,
[9.317s]                  from /home/romi/fawad/ORB_SLAM3/include/Viewer.h:23,
[9.317s]                  from /home/romi/fawad/ORB_SLAM3/include/Tracking.h:26,
[9.317s]                  from /home/romi/fawad/ORB_SLAM3/include/System.h:31,
[9.317s]                  from /home/romi/fawad/ros2_ws/src/ORB_SLAM3_ROS2/src/monocular/monocular-slam-node.hpp:9,
[9.317s]                  from /home/romi/fawad/ros2_ws/src/ORB_SLAM3_ROS2/src/monocular/mono.cpp:7:
[9.318s] /home/romi/fawad/ORB_SLAM3/Thirdparty/g2o/g2o/types/../core/base_binary_edge.h: In instantiation of ‘class g2o::BaseBinaryEdge<7, g2o::Sim3, g2o::VertexSim3Expmap, g2o::VertexSim3Expmap>’:
[9.318s] /home/romi/fawad/ORB_SLAM3/Thirdparty/g2o/g2o/types/types_seven_dof_expmap.h:99:27:   required from here
[9.318s] /home/romi/fawad/ORB_SLAM3/Thirdparty/g2o/g2o/types/../core/base_binary_edge.h:59:80: warning: ‘Eigen::AlignedBit’ is deprecated [-Wdeprecated-declarations]
[9.318s]    59 | ::Map<Matrix<double, Di, Dj>, Matrix<double, Di, Dj>::Flags & AlignedBit ? Aligned : Unaligned > HessianBlockType;
[9.318s]       |                                                       ~~~~~~^~~~~~~~~~~~
[9.318s] 
[9.319s] In file included from /usr/include/eigen3/Eigen/Core:161,
[9.319s]                  from /usr/include/eigen3/Eigen/LU:11,
[9.319s]                  from /home/romi/fawad/ORB_SLAM3/Thirdparty/Sophus/sophus/so2.hpp:12,
[9.319s]                  from /home/romi/fawad/ORB_SLAM3/Thirdparty/Sophus/sophus/se2.hpp:7,
[9.319s]                  from /home/romi/fawad/ORB_SLAM3/Thirdparty/Sophus/sophus/geometry.hpp:7,
[9.319s]                  from /home/romi/fawad/ORB_SLAM3/include/Frame.h:28,
[9.319s]                  from /home/romi/fawad/ORB_SLAM3/include/KeyFrame.h:28,
[9.319s]                  from /home/romi/fawad/ORB_SLAM3/include/MapPoint.h:23,
[9.319s]                  from /home/romi/fawad/ORB_SLAM3/include/FrameDrawer.h:24,
[9.319s]                  from /home/romi/fawad/ORB_SLAM3/include/Viewer.h:23,
[9.319s]                  from /home/romi/fawad/ORB_SLAM3/include/Tracking.h:26,
[9.320s]                  from /home/romi/fawad/ORB_SLAM3/include/System.h:31,
[9.320s]                  from /home/romi/fawad/ros2_ws/src/ORB_SLAM3_ROS2/src/monocular/monocular-slam-node.hpp:9,
[9.320s]                  from /home/romi/fawad/ros2_ws/src/ORB_SLAM3_ROS2/src/monocular/mono.cpp:7:
[9.320s] /usr/include/eigen3/Eigen/src/Core/util/Constants.h:167:37: note: declared here
[9.320s]   167 | EIGEN_DEPRECATED const unsigned int AlignedBit = 0x80;
[9.320s]       |                                     ^~~~~~~~~~
[9.320s] In file included from /home/romi/fawad/ORB_SLAM3/Thirdparty/g2o/g2o/types/types_six_dof_expmap.h:38,
[9.320s]                  from /home/romi/fawad/ORB_SLAM3/include/Converter.h:26,
[9.320s]                  from /home/romi/fawad/ORB_SLAM3/include/Frame.h:33,
[9.320s]                  from /home/romi/fawad/ORB_SLAM3/include/KeyFrame.h:28,
[9.320s]                  from /home/romi/fawad/ORB_SLAM3/include/MapPoint.h:23,
[9.321s]                  from /home/romi/fawad/ORB_SLAM3/include/FrameDrawer.h:24,
[9.321s]                  from /home/romi/fawad/ORB_SLAM3/include/Viewer.h:23,
[9.321s]                  from /home/romi/fawad/ORB_SLAM3/include/Tracking.h:26,
[9.321s]                  from /home/romi/fawad/ORB_SLAM3/include/System.h:31,
[9.321s]                  from /home/romi/fawad/ros2_ws/src/ORB_SLAM3_ROS2/src/monocular/monocular-slam-node.hpp:9,
[9.321s]                  from /home/romi/fawad/ros2_ws/src/ORB_SLAM3_ROS2/src/monocular/mono.cpp:7:
[9.321s] /home/romi/fawad/ORB_SLAM3/Thirdparty/g2o/g2o/types/../core/base_binary_edge.h:60:80: warning: ‘Eigen::AlignedBit’ is deprecated [-Wdeprecated-declarations]
[9.321s]    60 | ::Map<Matrix<double, Dj, Di>, Matrix<double, Dj, Di>::Flags & AlignedBit ? Aligned : Unaligned > HessianBlockTransposedType;
[9.321s]       |                                                       ~~~~~~^~~~~~~~~~~~
[9.321s] 
[9.321s] In file included from /usr/include/eigen3/Eigen/Core:161,
[9.322s]                  from /usr/include/eigen3/Eigen/LU:11,
[9.322s]                  from /home/romi/fawad/ORB_SLAM3/Thirdparty/Sophus/sophus/so2.hpp:12,
[9.322s]                  from /home/romi/fawad/ORB_SLAM3/Thirdparty/Sophus/sophus/se2.hpp:7,
[9.322s]                  from /home/romi/fawad/ORB_SLAM3/Thirdparty/Sophus/sophus/geometry.hpp:7,
[9.322s]                  from /home/romi/fawad/ORB_SLAM3/include/Frame.h:28,
[9.322s]                  from /home/romi/fawad/ORB_SLAM3/include/KeyFrame.h:28,
[9.322s]                  from /home/romi/fawad/ORB_SLAM3/include/MapPoint.h:23,
[9.322s]                  from /home/romi/fawad/ORB_SLAM3/include/FrameDrawer.h:24,
[9.322s]                  from /home/romi/fawad/ORB_SLAM3/include/Viewer.h:23,
[9.322s]                  from /home/romi/fawad/ORB_SLAM3/include/Tracking.h:26,
[9.322s]                  from /home/romi/fawad/ORB_SLAM3/include/System.h:31,
[9.323s]                  from /home/romi/fawad/ros2_ws/src/ORB_SLAM3_ROS2/src/monocular/monocular-slam-node.hpp:9,
[9.323s]                  from /home/romi/fawad/ros2_ws/src/ORB_SLAM3_ROS2/src/monocular/mono.cpp:7:
[9.323s] /usr/include/eigen3/Eigen/src/Core/util/Constants.h:167:37: note: declared here
[9.323s]   167 | EIGEN_DEPRECATED const unsigned int AlignedBit = 0x80;
[9.323s]       |                                     ^~~~~~~~~~
[9.323s] In file included from /home/romi/fawad/ORB_SLAM3/Thirdparty/g2o/g2o/types/types_six_dof_expmap.h:38,
[9.323s]                  from /home/romi/fawad/ORB_SLAM3/include/Converter.h:26,
[9.323s]                  from /home/romi/fawad/ORB_SLAM3/include/Frame.h:33,
[9.323s]                  from /home/romi/fawad/ORB_SLAM3/include/KeyFrame.h:28,
[9.323s]                  from /home/romi/fawad/ORB_SLAM3/include/MapPoint.h:23,
[9.323s]                  from /home/romi/fawad/ORB_SLAM3/include/FrameDrawer.h:24,
[9.324s]                  from /home/romi/fawad/ORB_SLAM3/include/Viewer.h:23,
[9.324s]                  from /home/romi/fawad/ORB_SLAM3/include/Tracking.h:26,
[9.324s]                  from /home/romi/fawad/ORB_SLAM3/include/System.h:31,
[9.324s]                  from /home/romi/fawad/ros2_ws/src/ORB_SLAM3_ROS2/src/stereo-inertial/stereo-inertial-node.hpp:10,
[9.324s]                  from /home/romi/fawad/ros2_ws/src/ORB_SLAM3_ROS2/src/stereo-inertial/stereo-inertial-node.cpp:1:
[9.324s] /home/romi/fawad/ORB_SLAM3/Thirdparty/g2o/g2o/types/../core/base_binary_edge.h:60:80: warning: ‘Eigen::AlignedBit’ is deprecated [-Wdeprecated-declarations]
[9.324s]    60 |       typedef Eigen::Map<Matrix<double, Dj, Di>, Matrix<double, Dj, Di>::Flags & AlignedBit ? Aligned : Unaligned > HessianBlockTransposedType;
[9.324s]       |                                                                          ~~~~~~^~~~~~~~~~~~
[9.324s] In file included from /usr/include/eigen3/Eigen/Core:161,
[9.324s]                  from /usr/include/eigen3/Eigen/LU:11,
[9.324s]                  from /home/romi/fawad/ORB_SLAM3/Thirdparty/Sophus/sophus/so2.hpp:12,
[9.325s]                  from /home/romi/fawad/ORB_SLAM3/Thirdparty/Sophus/sophus/se2.hpp:7,
[9.325s]                  from /home/romi/fawad/ORB_SLAM3/Thirdparty/Sophus/sophus/geometry.hpp:7,
[9.325s]                  from /home/romi/fawad/ORB_SLAM3/include/Frame.h:28,
[9.325s]                  from /home/romi/fawad/ORB_SLAM3/include/KeyFrame.h:28,
[9.325s]                  from /home/romi/fawad/ORB_SLAM3/include/MapPoint.h:23,
[9.325s]                  from /home/romi/fawad/ORB_SLAM3/include/FrameDrawer.h:24,
[9.325s]                  from /home/romi/fawad/ORB_SLAM3/include/Viewer.h:23,
[9.325s]                  from /home/romi/fawad/ORB_SLAM3/include/Tracking.h:26,
[9.325s]                  from /home/romi/fawad/ORB_SLAM3/include/System.h:31,
[9.325s]                  from /home/romi/fawad/ros2_ws/src/ORB_SLAM3_ROS2/src/stereo-inertial/stereo-inertial-node.hpp:10,
[9.325s]                  from /home/romi/fawad/ros2_ws/src/ORB_SLAM3_ROS2/src/stereo-inertial/stereo-inertial-node.cpp:1:
[9.326s] /usr/include/eigen3/Eigen/src/Core/util/Constants.h:167:37: note: declared here
[9.326s]   167 | EIGEN_DEPRECATED const unsigned int AlignedBit = 0x80;
[9.326s]       |                                     ^~~~~~~~~~
[9.380s] In file included from /home/romi/fawad/ORB_SLAM3/Thirdparty/g2o/g2o/types/types_six_dof_expmap.h:41,
[9.380s]                  from /home/romi/fawad/ORB_SLAM3/include/Converter.h:26,
[9.380s]                  from /home/romi/fawad/ORB_SLAM3/include/Frame.h:33,
[9.381s]                  from /home/romi/fawad/ORB_SLAM3/include/KeyFrame.h:28,
[9.381s]                  from /home/romi/fawad/ORB_SLAM3/include/MapPoint.h:23,
[9.381s]                  from /home/romi/fawad/ORB_SLAM3/include/FrameDrawer.h:24,
[9.381s]                  from /home/romi/fawad/ORB_SLAM3/include/Viewer.h:23,
[9.381s]                  from /home/romi/fawad/ORB_SLAM3/include/Tracking.h:26,
[9.381s]                  from /home/romi/fawad/ORB_SLAM3/include/System.h:31,
[9.381s]                  from /home/romi/fawad/ros2_ws/src/ORB_SLAM3_ROS2/src/rgbd/rgbd-slam-node.hpp:18,
[9.381s]                  from /home/romi/fawad/ros2_ws/src/ORB_SLAM3_ROS2/src/rgbd/rgbd-slam-node.cpp:1:
[9.381s] /home/romi/fawad/ORB_SLAM3/Thirdparty/g2o/g2o/types/se3quat.h:43:38: warning: extra ‘;’ [-Wpedantic]
[9.381s]    43 |       EIGEN_MAKE_ALIGNED_OPERATOR_NEW;
[9.382s]       |                                      ^
[9.382s]       |                                      -
[9.384s] In file included from /home/romi/fawad/ORB_SLAM3/Thirdparty/g2o/g2o/types/types_six_dof_expmap.h:38,
[9.384s]                  from /home/romi/fawad/ORB_SLAM3/include/Converter.h:26,
[9.384s]                  from /home/romi/fawad/ORB_SLAM3/include/Frame.h:33,
[9.384s]                  from /home/romi/fawad/ORB_SLAM3/include/KeyFrame.h:28,
[9.384s]                  from /home/romi/fawad/ORB_SLAM3/include/MapPoint.h:23,
[9.385s]                  from /home/romi/fawad/ORB_SLAM3/include/FrameDrawer.h:24,
[9.385s]                  from /home/romi/fawad/ORB_SLAM3/include/Viewer.h:23,
[9.385s]                  from /home/romi/fawad/ORB_SLAM3/include/Tracking.h:26,
[9.385s]                  from /home/romi/fawad/ORB_SLAM3/include/System.h:31,
[9.385s]                  from /home/romi/fawad/ros2_ws/src/ORB_SLAM3_ROS2/src/monocular/monocular-slam-node.hpp:9,
[9.385s]                  from /home/romi/fawad/ros2_ws/src/ORB_SLAM3_ROS2/src/monocular/mono.cpp:7:
[9.385s] /home/romi/fawad/ORB_SLAM3/Thirdparty/g2o/g2o/types/../core/base_binary_edge.h: In instantiation of ‘class g2o::BaseBinaryEdge<2, Eigen::Matrix<double, 2, 1>, g2o::VertexSBAPointXYZ, g2o::VertexSim3Expmap>’:
[9.385s] /home/romi/fawad/ORB_SLAM3/Thirdparty/g2o/g2o/types/types_seven_dof_expmap.h:130:36:   required from here
[9.385s] /home/romi/fawad/ORB_SLAM3/Thirdparty/g2o/g2o/types/../core/base_binary_edge.h:59:80: warning: ‘Eigen::AlignedBit’ is deprecated [-Wdeprecated-declarations]
[9.386s]    59 | ::Map<Matrix<double, Di, Dj>, Matrix<double, Di, Dj>::Flags & AlignedBit ? Aligned : Unaligned > HessianBlockType;
[9.386s]       |                                                       ~~~~~~^~~~~~~~~~~~
[9.386s] 
[9.386s] In file included from /usr/include/eigen3/Eigen/Core:161,
[9.386s]                  from /usr/include/eigen3/Eigen/LU:11,
[9.386s]                  from /home/romi/fawad/ORB_SLAM3/Thirdparty/Sophus/sophus/so2.hpp:12,
[9.386s]                  from /home/romi/fawad/ORB_SLAM3/Thirdparty/Sophus/sophus/se2.hpp:7,
[9.386s]                  from /home/romi/fawad/ORB_SLAM3/Thirdparty/Sophus/sophus/geometry.hpp:7,
[9.386s]                  from /home/romi/fawad/ORB_SLAM3/include/Frame.h:28,
[9.386s]                  from /home/romi/fawad/ORB_SLAM3/include/KeyFrame.h:28,
[9.386s]                  from /home/romi/fawad/ORB_SLAM3/include/MapPoint.h:23,
[9.387s]                  from /home/romi/fawad/ORB_SLAM3/include/FrameDrawer.h:24,
[9.387s]                  from /home/romi/fawad/ORB_SLAM3/include/Viewer.h:23,
[9.387s]                  from /home/romi/fawad/ORB_SLAM3/include/Tracking.h:26,
[9.387s]                  from /home/romi/fawad/ORB_SLAM3/include/System.h:31,
[9.387s]                  from /home/romi/fawad/ros2_ws/src/ORB_SLAM3_ROS2/src/monocular/monocular-slam-node.hpp:9,
[9.387s]                  from /home/romi/fawad/ros2_ws/src/ORB_SLAM3_ROS2/src/monocular/mono.cpp:7:
[9.387s] /usr/include/eigen3/Eigen/src/Core/util/Constants.h:167:37: note: declared here
[9.387s]   167 | EIGEN_DEPRECATED const unsigned int AlignedBit = 0x80;
[9.387s]       |                                     ^~~~~~~~~~
[9.410s] In file included from /home/romi/fawad/ORB_SLAM3/Thirdparty/g2o/g2o/types/types_six_dof_expmap.h:38,
[9.410s]                  from /home/romi/fawad/ORB_SLAM3/include/Converter.h:26,
[9.410s]                  from /home/romi/fawad/ORB_SLAM3/include/Frame.h:33,
[9.410s]                  from /home/romi/fawad/ORB_SLAM3/include/KeyFrame.h:28,
[9.411s]                  from /home/romi/fawad/ORB_SLAM3/include/MapPoint.h:23,
[9.411s]                  from /home/romi/fawad/ORB_SLAM3/include/FrameDrawer.h:24,
[9.411s]                  from /home/romi/fawad/ORB_SLAM3/include/Viewer.h:23,
[9.411s]                  from /home/romi/fawad/ORB_SLAM3/include/Tracking.h:26,
[9.411s]                  from /home/romi/fawad/ORB_SLAM3/include/System.h:31,
[9.411s]                  from /home/romi/fawad/ros2_ws/src/ORB_SLAM3_ROS2/src/monocular/monocular-slam-node.hpp:9,
[9.411s]                  from /home/romi/fawad/ros2_ws/src/ORB_SLAM3_ROS2/src/monocular/mono.cpp:7:
[9.411s] /home/romi/fawad/ORB_SLAM3/Thirdparty/g2o/g2o/types/../core/base_binary_edge.h:60:80: warning: ‘Eigen::AlignedBit’ is deprecated [-Wdeprecated-declarations]
[9.411s]    60 | ::Map<Matrix<double, Dj, Di>, Matrix<double, Dj, Di>::Flags & AlignedBit ? Aligned : Unaligned > HessianBlockTransposedType;
[9.411s]       |                                                       ~~~~~~^~~~~~~~~~~~
[9.412s] 
[9.412s] In file included from /usr/include/eigen3/Eigen/Core:161,
[9.412s]                  from /usr/include/eigen3/Eigen/LU:11,
[9.412s]                  from /home/romi/fawad/ORB_SLAM3/Thirdparty/Sophus/sophus/so2.hpp:12,
[9.412s]                  from /home/romi/fawad/ORB_SLAM3/Thirdparty/Sophus/sophus/se2.hpp:7,
[9.412s]                  from /home/romi/fawad/ORB_SLAM3/Thirdparty/Sophus/sophus/geometry.hpp:7,
[9.412s]                  from /home/romi/fawad/ORB_SLAM3/include/Frame.h:28,
[9.412s]                  from /home/romi/fawad/ORB_SLAM3/include/KeyFrame.h:28,
[9.412s]                  from /home/romi/fawad/ORB_SLAM3/include/MapPoint.h:23,
[9.412s]                  from /home/romi/fawad/ORB_SLAM3/include/FrameDrawer.h:24,
[9.412s]                  from /home/romi/fawad/ORB_SLAM3/include/Viewer.h:23,
[9.413s]                  from /home/romi/fawad/ORB_SLAM3/include/Tracking.h:26,
[9.413s]                  from /home/romi/fawad/ORB_SLAM3/include/System.h:31,
[9.413s]                  from /home/romi/fawad/ros2_ws/src/ORB_SLAM3_ROS2/src/monocular/monocular-slam-node.hpp:9,
[9.413s]                  from /home/romi/fawad/ros2_ws/src/ORB_SLAM3_ROS2/src/monocular/mono.cpp:7:
[9.413s] /usr/include/eigen3/Eigen/src/Core/util/Constants.h:167:37: note: declared here
[9.413s]   167 | EIGEN_DEPRECATED const unsigned int AlignedBit = 0x80;
[9.413s]       |                                     ^~~~~~~~~~
[9.438s] In file included from /home/romi/fawad/ORB_SLAM3/Thirdparty/g2o/g2o/types/types_six_dof_expmap.h:37,
[9.438s]                  from /home/romi/fawad/ORB_SLAM3/include/Converter.h:26,
[9.438s]                  from /home/romi/fawad/ORB_SLAM3/include/Frame.h:33,
[9.438s]                  from /home/romi/fawad/ORB_SLAM3/include/KeyFrame.h:28,
[9.439s]                  from /home/romi/fawad/ORB_SLAM3/include/MapPoint.h:23,
[9.439s]                  from /home/romi/fawad/ORB_SLAM3/include/FrameDrawer.h:24,
[9.439s]                  from /home/romi/fawad/ORB_SLAM3/include/Viewer.h:23,
[9.439s]                  from /home/romi/fawad/ORB_SLAM3/include/Tracking.h:26,
[9.439s]                  from /home/romi/fawad/ORB_SLAM3/include/System.h:31,
[9.439s]                  from /home/romi/fawad/ros2_ws/src/ORB_SLAM3_ROS2/src/rgbd/rgbd-slam-node.hpp:18,
[9.439s]                  from /home/romi/fawad/ros2_ws/src/ORB_SLAM3_ROS2/src/rgbd/rgbd.cpp:7:
[9.439s] /home/romi/fawad/ORB_SLAM3/Thirdparty/g2o/g2o/types/../core/base_vertex.h: In instantiation of ‘class g2o::BaseVertex<7, g2o::Sim3>’:
[9.439s] /home/romi/fawad/ORB_SLAM3/Thirdparty/g2o/g2o/types/types_seven_dof_expmap.h:48:35:   required from here
[9.439s] /home/romi/fawad/ORB_SLAM3/Thirdparty/g2o/g2o/types/../core/base_vertex.h:62:72: warning: ‘Eigen::AlignedBit’ is deprecated [-Wdeprecated-declarations]
[9.439s]    62 |     typedef Eigen::Map<Matrix<double, D, D>, Matrix<double,D,D>::Flags & AlignedBit ? Aligned : Unaligned >  HessianBlockType;
[9.440s]       |                                                                  ~~~~~~^~~~~~~~~~~~
[9.440s] In file included from /usr/include/eigen3/Eigen/Core:161,
[9.440s]                  from /usr/include/eigen3/Eigen/LU:11,
[9.440s]                  from /home/romi/fawad/ORB_SLAM3/Thirdparty/Sophus/sophus/so2.hpp:12,
[9.440s]                  from /home/romi/fawad/ORB_SLAM3/Thirdparty/Sophus/sophus/se2.hpp:7,
[9.440s]                  from /home/romi/fawad/ORB_SLAM3/Thirdparty/Sophus/sophus/geometry.hpp:7,
[9.440s]                  from /home/romi/fawad/ORB_SLAM3/include/Frame.h:28,
[9.440s]                  from /home/romi/fawad/ORB_SLAM3/include/KeyFrame.h:28,
[9.440s]                  from /home/romi/fawad/ORB_SLAM3/include/MapPoint.h:23,
[9.441s]                  from /home/romi/fawad/ORB_SLAM3/include/FrameDrawer.h:24,
[9.441s]                  from /home/romi/fawad/ORB_SLAM3/include/Viewer.h:23,
[9.441s]                  from /home/romi/fawad/ORB_SLAM3/include/Tracking.h:26,
[9.441s]                  from /home/romi/fawad/ORB_SLAM3/include/System.h:31,
[9.441s]                  from /home/romi/fawad/ros2_ws/src/ORB_SLAM3_ROS2/src/rgbd/rgbd-slam-node.hpp:18,
[9.442s]                  from /home/romi/fawad/ros2_ws/src/ORB_SLAM3_ROS2/src/rgbd/rgbd.cpp:7:
[9.442s] /usr/include/eigen3/Eigen/src/Core/util/Constants.h:167:37: note: declared here
[9.442s]   167 | EIGEN_DEPRECATED const unsigned int AlignedBit = 0x80;
[9.442s]       |                                     ^~~~~~~~~~
[9.488s] In file included from /home/romi/fawad/ORB_SLAM3/Thirdparty/g2o/g2o/types/types_six_dof_expmap.h:38,
[9.489s]                  from /home/romi/fawad/ORB_SLAM3/include/Converter.h:26,
[9.489s]                  from /home/romi/fawad/ORB_SLAM3/include/Frame.h:33,
[9.489s]                  from /home/romi/fawad/ORB_SLAM3/include/KeyFrame.h:28,
[9.489s]                  from /home/romi/fawad/ORB_SLAM3/include/MapPoint.h:23,
[9.489s]                  from /home/romi/fawad/ORB_SLAM3/include/FrameDrawer.h:24,
[9.489s]                  from /home/romi/fawad/ORB_SLAM3/include/Viewer.h:23,
[9.489s]                  from /home/romi/fawad/ORB_SLAM3/include/Tracking.h:26,
[9.489s]                  from /home/romi/fawad/ORB_SLAM3/include/System.h:31,
[9.489s]                  from /home/romi/fawad/ros2_ws/src/ORB_SLAM3_ROS2/src/rgbd/rgbd-slam-node.hpp:18,
[9.489s]                  from /home/romi/fawad/ros2_ws/src/ORB_SLAM3_ROS2/src/rgbd/rgbd.cpp:7:
[9.489s] /home/romi/fawad/ORB_SLAM3/Thirdparty/g2o/g2o/types/../core/base_binary_edge.h: In instantiation of ‘class g2o::BaseBinaryEdge<7, g2o::Sim3, g2o::VertexSim3Expmap, g2o::VertexSim3Expmap>’:
[9.490s] /home/romi/fawad/ORB_SLAM3/Thirdparty/g2o/g2o/types/types_seven_dof_expmap.h:99:27:   required from here
[9.490s] /home/romi/fawad/ORB_SLAM3/Thirdparty/g2o/g2o/types/../core/base_binary_edge.h:59:80: warning: ‘Eigen::AlignedBit’ is deprecated [-Wdeprecated-declarations]
[9.490s]    59 |       typedef Eigen::Map<Matrix<double, Di, Dj>, Matrix<double, Di, Dj>::Flags & AlignedBit ? Aligned : Unaligned > HessianBlockType;
[9.490s]       |                                                                          ~~~~~~^~~~~~~~~~~~
[9.490s] In file included from /usr/include/eigen3/Eigen/Core:161,
[9.490s]                  from /usr/include/eigen3/Eigen/LU:11,
[9.490s]                  from /home/romi/fawad/ORB_SLAM3/Thirdparty/Sophus/sophus/so2.hpp:12,
[9.490s]                  from /home/romi/fawad/ORB_SLAM3/Thirdparty/Sophus/sophus/se2.hpp:7,
[9.490s]                  from /home/romi/fawad/ORB_SLAM3/Thirdparty/Sophus/sophus/geometry.hpp:7,
[9.490s]                  from /home/romi/fawad/ORB_SLAM3/include/Frame.h:28,
[9.490s]                  from /home/romi/fawad/ORB_SLAM3/include/KeyFrame.h:28,
[9.490s]                  from /home/romi/fawad/ORB_SLAM3/include/MapPoint.h:23,
[9.490s]                  from /home/romi/fawad/ORB_SLAM3/include/FrameDrawer.h:24,
[9.491s]                  from /home/romi/fawad/ORB_SLAM3/include/Viewer.h:23,
[9.491s]                  from /home/romi/fawad/ORB_SLAM3/include/Tracking.h:26,
[9.491s]                  from /home/romi/fawad/ORB_SLAM3/include/System.h:31,
[9.491s]                  from /home/romi/fawad/ros2_ws/src/ORB_SLAM3_ROS2/src/rgbd/rgbd-slam-node.hpp:18,
[9.491s]                  from /home/romi/fawad/ros2_ws/src/ORB_SLAM3_ROS2/src/rgbd/rgbd.cpp:7:
[9.491s] /usr/include/eigen3/Eigen/src/Core/util/Constants.h:167:37: note: declared here
[9.491s]   167 | EIGEN_DEPRECATED const unsigned int AlignedBit = 0x80;
[9.491s]       |                                     ^~~~~~~~~~
[9.491s] In file included from /home/romi/fawad/ORB_SLAM3/Thirdparty/g2o/g2o/types/types_six_dof_expmap.h:38,
[9.491s]                  from /home/romi/fawad/ORB_SLAM3/include/Converter.h:26,
[9.491s]                  from /home/romi/fawad/ORB_SLAM3/include/Frame.h:33,
[9.491s]                  from /home/romi/fawad/ORB_SLAM3/include/KeyFrame.h:28,
[9.491s]                  from /home/romi/fawad/ORB_SLAM3/include/MapPoint.h:23,
[9.492s]                  from /home/romi/fawad/ORB_SLAM3/include/FrameDrawer.h:24,
[9.492s]                  from /home/romi/fawad/ORB_SLAM3/include/Viewer.h:23,
[9.492s]                  from /home/romi/fawad/ORB_SLAM3/include/Tracking.h:26,
[9.492s]                  from /home/romi/fawad/ORB_SLAM3/include/System.h:31,
[9.492s]                  from /home/romi/fawad/ros2_ws/src/ORB_SLAM3_ROS2/src/rgbd/rgbd-slam-node.hpp:18,
[9.492s]                  from /home/romi/fawad/ros2_ws/src/ORB_SLAM3_ROS2/src/rgbd/rgbd.cpp:7:
[9.492s] /home/romi/fawad/ORB_SLAM3/Thirdparty/g2o/g2o/types/../core/base_binary_edge.h:60:80: warning: ‘Eigen::AlignedBit’ is deprecated [-Wdeprecated-declarations]
[9.492s]    60 |       typedef Eigen::Map<Matrix<double, Dj, Di>, Matrix<double, Dj, Di>::Flags & AlignedBit ? Aligned : Unaligned > HessianBlockTransposedType;
[9.492s]       |                                                                          ~~~~~~^~~~~~~~~~~~
[9.492s] In file included from /usr/include/eigen3/Eigen/Core:161,
[9.492s]                  from /usr/include/eigen3/Eigen/LU:11,
[9.492s]                  from /home/romi/fawad/ORB_SLAM3/Thirdparty/Sophus/sophus/so2.hpp:12,
[9.493s]                  from /home/romi/fawad/ORB_SLAM3/Thirdparty/Sophus/sophus/se2.hpp:7,
[9.493s]                  from /home/romi/fawad/ORB_SLAM3/Thirdparty/Sophus/sophus/geometry.hpp:7,
[9.493s]                  from /home/romi/fawad/ORB_SLAM3/include/Frame.h:28,
[9.493s]                  from /home/romi/fawad/ORB_SLAM3/include/KeyFrame.h:28,
[9.493s]                  from /home/romi/fawad/ORB_SLAM3/include/MapPoint.h:23,
[9.493s]                  from /home/romi/fawad/ORB_SLAM3/include/FrameDrawer.h:24,
[9.493s]                  from /home/romi/fawad/ORB_SLAM3/include/Viewer.h:23,
[9.493s]                  from /home/romi/fawad/ORB_SLAM3/include/Tracking.h:26,
[9.493s]                  from /home/romi/fawad/ORB_SLAM3/include/System.h:31,
[9.493s]                  from /home/romi/fawad/ros2_ws/src/ORB_SLAM3_ROS2/src/rgbd/rgbd-slam-node.hpp:18,
[9.493s]                  from /home/romi/fawad/ros2_ws/src/ORB_SLAM3_ROS2/src/rgbd/rgbd.cpp:7:
[9.493s] /usr/include/eigen3/Eigen/src/Core/util/Constants.h:167:37: note: declared here
[9.493s]   167 | EIGEN_DEPRECATED const unsigned int AlignedBit = 0x80;
[9.494s]       |                                     ^~~~~~~~~~
[9.513s] In file included from /home/romi/fawad/ORB_SLAM3/Thirdparty/g2o/g2o/types/types_six_dof_expmap.h:37,
[9.513s]                  from /home/romi/fawad/ORB_SLAM3/include/Converter.h:26,
[9.513s]                  from /home/romi/fawad/ORB_SLAM3/include/Frame.h:33,
[9.513s]                  from /home/romi/fawad/ORB_SLAM3/include/KeyFrame.h:28,
[9.513s]                  from /home/romi/fawad/ORB_SLAM3/include/MapPoint.h:23,
[9.513s]                  from /home/romi/fawad/ORB_SLAM3/include/FrameDrawer.h:24,
[9.513s]                  from /home/romi/fawad/ORB_SLAM3/include/Viewer.h:23,
[9.513s]                  from /home/romi/fawad/ORB_SLAM3/include/Tracking.h:26,
[9.513s]                  from /home/romi/fawad/ORB_SLAM3/include/System.h:31,
[9.514s]                  from /home/romi/fawad/ros2_ws/src/ORB_SLAM3_ROS2/src/stereo-inertial/stereo-inertial-node.hpp:10,
[9.514s]                  from /home/romi/fawad/ros2_ws/src/ORB_SLAM3_ROS2/src/stereo-inertial/stereo-inertial.cpp:7:
[9.514s] /home/romi/fawad/ORB_SLAM3/Thirdparty/g2o/g2o/types/../core/base_vertex.h: In instantiation of ‘class g2o::BaseVertex<3, Eigen::Matrix<double, 3, 1> >’:
[9.514s] /home/romi/fawad/ORB_SLAM3/Thirdparty/g2o/g2o/types/types_sba.h:40:35:   required from here
[9.514s] /home/romi/fawad/ORB_SLAM3/Thirdparty/g2o/g2o/types/../core/base_vertex.h:62:72: warning: ‘Eigen::AlignedBit’ is deprecated [-Wdeprecated-declarations]
[9.514s]    62 |     typedef Eigen::Map<Matrix<double, D, D>, Matrix<double,D,D>::Flags & AlignedBit ? Aligned : Unaligned >  HessianBlockType;
[9.514s]       |                                                                  ~~~~~~^~~~~~~~~~~~
[9.514s] In file included from /usr/include/eigen3/Eigen/Core:161,
[9.514s]                  from /usr/include/eigen3/Eigen/LU:11,
[9.514s]                  from /home/romi/fawad/ORB_SLAM3/Thirdparty/Sophus/sophus/so2.hpp:12,
[9.514s]                  from /home/romi/fawad/ORB_SLAM3/Thirdparty/Sophus/sophus/se2.hpp:7,
[9.514s]                  from /home/romi/fawad/ORB_SLAM3/Thirdparty/Sophus/sophus/geometry.hpp:7,
[9.515s]                  from /home/romi/fawad/ORB_SLAM3/include/Frame.h:28,
[9.515s]                  from /home/romi/fawad/ORB_SLAM3/include/KeyFrame.h:28,
[9.515s]                  from /home/romi/fawad/ORB_SLAM3/include/MapPoint.h:23,
[9.515s]                  from /home/romi/fawad/ORB_SLAM3/include/FrameDrawer.h:24,
[9.515s]                  from /home/romi/fawad/ORB_SLAM3/include/Viewer.h:23,
[9.515s]                  from /home/romi/fawad/ORB_SLAM3/include/Tracking.h:26,
[9.515s]                  from /home/romi/fawad/ORB_SLAM3/include/System.h:31,
[9.515s]                  from /home/romi/fawad/ros2_ws/src/ORB_SLAM3_ROS2/src/stereo-inertial/stereo-inertial-node.hpp:10,
[9.515s]                  from /home/romi/fawad/ros2_ws/src/ORB_SLAM3_ROS2/src/stereo-inertial/stereo-inertial.cpp:7:
[9.515s] /usr/include/eigen3/Eigen/src/Core/util/Constants.h:167:37: note: declared here
[9.515s]   167 | EIGEN_DEPRECATED const unsigned int AlignedBit = 0x80;
[9.515s]       |                                     ^~~~~~~~~~
[9.559s] In file included from /home/romi/fawad/ORB_SLAM3/Thirdparty/g2o/g2o/types/types_six_dof_expmap.h:38,
[9.559s]                  from /home/romi/fawad/ORB_SLAM3/include/Converter.h:26,
[9.559s]                  from /home/romi/fawad/ORB_SLAM3/include/Frame.h:33,
[9.559s]                  from /home/romi/fawad/ORB_SLAM3/include/KeyFrame.h:28,
[9.559s]                  from /home/romi/fawad/ORB_SLAM3/include/MapPoint.h:23,
[9.560s]                  from /home/romi/fawad/ORB_SLAM3/include/FrameDrawer.h:24,
[9.560s]                  from /home/romi/fawad/ORB_SLAM3/include/Viewer.h:23,
[9.560s]                  from /home/romi/fawad/ORB_SLAM3/include/Tracking.h:26,
[9.560s]                  from /home/romi/fawad/ORB_SLAM3/include/System.h:31,
[9.560s]                  from /home/romi/fawad/ros2_ws/src/ORB_SLAM3_ROS2/src/rgbd/rgbd-slam-node.hpp:18,
[9.560s]                  from /home/romi/fawad/ros2_ws/src/ORB_SLAM3_ROS2/src/rgbd/rgbd.cpp:7:
[9.560s] /home/romi/fawad/ORB_SLAM3/Thirdparty/g2o/g2o/types/../core/base_binary_edge.h: In instantiation of ‘class g2o::BaseBinaryEdge<2, Eigen::Matrix<double, 2, 1>, g2o::VertexSBAPointXYZ, g2o::VertexSim3Expmap>’:
[9.560s] /home/romi/fawad/ORB_SLAM3/Thirdparty/g2o/g2o/types/types_seven_dof_expmap.h:130:36:   required from here
[9.560s] /home/romi/fawad/ORB_SLAM3/Thirdparty/g2o/g2o/types/../core/base_binary_edge.h:59:80: warning: ‘Eigen::AlignedBit’ is deprecated [-Wdeprecated-declarations]
[9.561s]    59 |       typedef Eigen::Map<Matrix<double, Di, Dj>, Matrix<double, Di, Dj>::Flags & AlignedBit ? Aligned : Unaligned > HessianBlockType;
[9.561s]       |                                                                          ~~~~~~^~~~~~~~~~~~
[9.561s] In file included from /usr/include/eigen3/Eigen/Core:161,
[9.561s]                  from /usr/include/eigen3/Eigen/LU:11,
[9.561s]                  from /home/romi/fawad/ORB_SLAM3/Thirdparty/Sophus/sophus/so2.hpp:12,
[9.561s]                  from /home/romi/fawad/ORB_SLAM3/Thirdparty/Sophus/sophus/se2.hpp:7,
[9.561s]                  from /home/romi/fawad/ORB_SLAM3/Thirdparty/Sophus/sophus/geometry.hpp:7,
[9.561s]                  from /home/romi/fawad/ORB_SLAM3/include/Frame.h:28,
[9.561s]                  from /home/romi/fawad/ORB_SLAM3/include/KeyFrame.h:28,
[9.561s]                  from /home/romi/fawad/ORB_SLAM3/include/MapPoint.h:23,
[9.561s]                  from /home/romi/fawad/ORB_SLAM3/include/FrameDrawer.h:24,
[9.562s]                  from /home/romi/fawad/ORB_SLAM3/include/Viewer.h:23,
[9.562s]                  from /home/romi/fawad/ORB_SLAM3/include/Tracking.h:26,
[9.562s]                  from /home/romi/fawad/ORB_SLAM3/include/System.h:31,
[9.562s]                  from /home/romi/fawad/ros2_ws/src/ORB_SLAM3_ROS2/src/rgbd/rgbd-slam-node.hpp:18,
[9.562s]                  from /home/romi/fawad/ros2_ws/src/ORB_SLAM3_ROS2/src/rgbd/rgbd.cpp:7:
[9.562s] /usr/include/eigen3/Eigen/src/Core/util/Constants.h:167:37: note: declared here
[9.562s]   167 | EIGEN_DEPRECATED const unsigned int AlignedBit = 0x80;
[9.562s]       |                                     ^~~~~~~~~~
[9.562s] In file included from /home/romi/fawad/ORB_SLAM3/Thirdparty/g2o/g2o/types/types_six_dof_expmap.h:37,
[9.562s]                  from /home/romi/fawad/ORB_SLAM3/include/Converter.h:26,
[9.562s]                  from /home/romi/fawad/ORB_SLAM3/include/Frame.h:33,
[9.563s]                  from /home/romi/fawad/ORB_SLAM3/include/KeyFrame.h:28,
[9.563s]                  from /home/romi/fawad/ORB_SLAM3/include/MapPoint.h:23,
[9.563s]                  from /home/romi/fawad/ORB_SLAM3/include/FrameDrawer.h:24,
[9.563s]                  from /home/romi/fawad/ORB_SLAM3/include/Viewer.h:23,
[9.563s]                  from /home/romi/fawad/ORB_SLAM3/include/Tracking.h:26,
[9.563s]                  from /home/romi/fawad/ORB_SLAM3/include/System.h:31,
[9.563s]                  from /home/romi/fawad/ros2_ws/src/ORB_SLAM3_ROS2/src/stereo-inertial/stereo-inertial-node.hpp:10,
[9.563s]                  from /home/romi/fawad/ros2_ws/src/ORB_SLAM3_ROS2/src/stereo-inertial/stereo-inertial.cpp:7:
[9.563s] /home/romi/fawad/ORB_SLAM3/Thirdparty/g2o/g2o/types/../core/base_vertex.h: In instantiation of ‘class g2o::BaseVertex<6, g2o::SE3Quat>’:
[9.563s] /home/romi/fawad/ORB_SLAM3/Thirdparty/g2o/g2o/types/types_six_dof_expmap.h:59:33:   required from here
[9.563s] /home/romi/fawad/ORB_SLAM3/Thirdparty/g2o/g2o/types/../core/base_vertex.h:62:72: warning: ‘Eigen::AlignedBit’ is deprecated [-Wdeprecated-declarations]
[9.564s]    62 |     typedef Eigen::Map<Matrix<double, D, D>, Matrix<double,D,D>::Flags & AlignedBit ? Aligned : Unaligned >  HessianBlockType;
[9.564s]       |                                                                  ~~~~~~^~~~~~~~~~~~
[9.564s] In file included from /usr/include/eigen3/Eigen/Core:161,
[9.564s]                  from /usr/include/eigen3/Eigen/LU:11,
[9.564s]                  from /home/romi/fawad/ORB_SLAM3/Thirdparty/Sophus/sophus/so2.hpp:12,
[9.564s]                  from /home/romi/fawad/ORB_SLAM3/Thirdparty/Sophus/sophus/se2.hpp:7,
[9.564s]                  from /home/romi/fawad/ORB_SLAM3/Thirdparty/Sophus/sophus/geometry.hpp:7,
[9.564s]                  from /home/romi/fawad/ORB_SLAM3/include/Frame.h:28,
[9.564s]                  from /home/romi/fawad/ORB_SLAM3/include/KeyFrame.h:28,
[9.564s]                  from /home/romi/fawad/ORB_SLAM3/include/MapPoint.h:23,
[9.564s]                  from /home/romi/fawad/ORB_SLAM3/include/FrameDrawer.h:24,
[9.565s]                  from /home/romi/fawad/ORB_SLAM3/include/Viewer.h:23,
[9.565s]                  from /home/romi/fawad/ORB_SLAM3/include/Tracking.h:26,
[9.565s]                  from /home/romi/fawad/ORB_SLAM3/include/System.h:31,
[9.565s]                  from /home/romi/fawad/ros2_ws/src/ORB_SLAM3_ROS2/src/stereo-inertial/stereo-inertial-node.hpp:10,
[9.565s]                  from /home/romi/fawad/ros2_ws/src/ORB_SLAM3_ROS2/src/stereo-inertial/stereo-inertial.cpp:7:
[9.565s] /usr/include/eigen3/Eigen/src/Core/util/Constants.h:167:37: note: declared here
[9.565s]   167 | EIGEN_DEPRECATED const unsigned int AlignedBit = 0x80;
[9.565s]       |                                     ^~~~~~~~~~
[9.584s] In file included from /home/romi/fawad/ORB_SLAM3/Thirdparty/g2o/g2o/types/types_six_dof_expmap.h:38,
[9.584s]                  from /home/romi/fawad/ORB_SLAM3/include/Converter.h:26,
[9.584s]                  from /home/romi/fawad/ORB_SLAM3/include/Frame.h:33,
[9.585s]                  from /home/romi/fawad/ORB_SLAM3/include/KeyFrame.h:28,
[9.585s]                  from /home/romi/fawad/ORB_SLAM3/include/MapPoint.h:23,
[9.585s]                  from /home/romi/fawad/ORB_SLAM3/include/FrameDrawer.h:24,
[9.585s]                  from /home/romi/fawad/ORB_SLAM3/include/Viewer.h:23,
[9.585s]                  from /home/romi/fawad/ORB_SLAM3/include/Tracking.h:26,
[9.585s]                  from /home/romi/fawad/ORB_SLAM3/include/System.h:31,
[9.585s]                  from /home/romi/fawad/ros2_ws/src/ORB_SLAM3_ROS2/src/rgbd/rgbd-slam-node.hpp:18,
[9.585s]                  from /home/romi/fawad/ros2_ws/src/ORB_SLAM3_ROS2/src/rgbd/rgbd.cpp:7:
[9.585s] /home/romi/fawad/ORB_SLAM3/Thirdparty/g2o/g2o/types/../core/base_binary_edge.h:60:80: warning: ‘Eigen::AlignedBit’ is deprecated [-Wdeprecated-declarations]
[9.585s]    60 |       typedef Eigen::Map<Matrix<double, Dj, Di>, Matrix<double, Dj, Di>::Flags & AlignedBit ? Aligned : Unaligned > HessianBlockTransposedType;
[9.585s]       |                                                                          ~~~~~~^~~~~~~~~~~~
[9.586s] In file included from /usr/include/eigen3/Eigen/Core:161,
[9.586s]                  from /usr/include/eigen3/Eigen/LU:11,
[9.586s]                  from /home/romi/fawad/ORB_SLAM3/Thirdparty/Sophus/sophus/so2.hpp:12,
[9.586s]                  from /home/romi/fawad/ORB_SLAM3/Thirdparty/Sophus/sophus/se2.hpp:7,
[9.586s]                  from /home/romi/fawad/ORB_SLAM3/Thirdparty/Sophus/sophus/geometry.hpp:7,
[9.586s]                  from /home/romi/fawad/ORB_SLAM3/include/Frame.h:28,
[9.586s]                  from /home/romi/fawad/ORB_SLAM3/include/KeyFrame.h:28,
[9.586s]                  from /home/romi/fawad/ORB_SLAM3/include/MapPoint.h:23,
[9.586s]                  from /home/romi/fawad/ORB_SLAM3/include/FrameDrawer.h:24,
[9.586s]                  from /home/romi/fawad/ORB_SLAM3/include/Viewer.h:23,
[9.586s]                  from /home/romi/fawad/ORB_SLAM3/include/Tracking.h:26,
[9.586s]                  from /home/romi/fawad/ORB_SLAM3/include/System.h:31,
[9.587s]                  from /home/romi/fawad/ros2_ws/src/ORB_SLAM3_ROS2/src/rgbd/rgbd-slam-node.hpp:18,
[9.587s]                  from /home/romi/fawad/ros2_ws/src/ORB_SLAM3_ROS2/src/rgbd/rgbd.cpp:7:
[9.587s] /usr/include/eigen3/Eigen/src/Core/util/Constants.h:167:37: note: declared here
[9.587s]   167 | EIGEN_DEPRECATED const unsigned int AlignedBit = 0x80;
[9.587s]       |                                     ^~~~~~~~~~
[9.611s] In file included from /home/romi/fawad/ORB_SLAM3/Thirdparty/g2o/g2o/types/types_six_dof_expmap.h:38,
[9.611s]                  from /home/romi/fawad/ORB_SLAM3/include/Converter.h:26,
[9.611s]                  from /home/romi/fawad/ORB_SLAM3/include/Frame.h:33,
[9.611s]                  from /home/romi/fawad/ORB_SLAM3/include/KeyFrame.h:28,
[9.611s]                  from /home/romi/fawad/ORB_SLAM3/include/MapPoint.h:23,
[9.611s]                  from /home/romi/fawad/ORB_SLAM3/include/FrameDrawer.h:24,
[9.612s]                  from /home/romi/fawad/ORB_SLAM3/include/Viewer.h:23,
[9.612s]                  from /home/romi/fawad/ORB_SLAM3/include/Tracking.h:26,
[9.612s]                  from /home/romi/fawad/ORB_SLAM3/include/System.h:31,
[9.612s]                  from /home/romi/fawad/ros2_ws/src/ORB_SLAM3_ROS2/src/stereo-inertial/stereo-inertial-node.hpp:10,
[9.612s]                  from /home/romi/fawad/ros2_ws/src/ORB_SLAM3_ROS2/src/stereo-inertial/stereo-inertial.cpp:7:
[9.612s] /home/romi/fawad/ORB_SLAM3/Thirdparty/g2o/g2o/types/../core/base_binary_edge.h: In instantiation of ‘class g2o::BaseBinaryEdge<6, g2o::SE3Quat, g2o::VertexSE3Expmap, g2o::VertexSE3Expmap>’:
[9.612s] /home/romi/fawad/ORB_SLAM3/Thirdparty/g2o/g2o/types/types_six_dof_expmap.h:83:24:   required from here
[9.612s] /home/romi/fawad/ORB_SLAM3/Thirdparty/g2o/g2o/types/../core/base_binary_edge.h:59:80: warning: ‘Eigen::AlignedBit’ is deprecated [-Wdeprecated-declarations]
[9.612s]    59 |       typedef Eigen::Map<Matrix<double, Di, Dj>, Matrix<double, Di, Dj>::Flags & AlignedBit ? Aligned : Unaligned > HessianBlockType;
[9.612s]       |                                                                          ~~~~~~^~~~~~~~~~~~
[9.613s] In file included from /usr/include/eigen3/Eigen/Core:161,
[9.613s]                  from /usr/include/eigen3/Eigen/LU:11,
[9.613s]                  from /home/romi/fawad/ORB_SLAM3/Thirdparty/Sophus/sophus/so2.hpp:12,
[9.613s]                  from /home/romi/fawad/ORB_SLAM3/Thirdparty/Sophus/sophus/se2.hpp:7,
[9.613s]                  from /home/romi/fawad/ORB_SLAM3/Thirdparty/Sophus/sophus/geometry.hpp:7,
[9.613s]                  from /home/romi/fawad/ORB_SLAM3/include/Frame.h:28,
[9.613s]                  from /home/romi/fawad/ORB_SLAM3/include/KeyFrame.h:28,
[9.613s]                  from /home/romi/fawad/ORB_SLAM3/include/MapPoint.h:23,
[9.613s]                  from /home/romi/fawad/ORB_SLAM3/include/FrameDrawer.h:24,
[9.613s]                  from /home/romi/fawad/ORB_SLAM3/include/Viewer.h:23,
[9.613s]                  from /home/romi/fawad/ORB_SLAM3/include/Tracking.h:26,
[9.614s]                  from /home/romi/fawad/ORB_SLAM3/include/System.h:31,
[9.614s]                  from /home/romi/fawad/ros2_ws/src/ORB_SLAM3_ROS2/src/stereo-inertial/stereo-inertial-node.hpp:10,
[9.614s]                  from /home/romi/fawad/ros2_ws/src/ORB_SLAM3_ROS2/src/stereo-inertial/stereo-inertial.cpp:7:
[9.614s] /usr/include/eigen3/Eigen/src/Core/util/Constants.h:167:37: note: declared here
[9.614s]   167 | EIGEN_DEPRECATED const unsigned int AlignedBit = 0x80;
[9.614s]       |                                     ^~~~~~~~~~
[9.615s] In file included from /home/romi/fawad/ORB_SLAM3/Thirdparty/g2o/g2o/types/types_six_dof_expmap.h:38,
[9.615s]                  from /home/romi/fawad/ORB_SLAM3/include/Converter.h:26,
[9.615s]                  from /home/romi/fawad/ORB_SLAM3/include/Frame.h:33,
[9.615s]                  from /home/romi/fawad/ORB_SLAM3/include/KeyFrame.h:28,
[9.615s]                  from /home/romi/fawad/ORB_SLAM3/include/MapPoint.h:23,
[9.615s]                  from /home/romi/fawad/ORB_SLAM3/include/FrameDrawer.h:24,
[9.615s]                  from /home/romi/fawad/ORB_SLAM3/include/Viewer.h:23,
[9.615s]                  from /home/romi/fawad/ORB_SLAM3/include/Tracking.h:26,
[9.615s]                  from /home/romi/fawad/ORB_SLAM3/include/System.h:31,
[9.615s]                  from /home/romi/fawad/ros2_ws/src/ORB_SLAM3_ROS2/src/stereo-inertial/stereo-inertial-node.hpp:10,
[9.616s]                  from /home/romi/fawad/ros2_ws/src/ORB_SLAM3_ROS2/src/stereo-inertial/stereo-inertial.cpp:7:
[9.616s] /home/romi/fawad/ORB_SLAM3/Thirdparty/g2o/g2o/types/../core/base_binary_edge.h:60:80: warning: ‘Eigen::AlignedBit’ is deprecated [-Wdeprecated-declarations]
[9.616s]    60 |       typedef Eigen::Map<Matrix<double, Dj, Di>, Matrix<double, Dj, Di>::Flags & AlignedBit ? Aligned : Unaligned > HessianBlockTransposedType;
[9.616s]       |                                                                          ~~~~~~^~~~~~~~~~~~
[9.616s] In file included from /usr/include/eigen3/Eigen/Core:161,
[9.616s]                  from /usr/include/eigen3/Eigen/LU:11,
[9.616s]                  from /home/romi/fawad/ORB_SLAM3/Thirdparty/Sophus/sophus/so2.hpp:12,
[9.616s]                  from /home/romi/fawad/ORB_SLAM3/Thirdparty/Sophus/sophus/se2.hpp:7,
[9.616s]                  from /home/romi/fawad/ORB_SLAM3/Thirdparty/Sophus/sophus/geometry.hpp:7,
[9.616s]                  from /home/romi/fawad/ORB_SLAM3/include/Frame.h:28,
[9.616s]                  from /home/romi/fawad/ORB_SLAM3/include/KeyFrame.h:28,
[9.616s]                  from /home/romi/fawad/ORB_SLAM3/include/MapPoint.h:23,
[9.617s]                  from /home/romi/fawad/ORB_SLAM3/include/FrameDrawer.h:24,
[9.617s]                  from /home/romi/fawad/ORB_SLAM3/include/Viewer.h:23,
[9.617s]                  from /home/romi/fawad/ORB_SLAM3/include/Tracking.h:26,
[9.617s]                  from /home/romi/fawad/ORB_SLAM3/include/System.h:31,
[9.617s]                  from /home/romi/fawad/ros2_ws/src/ORB_SLAM3_ROS2/src/stereo-inertial/stereo-inertial-node.hpp:10,
[9.617s]                  from /home/romi/fawad/ros2_ws/src/ORB_SLAM3_ROS2/src/stereo-inertial/stereo-inertial.cpp:7:
[9.617s] /usr/include/eigen3/Eigen/src/Core/util/Constants.h:167:37: note: declared here
[9.617s]   167 | EIGEN_DEPRECATED const unsigned int AlignedBit = 0x80;
[9.617s]       |                                     ^~~~~~~~~~
[9.635s] In file included from /home/romi/fawad/ORB_SLAM3/Thirdparty/g2o/g2o/types/types_six_dof_expmap.h:37,
[9.635s]                  from /home/romi/fawad/ORB_SLAM3/include/Converter.h:26,
[9.635s]                  from /home/romi/fawad/ORB_SLAM3/include/Frame.h:33,
[9.635s]                  from /home/romi/fawad/ORB_SLAM3/include/KeyFrame.h:28,
[9.635s]                  from /home/romi/fawad/ORB_SLAM3/include/MapPoint.h:23,
[9.635s]                  from /home/romi/fawad/ORB_SLAM3/include/FrameDrawer.h:24,
[9.635s]                  from /home/romi/fawad/ORB_SLAM3/include/Viewer.h:23,
[9.635s]                  from /home/romi/fawad/ORB_SLAM3/include/Tracking.h:26,
[9.636s]                  from /home/romi/fawad/ORB_SLAM3/include/System.h:31,
[9.636s]                  from /home/romi/fawad/ros2_ws/src/ORB_SLAM3_ROS2/src/stereo/stereo-slam-node.hpp:13,
[9.636s]                  from /home/romi/fawad/ros2_ws/src/ORB_SLAM3_ROS2/src/stereo/stereo.cpp:7:
[9.636s] /home/romi/fawad/ORB_SLAM3/Thirdparty/g2o/g2o/types/../core/base_vertex.h: In instantiation of ‘class g2o::BaseVertex<3, Eigen::Matrix<double, 3, 1> >’:
[9.636s] /home/romi/fawad/ORB_SLAM3/Thirdparty/g2o/g2o/types/types_sba.h:40:35:   required from here
[9.636s] /home/romi/fawad/ORB_SLAM3/Thirdparty/g2o/g2o/types/../core/base_vertex.h:62:72: warning: ‘Eigen::AlignedBit’ is deprecated [-Wdeprecated-declarations]
[9.636s]    62 |     typedef Eigen::Map<Matrix<double, D, D>, Matrix<double,D,D>::Flags & AlignedBit ? Aligned : Unaligned >  HessianBlockType;
[9.636s]       |                                                                  ~~~~~~^~~~~~~~~~~~
[9.636s] In file included from /usr/include/eigen3/Eigen/Core:161,
[9.636s]                  from /usr/include/eigen3/Eigen/LU:11,
[9.636s]                  from /home/romi/fawad/ORB_SLAM3/Thirdparty/Sophus/sophus/so2.hpp:12,
[9.637s]                  from /home/romi/fawad/ORB_SLAM3/Thirdparty/Sophus/sophus/se2.hpp:7,
[9.637s]                  from /home/romi/fawad/ORB_SLAM3/Thirdparty/Sophus/sophus/geometry.hpp:7,
[9.637s]                  from /home/romi/fawad/ORB_SLAM3/include/Frame.h:28,
[9.637s]                  from /home/romi/fawad/ORB_SLAM3/include/KeyFrame.h:28,
[9.637s]                  from /home/romi/fawad/ORB_SLAM3/include/MapPoint.h:23,
[9.637s]                  from /home/romi/fawad/ORB_SLAM3/include/FrameDrawer.h:24,
[9.637s]                  from /home/romi/fawad/ORB_SLAM3/include/Viewer.h:23,
[9.637s]                  from /home/romi/fawad/ORB_SLAM3/include/Tracking.h:26,
[9.637s]                  from /home/romi/fawad/ORB_SLAM3/include/System.h:31,
[9.637s]                  from /home/romi/fawad/ros2_ws/src/ORB_SLAM3_ROS2/src/stereo/stereo-slam-node.hpp:13,
[9.637s]                  from /home/romi/fawad/ros2_ws/src/ORB_SLAM3_ROS2/src/stereo/stereo.cpp:7:
[9.638s] /usr/include/eigen3/Eigen/src/Core/util/Constants.h:167:37: note: declared here
[9.638s]   167 | EIGEN_DEPRECATED const unsigned int AlignedBit = 0x80;
[9.638s]       |                                     ^~~~~~~~~~
[9.652s] In file included from /home/romi/fawad/ORB_SLAM3/Thirdparty/g2o/g2o/types/types_six_dof_expmap.h:37,
[9.653s]                  from /home/romi/fawad/ORB_SLAM3/include/Converter.h:26,
[9.653s]                  from /home/romi/fawad/ORB_SLAM3/include/Frame.h:33,
[9.653s]                  from /home/romi/fawad/ORB_SLAM3/include/KeyFrame.h:28,
[9.653s]                  from /home/romi/fawad/ORB_SLAM3/include/MapPoint.h:23,
[9.653s]                  from /home/romi/fawad/ORB_SLAM3/include/FrameDrawer.h:24,
[9.653s]                  from /home/romi/fawad/ORB_SLAM3/include/Viewer.h:23,
[9.653s]                  from /home/romi/fawad/ORB_SLAM3/include/Tracking.h:26,
[9.653s]                  from /home/romi/fawad/ORB_SLAM3/include/System.h:31,
[9.653s]                  from /home/romi/fawad/ros2_ws/src/ORB_SLAM3_ROS2/src/monocular/monocular-slam-node.hpp:9,
[9.653s]                  from /home/romi/fawad/ros2_ws/src/ORB_SLAM3_ROS2/src/monocular/monocular-slam-node.cpp:1:
[9.654s] /home/romi/fawad/ORB_SLAM3/Thirdparty/g2o/g2o/types/../core/base_vertex.h: In instantiation of ‘class g2o::BaseVertex<3, Eigen::Matrix<double, 3, 1> >’:
[9.654s] /home/romi/fawad/ORB_SLAM3/Thirdparty/g2o/g2o/types/types_sba.h:40:35:   required from here
[9.654s] /home/romi/fawad/ORB_SLAM3/Thirdparty/g2o/g2o/types/../core/base_vertex.h:62:72: warning: ‘Eigen::AlignedBit’ is deprecated [-Wdeprecated-declarations]
[9.654s]    62 |     typedef Eigen::Map<Matrix<double, D, D>, Matrix<double,D,D>::Flags & AlignedBit ? Aligned : Unaligned >  HessianBlockType;
[9.654s]       |                                                                  ~~~~~~^~~~~~~~~~~~
[9.654s] In file included from /usr/include/eigen3/Eigen/Core:161,
[9.654s]                  from /usr/include/eigen3/Eigen/LU:11,
[9.654s]                  from /home/romi/fawad/ORB_SLAM3/Thirdparty/Sophus/sophus/so2.hpp:12,
[9.654s]                  from /home/romi/fawad/ORB_SLAM3/Thirdparty/Sophus/sophus/se2.hpp:7,
[9.654s]                  from /home/romi/fawad/ORB_SLAM3/Thirdparty/Sophus/sophus/geometry.hpp:7,
[9.654s]                  from /home/romi/fawad/ORB_SLAM3/include/Frame.h:28,
[9.655s]                  from /home/romi/fawad/ORB_SLAM3/include/KeyFrame.h:28,
[9.655s]                  from /home/romi/fawad/ORB_SLAM3/include/MapPoint.h:23,
[9.655s]                  from /home/romi/fawad/ORB_SLAM3/include/FrameDrawer.h:24,
[9.655s]                  from /home/romi/fawad/ORB_SLAM3/include/Viewer.h:23,
[9.655s]                  from /home/romi/fawad/ORB_SLAM3/include/Tracking.h:26,
[9.655s]                  from /home/romi/fawad/ORB_SLAM3/include/System.h:31,
[9.655s]                  from /home/romi/fawad/ros2_ws/src/ORB_SLAM3_ROS2/src/monocular/monocular-slam-node.hpp:9,
[9.655s]                  from /home/romi/fawad/ros2_ws/src/ORB_SLAM3_ROS2/src/monocular/monocular-slam-node.cpp:1:
[9.655s] /usr/include/eigen3/Eigen/src/Core/util/Constants.h:167:37: note: declared here
[9.655s]   167 | EIGEN_DEPRECATED const unsigned int AlignedBit = 0x80;
[9.656s]       |                                     ^~~~~~~~~~
[9.669s] In file included from /home/romi/fawad/ORB_SLAM3/Thirdparty/g2o/g2o/types/types_six_dof_expmap.h:37,
[9.669s]                  from /home/romi/fawad/ORB_SLAM3/include/Converter.h:26,
[9.669s]                  from /home/romi/fawad/ORB_SLAM3/include/Frame.h:33,
[9.669s]                  from /home/romi/fawad/ORB_SLAM3/include/KeyFrame.h:28,
[9.670s]                  from /home/romi/fawad/ORB_SLAM3/include/MapPoint.h:23,
[9.670s]                  from /home/romi/fawad/ORB_SLAM3/include/FrameDrawer.h:24,
[9.670s]                  from /home/romi/fawad/ORB_SLAM3/include/Viewer.h:23,
[9.670s]                  from /home/romi/fawad/ORB_SLAM3/include/Tracking.h:26,
[9.670s]                  from /home/romi/fawad/ORB_SLAM3/include/System.h:31,
[9.670s]                  from /home/romi/fawad/ros2_ws/src/ORB_SLAM3_ROS2/src/stereo/stereo-slam-node.hpp:13,
[9.670s]                  from /home/romi/fawad/ros2_ws/src/ORB_SLAM3_ROS2/src/stereo/stereo.cpp:7:
[9.670s] /home/romi/fawad/ORB_SLAM3/Thirdparty/g2o/g2o/types/../core/base_vertex.h: In instantiation of ‘class g2o::BaseVertex<6, g2o::SE3Quat>’:
[9.670s] /home/romi/fawad/ORB_SLAM3/Thirdparty/g2o/g2o/types/types_six_dof_expmap.h:59:33:   required from here
[9.670s] /home/romi/fawad/ORB_SLAM3/Thirdparty/g2o/g2o/types/../core/base_vertex.h:62:72: warning: ‘Eigen::AlignedBit’ is deprecated [-Wdeprecated-declarations]
[9.670s]    62 |     typedef Eigen::Map<Matrix<double, D, D>, Matrix<double,D,D>::Flags & AlignedBit ? Aligned : Unaligned >  HessianBlockType;
[9.670s]       |                                                                  ~~~~~~^~~~~~~~~~~~
[9.671s] In file included from /usr/include/eigen3/Eigen/Core:161,
[9.671s]                  from /usr/include/eigen3/Eigen/LU:11,
[9.671s]                  from /home/romi/fawad/ORB_SLAM3/Thirdparty/Sophus/sophus/so2.hpp:12,
[9.671s]                  from /home/romi/fawad/ORB_SLAM3/Thirdparty/Sophus/sophus/se2.hpp:7,
[9.671s]                  from /home/romi/fawad/ORB_SLAM3/Thirdparty/Sophus/sophus/geometry.hpp:7,
[9.671s]                  from /home/romi/fawad/ORB_SLAM3/include/Frame.h:28,
[9.671s]                  from /home/romi/fawad/ORB_SLAM3/include/KeyFrame.h:28,
[9.671s]                  from /home/romi/fawad/ORB_SLAM3/include/MapPoint.h:23,
[9.671s]                  from /home/romi/fawad/ORB_SLAM3/include/FrameDrawer.h:24,
[9.671s]                  from /home/romi/fawad/ORB_SLAM3/include/Viewer.h:23,
[9.671s]                  from /home/romi/fawad/ORB_SLAM3/include/Tracking.h:26,
[9.672s]                  from /home/romi/fawad/ORB_SLAM3/include/System.h:31,
[9.672s]                  from /home/romi/fawad/ros2_ws/src/ORB_SLAM3_ROS2/src/stereo/stereo-slam-node.hpp:13,
[9.672s]                  from /home/romi/fawad/ros2_ws/src/ORB_SLAM3_ROS2/src/stereo/stereo.cpp:7:
[9.672s] /usr/include/eigen3/Eigen/src/Core/util/Constants.h:167:37: note: declared here
[9.672s]   167 | EIGEN_DEPRECATED const unsigned int AlignedBit = 0x80;
[9.672s]       |                                     ^~~~~~~~~~
[9.691s] In file included from /home/romi/fawad/ORB_SLAM3/Thirdparty/g2o/g2o/types/types_six_dof_expmap.h:37,
[9.691s]                  from /home/romi/fawad/ORB_SLAM3/include/Converter.h:26,
[9.691s]                  from /home/romi/fawad/ORB_SLAM3/include/Frame.h:33,
[9.692s]                  from /home/romi/fawad/ORB_SLAM3/include/KeyFrame.h:28,
[9.692s]                  from /home/romi/fawad/ORB_SLAM3/include/MapPoint.h:23,
[9.692s]                  from /home/romi/fawad/ORB_SLAM3/include/FrameDrawer.h:24,
[9.692s]                  from /home/romi/fawad/ORB_SLAM3/include/Viewer.h:23,
[9.692s]                  from /home/romi/fawad/ORB_SLAM3/include/Tracking.h:26,
[9.692s]                  from /home/romi/fawad/ORB_SLAM3/include/System.h:31,
[9.692s]                  from /home/romi/fawad/ros2_ws/src/ORB_SLAM3_ROS2/src/monocular/monocular-slam-node.hpp:9,
[9.692s]                  from /home/romi/fawad/ros2_ws/src/ORB_SLAM3_ROS2/src/monocular/monocular-slam-node.cpp:1:
[9.692s] /home/romi/fawad/ORB_SLAM3/Thirdparty/g2o/g2o/types/../core/base_vertex.h: In instantiation of ‘class g2o::BaseVertex<6, g2o::SE3Quat>’:
[9.692s] /home/romi/fawad/ORB_SLAM3/Thirdparty/g2o/g2o/types/types_six_dof_expmap.h:59:33:   required from here
[9.692s] /home/romi/fawad/ORB_SLAM3/Thirdparty/g2o/g2o/types/../core/base_vertex.h:62:72: warning: ‘Eigen::AlignedBit’ is deprecated [-Wdeprecated-declarations]
[9.693s]    62 |     typedef Eigen::Map<Matrix<double, D, D>, Matrix<double,D,D>::Flags & AlignedBit ? Aligned : Unaligned >  HessianBlockType;
[9.693s]       |                                                                  ~~~~~~^~~~~~~~~~~~
[9.693s] In file included from /usr/include/eigen3/Eigen/Core:161,
[9.693s]                  from /usr/include/eigen3/Eigen/LU:11,
[9.693s]                  from /home/romi/fawad/ORB_SLAM3/Thirdparty/Sophus/sophus/so2.hpp:12,
[9.693s]                  from /home/romi/fawad/ORB_SLAM3/Thirdparty/Sophus/sophus/se2.hpp:7,
[9.693s]                  from /home/romi/fawad/ORB_SLAM3/Thirdparty/Sophus/sophus/geometry.hpp:7,
[9.693s]                  from /home/romi/fawad/ORB_SLAM3/include/Frame.h:28,
[9.693s]                  from /home/romi/fawad/ORB_SLAM3/include/KeyFrame.h:28,
[9.693s]                  from /home/romi/fawad/ORB_SLAM3/include/MapPoint.h:23,
[9.694s]                  from /home/romi/fawad/ORB_SLAM3/include/FrameDrawer.h:24,
[9.694s]                  from /home/romi/fawad/ORB_SLAM3/include/Viewer.h:23,
[9.694s]                  from /home/romi/fawad/ORB_SLAM3/include/Tracking.h:26,
[9.694s]                  from /home/romi/fawad/ORB_SLAM3/include/System.h:31,
[9.694s]                  from /home/romi/fawad/ros2_ws/src/ORB_SLAM3_ROS2/src/monocular/monocular-slam-node.hpp:9,
[9.694s]                  from /home/romi/fawad/ros2_ws/src/ORB_SLAM3_ROS2/src/monocular/monocular-slam-node.cpp:1:
[9.694s] /usr/include/eigen3/Eigen/src/Core/util/Constants.h:167:37: note: declared here
[9.694s]   167 | EIGEN_DEPRECATED const unsigned int AlignedBit = 0x80;
[9.694s]       |                                     ^~~~~~~~~~
[9.703s] In file included from /home/romi/fawad/ORB_SLAM3/Thirdparty/g2o/g2o/types/types_six_dof_expmap.h:38,
[9.703s]                  from /home/romi/fawad/ORB_SLAM3/include/Converter.h:26,
[9.703s]                  from /home/romi/fawad/ORB_SLAM3/include/Frame.h:33,
[9.704s]                  from /home/romi/fawad/ORB_SLAM3/include/KeyFrame.h:28,
[9.704s]                  from /home/romi/fawad/ORB_SLAM3/include/MapPoint.h:23,
[9.704s]                  from /home/romi/fawad/ORB_SLAM3/include/FrameDrawer.h:24,
[9.704s]                  from /home/romi/fawad/ORB_SLAM3/include/Viewer.h:23,
[9.704s]                  from /home/romi/fawad/ORB_SLAM3/include/Tracking.h:26,
[9.704s]                  from /home/romi/fawad/ORB_SLAM3/include/System.h:31,
[9.704s]                  from /home/romi/fawad/ros2_ws/src/ORB_SLAM3_ROS2/src/stereo/stereo-slam-node.hpp:13,
[9.704s]                  from /home/romi/fawad/ros2_ws/src/ORB_SLAM3_ROS2/src/stereo/stereo.cpp:7:
[9.704s] /home/romi/fawad/ORB_SLAM3/Thirdparty/g2o/g2o/types/../core/base_binary_edge.h: In instantiation of ‘class g2o::BaseBinaryEdge<6, g2o::SE3Quat, g2o::VertexSE3Expmap, g2o::VertexSE3Expmap>’:
[9.704s] /home/romi/fawad/ORB_SLAM3/Thirdparty/g2o/g2o/types/types_six_dof_expmap.h:83:24:   required from here
[9.704s] /home/romi/fawad/ORB_SLAM3/Thirdparty/g2o/g2o/types/../core/base_binary_edge.h:59:80: warning: ‘Eigen::AlignedBit’ is deprecated [-Wdeprecated-declarations]
[9.705s]    59 |       typedef Eigen::Map<Matrix<double, Di, Dj>, Matrix<double, Di, Dj>::Flags & AlignedBit ? Aligned : Unaligned > HessianBlockType;
[9.705s]       |                                                                          ~~~~~~^~~~~~~~~~~~
[9.706s] In file included from /usr/include/eigen3/Eigen/Core:161,
[9.706s]                  from /usr/include/eigen3/Eigen/LU:11,
[9.706s]                  from /home/romi/fawad/ORB_SLAM3/Thirdparty/Sophus/sophus/so2.hpp:12,
[9.706s]                  from /home/romi/fawad/ORB_SLAM3/Thirdparty/Sophus/sophus/se2.hpp:7,
[9.706s]                  from /home/romi/fawad/ORB_SLAM3/Thirdparty/Sophus/sophus/geometry.hpp:7,
[9.706s]                  from /home/romi/fawad/ORB_SLAM3/include/Frame.h:28,
[9.706s]                  from /home/romi/fawad/ORB_SLAM3/include/KeyFrame.h:28,
[9.706s]                  from /home/romi/fawad/ORB_SLAM3/include/MapPoint.h:23,
[9.706s]                  from /home/romi/fawad/ORB_SLAM3/include/FrameDrawer.h:24,
[9.706s]                  from /home/romi/fawad/ORB_SLAM3/include/Viewer.h:23,
[9.706s]                  from /home/romi/fawad/ORB_SLAM3/include/Tracking.h:26,
[9.707s]                  from /home/romi/fawad/ORB_SLAM3/include/System.h:31,
[9.707s]                  from /home/romi/fawad/ros2_ws/src/ORB_SLAM3_ROS2/src/stereo/stereo-slam-node.hpp:13,
[9.707s]                  from /home/romi/fawad/ros2_ws/src/ORB_SLAM3_ROS2/src/stereo/stereo.cpp:7:
[9.707s] /usr/include/eigen3/Eigen/src/Core/util/Constants.h:167:37: note: declared here
[9.707s]   167 | EIGEN_DEPRECATED const unsigned int AlignedBit = 0x80;
[9.707s]       |                                     ^~~~~~~~~~
[9.707s] In file included from /home/romi/fawad/ORB_SLAM3/Thirdparty/g2o/g2o/types/types_six_dof_expmap.h:38,
[9.707s]                  from /home/romi/fawad/ORB_SLAM3/include/Converter.h:26,
[9.707s]                  from /home/romi/fawad/ORB_SLAM3/include/Frame.h:33,
[9.707s]                  from /home/romi/fawad/ORB_SLAM3/include/KeyFrame.h:28,
[9.707s]                  from /home/romi/fawad/ORB_SLAM3/include/MapPoint.h:23,
[9.707s]                  from /home/romi/fawad/ORB_SLAM3/include/FrameDrawer.h:24,
[9.708s]                  from /home/romi/fawad/ORB_SLAM3/include/Viewer.h:23,
[9.708s]                  from /home/romi/fawad/ORB_SLAM3/include/Tracking.h:26,
[9.708s]                  from /home/romi/fawad/ORB_SLAM3/include/System.h:31,
[9.708s]                  from /home/romi/fawad/ros2_ws/src/ORB_SLAM3_ROS2/src/stereo/stereo-slam-node.hpp:13,
[9.708s]                  from /home/romi/fawad/ros2_ws/src/ORB_SLAM3_ROS2/src/stereo/stereo.cpp:7:
[9.708s] /home/romi/fawad/ORB_SLAM3/Thirdparty/g2o/g2o/types/../core/base_binary_edge.h:60:80: warning: ‘Eigen::AlignedBit’ is deprecated [-Wdeprecated-declarations]
[9.708s]    60 |       typedef Eigen::Map<Matrix<double, Dj, Di>, Matrix<double, Dj, Di>::Flags & AlignedBit ? Aligned : Unaligned > HessianBlockTransposedType;
[9.708s]       |                                                                          ~~~~~~^~~~~~~~~~~~
[9.708s] In file included from /usr/include/eigen3/Eigen/Core:161,
[9.708s]                  from /usr/include/eigen3/Eigen/LU:11,
[9.708s]                  from /home/romi/fawad/ORB_SLAM3/Thirdparty/Sophus/sophus/so2.hpp:12,
[9.709s]                  from /home/romi/fawad/ORB_SLAM3/Thirdparty/Sophus/sophus/se2.hpp:7,
[9.709s]                  from /home/romi/fawad/ORB_SLAM3/Thirdparty/Sophus/sophus/geometry.hpp:7,
[9.709s]                  from /home/romi/fawad/ORB_SLAM3/include/Frame.h:28,
[9.709s]                  from /home/romi/fawad/ORB_SLAM3/include/KeyFrame.h:28,
[9.709s]                  from /home/romi/fawad/ORB_SLAM3/include/MapPoint.h:23,
[9.709s]                  from /home/romi/fawad/ORB_SLAM3/include/FrameDrawer.h:24,
[9.709s]                  from /home/romi/fawad/ORB_SLAM3/include/Viewer.h:23,
[9.709s]                  from /home/romi/fawad/ORB_SLAM3/include/Tracking.h:26,
[9.709s]                  from /home/romi/fawad/ORB_SLAM3/include/System.h:31,
[9.709s]                  from /home/romi/fawad/ros2_ws/src/ORB_SLAM3_ROS2/src/stereo/stereo-slam-node.hpp:13,
[9.710s]                  from /home/romi/fawad/ros2_ws/src/ORB_SLAM3_ROS2/src/stereo/stereo.cpp:7:
[9.710s] /usr/include/eigen3/Eigen/src/Core/util/Constants.h:167:37: note: declared here
[9.710s]   167 | EIGEN_DEPRECATED const unsigned int AlignedBit = 0x80;
[9.710s]       |                                     ^~~~~~~~~~
[9.734s] In file included from /home/romi/fawad/ORB_SLAM3/Thirdparty/g2o/g2o/types/types_six_dof_expmap.h:38,
[9.734s]                  from /home/romi/fawad/ORB_SLAM3/include/Converter.h:26,
[9.734s]                  from /home/romi/fawad/ORB_SLAM3/include/Frame.h:33,
[9.734s]                  from /home/romi/fawad/ORB_SLAM3/include/KeyFrame.h:28,
[9.735s]                  from /home/romi/fawad/ORB_SLAM3/include/MapPoint.h:23,
[9.735s]                  from /home/romi/fawad/ORB_SLAM3/include/FrameDrawer.h:24,
[9.735s]                  from /home/romi/fawad/ORB_SLAM3/include/Viewer.h:23,
[9.735s]                  from /home/romi/fawad/ORB_SLAM3/include/Tracking.h:26,
[9.735s]                  from /home/romi/fawad/ORB_SLAM3/include/System.h:31,
[9.735s]                  from /home/romi/fawad/ros2_ws/src/ORB_SLAM3_ROS2/src/stereo-inertial/stereo-inertial-node.hpp:10,
[9.735s]                  from /home/romi/fawad/ros2_ws/src/ORB_SLAM3_ROS2/src/stereo-inertial/stereo-inertial.cpp:7:
[9.735s] /home/romi/fawad/ORB_SLAM3/Thirdparty/g2o/g2o/types/../core/base_binary_edge.h: In instantiation of ‘class g2o::BaseBinaryEdge<2, Eigen::Matrix<double, 2, 1>, g2o::VertexSBAPointXYZ, g2o::VertexSE3Expmap>’:
[9.735s] /home/romi/fawad/ORB_SLAM3/Thirdparty/g2o/g2o/types/types_six_dof_expmap.h:114:35:   required from here
[9.735s] /home/romi/fawad/ORB_SLAM3/Thirdparty/g2o/g2o/types/../core/base_binary_edge.h:59:80: warning: ‘Eigen::AlignedBit’ is deprecated [-Wdeprecated-declarations]
[9.735s]    59 |       typedef Eigen::Map<Matrix<double, Di, Dj>, Matrix<double, Di, Dj>::Flags & AlignedBit ? Aligned : Unaligned > HessianBlockType;
[9.735s]       |                                                                          ~~~~~~^~~~~~~~~~~~
[9.736s] In file included from /usr/include/eigen3/Eigen/Core:161,
[9.736s]                  from /usr/include/eigen3/Eigen/LU:11,
[9.736s]                  from /home/romi/fawad/ORB_SLAM3/Thirdparty/Sophus/sophus/so2.hpp:12,
[9.736s]                  from /home/romi/fawad/ORB_SLAM3/Thirdparty/Sophus/sophus/se2.hpp:7,
[9.736s]                  from /home/romi/fawad/ORB_SLAM3/Thirdparty/Sophus/sophus/geometry.hpp:7,
[9.736s]                  from /home/romi/fawad/ORB_SLAM3/include/Frame.h:28,
[9.736s]                  from /home/romi/fawad/ORB_SLAM3/include/KeyFrame.h:28,
[9.736s]                  from /home/romi/fawad/ORB_SLAM3/include/MapPoint.h:23,
[9.736s]                  from /home/romi/fawad/ORB_SLAM3/include/FrameDrawer.h:24,
[9.736s]                  from /home/romi/fawad/ORB_SLAM3/include/Viewer.h:23,
[9.737s]                  from /home/romi/fawad/ORB_SLAM3/include/Tracking.h:26,
[9.737s]                  from /home/romi/fawad/ORB_SLAM3/include/System.h:31,
[9.737s]                  from /home/romi/fawad/ros2_ws/src/ORB_SLAM3_ROS2/src/stereo-inertial/stereo-inertial-node.hpp:10,
[9.737s]                  from /home/romi/fawad/ros2_ws/src/ORB_SLAM3_ROS2/src/stereo-inertial/stereo-inertial.cpp:7:
[9.737s] /usr/include/eigen3/Eigen/src/Core/util/Constants.h:167:37: note: declared here
[9.737s]   167 | EIGEN_DEPRECATED const unsigned int AlignedBit = 0x80;
[9.737s]       |                                     ^~~~~~~~~~
[9.758s] In file included from /home/romi/fawad/ORB_SLAM3/Thirdparty/g2o/g2o/types/types_six_dof_expmap.h:38,
[9.758s]                  from /home/romi/fawad/ORB_SLAM3/include/Converter.h:26,
[9.759s]                  from /home/romi/fawad/ORB_SLAM3/include/Frame.h:33,
[9.759s]                  from /home/romi/fawad/ORB_SLAM3/include/KeyFrame.h:28,
[9.759s]                  from /home/romi/fawad/ORB_SLAM3/include/MapPoint.h:23,
[9.759s]                  from /home/romi/fawad/ORB_SLAM3/include/FrameDrawer.h:24,
[9.759s]                  from /home/romi/fawad/ORB_SLAM3/include/Viewer.h:23,
[9.760s]                  from /home/romi/fawad/ORB_SLAM3/include/Tracking.h:26,
[9.760s]                  from /home/romi/fawad/ORB_SLAM3/include/System.h:31,
[9.760s]                  from /home/romi/fawad/ros2_ws/src/ORB_SLAM3_ROS2/src/stereo-inertial/stereo-inertial-node.hpp:10,
[9.760s]                  from /home/romi/fawad/ros2_ws/src/ORB_SLAM3_ROS2/src/stereo-inertial/stereo-inertial.cpp:7:
[9.760s] /home/romi/fawad/ORB_SLAM3/Thirdparty/g2o/g2o/types/../core/base_binary_edge.h:60:80: warning: ‘Eigen::AlignedBit’ is deprecated [-Wdeprecated-declarations]
[9.760s]    60 |       typedef Eigen::Map<Matrix<double, Dj, Di>, Matrix<double, Dj, Di>::Flags & AlignedBit ? Aligned : Unaligned > HessianBlockTransposedType;
[9.760s]       |                                                                          ~~~~~~^~~~~~~~~~~~
[9.760s] In file included from /usr/include/eigen3/Eigen/Core:161,
[9.760s]                  from /usr/include/eigen3/Eigen/LU:11,
[9.760s]                  from /home/romi/fawad/ORB_SLAM3/Thirdparty/Sophus/sophus/so2.hpp:12,
[9.760s]                  from /home/romi/fawad/ORB_SLAM3/Thirdparty/Sophus/sophus/se2.hpp:7,
[9.761s]                  from /home/romi/fawad/ORB_SLAM3/Thirdparty/Sophus/sophus/geometry.hpp:7,
[9.761s]                  from /home/romi/fawad/ORB_SLAM3/include/Frame.h:28,
[9.761s]                  from /home/romi/fawad/ORB_SLAM3/include/KeyFrame.h:28,
[9.761s]                  from /home/romi/fawad/ORB_SLAM3/include/MapPoint.h:23,
[9.761s]                  from /home/romi/fawad/ORB_SLAM3/include/FrameDrawer.h:24,
[9.761s]                  from /home/romi/fawad/ORB_SLAM3/include/Viewer.h:23,
[9.761s]                  from /home/romi/fawad/ORB_SLAM3/include/Tracking.h:26,
[9.761s]                  from /home/romi/fawad/ORB_SLAM3/include/System.h:31,
[9.761s]                  from /home/romi/fawad/ros2_ws/src/ORB_SLAM3_ROS2/src/stereo-inertial/stereo-inertial-node.hpp:10,
[9.761s]                  from /home/romi/fawad/ros2_ws/src/ORB_SLAM3_ROS2/src/stereo-inertial/stereo-inertial.cpp:7:
[9.761s] /usr/include/eigen3/Eigen/src/Core/util/Constants.h:167:37: note: declared here
[9.761s]   167 | EIGEN_DEPRECATED const unsigned int AlignedBit = 0x80;
[9.762s]       |                                     ^~~~~~~~~~
[9.781s] In file included from /home/romi/fawad/ORB_SLAM3/Thirdparty/g2o/g2o/types/types_six_dof_expmap.h:38,
[9.781s]                  from /home/romi/fawad/ORB_SLAM3/include/Converter.h:26,
[9.781s]                  from /home/romi/fawad/ORB_SLAM3/include/Frame.h:33,
[9.781s]                  from /home/romi/fawad/ORB_SLAM3/include/KeyFrame.h:28,
[9.782s]                  from /home/romi/fawad/ORB_SLAM3/include/MapPoint.h:23,
[9.782s]                  from /home/romi/fawad/ORB_SLAM3/include/FrameDrawer.h:24,
[9.782s]                  from /home/romi/fawad/ORB_SLAM3/include/Viewer.h:23,
[9.782s]                  from /home/romi/fawad/ORB_SLAM3/include/Tracking.h:26,
[9.782s]                  from /home/romi/fawad/ORB_SLAM3/include/System.h:31,
[9.782s]                  from /home/romi/fawad/ros2_ws/src/ORB_SLAM3_ROS2/src/monocular/monocular-slam-node.hpp:9,
[9.782s]                  from /home/romi/fawad/ros2_ws/src/ORB_SLAM3_ROS2/src/monocular/monocular-slam-node.cpp:1:
[9.782s] /home/romi/fawad/ORB_SLAM3/Thirdparty/g2o/g2o/types/../core/base_binary_edge.h: In instantiation of ‘class g2o::BaseBinaryEdge<6, g2o::SE3Quat, g2o::VertexSE3Expmap, g2o::VertexSE3Expmap>’:
[9.782s] /home/romi/fawad/ORB_SLAM3/Thirdparty/g2o/g2o/types/types_six_dof_expmap.h:83:24:   required from here
[9.782s] /home/romi/fawad/ORB_SLAM3/Thirdparty/g2o/g2o/types/../core/base_binary_edge.h:59:80: warning: ‘Eigen::AlignedBit’ is deprecated [-Wdeprecated-declarations]
[9.782s]    59 |       typedef Eigen::Map<Matrix<double, Di, Dj>, Matrix<double, Di, Dj>::Flags & AlignedBit ? Aligned : Unaligned > HessianBlockType;
[9.783s]       |                                                                          ~~~~~~^~~~~~~~~~~~
[9.783s] In file included from /usr/include/eigen3/Eigen/Core:161,
[9.783s]                  from /usr/include/eigen3/Eigen/LU:11,
[9.783s]                  from /home/romi/fawad/ORB_SLAM3/Thirdparty/Sophus/sophus/so2.hpp:12,
[9.783s]                  from /home/romi/fawad/ORB_SLAM3/Thirdparty/Sophus/sophus/se2.hpp:7,
[9.783s]                  from /home/romi/fawad/ORB_SLAM3/Thirdparty/Sophus/sophus/geometry.hpp:7,
[9.783s]                  from /home/romi/fawad/ORB_SLAM3/include/Frame.h:28,
[9.783s]                  from /home/romi/fawad/ORB_SLAM3/include/KeyFrame.h:28,
[9.783s]                  from /home/romi/fawad/ORB_SLAM3/include/MapPoint.h:23,
[9.783s]                  from /home/romi/fawad/ORB_SLAM3/include/FrameDrawer.h:24,
[9.783s]                  from /home/romi/fawad/ORB_SLAM3/include/Viewer.h:23,
[9.784s]                  from /home/romi/fawad/ORB_SLAM3/include/Tracking.h:26,
[9.784s]                  from /home/romi/fawad/ORB_SLAM3/include/System.h:31,
[9.784s]                  from /home/romi/fawad/ros2_ws/src/ORB_SLAM3_ROS2/src/monocular/monocular-slam-node.hpp:9,
[9.784s]                  from /home/romi/fawad/ros2_ws/src/ORB_SLAM3_ROS2/src/monocular/monocular-slam-node.cpp:1:
[9.784s] /usr/include/eigen3/Eigen/src/Core/util/Constants.h:167:37: note: declared here
[9.784s]   167 | EIGEN_DEPRECATED const unsigned int AlignedBit = 0x80;
[9.784s]       |                                     ^~~~~~~~~~
[9.787s] In file included from /home/romi/fawad/ORB_SLAM3/Thirdparty/g2o/g2o/types/types_six_dof_expmap.h:38,
[9.787s]                  from /home/romi/fawad/ORB_SLAM3/include/Converter.h:26,
[9.787s]                  from /home/romi/fawad/ORB_SLAM3/include/Frame.h:33,
[9.787s]                  from /home/romi/fawad/ORB_SLAM3/include/KeyFrame.h:28,
[9.787s]                  from /home/romi/fawad/ORB_SLAM3/include/MapPoint.h:23,
[9.787s]                  from /home/romi/fawad/ORB_SLAM3/include/FrameDrawer.h:24,
[9.787s]                  from /home/romi/fawad/ORB_SLAM3/include/Viewer.h:23,
[9.787s]                  from /home/romi/fawad/ORB_SLAM3/include/Tracking.h:26,
[9.788s]                  from /home/romi/fawad/ORB_SLAM3/include/System.h:31,
[9.788s]                  from /home/romi/fawad/ros2_ws/src/ORB_SLAM3_ROS2/src/monocular/monocular-slam-node.hpp:9,
[9.788s]                  from /home/romi/fawad/ros2_ws/src/ORB_SLAM3_ROS2/src/monocular/monocular-slam-node.cpp:1:
[9.788s] /home/romi/fawad/ORB_SLAM3/Thirdparty/g2o/g2o/types/../core/base_binary_edge.h:60:80: warning: ‘Eigen::AlignedBit’ is deprecated [-Wdeprecated-declarations]
[9.788s]    60 |       typedef Eigen::Map<Matrix<double, Dj, Di>, Matrix<double, Dj, Di>::Flags & AlignedBit ? Aligned : Unaligned > HessianBlockTransposedType;
[9.788s]       |                                                                          ~~~~~~^~~~~~~~~~~~
[9.788s] In file included from /usr/include/eigen3/Eigen/Core:161,
[9.788s]                  from /usr/include/eigen3/Eigen/LU:11,
[9.788s]                  from /home/romi/fawad/ORB_SLAM3/Thirdparty/Sophus/sophus/so2.hpp:12,
[9.788s]                  from /home/romi/fawad/ORB_SLAM3/Thirdparty/Sophus/sophus/se2.hpp:7,
[9.788s]                  from /home/romi/fawad/ORB_SLAM3/Thirdparty/Sophus/sophus/geometry.hpp:7,
[9.789s]                  from /home/romi/fawad/ORB_SLAM3/include/Frame.h:28,
[9.789s]                  from /home/romi/fawad/ORB_SLAM3/include/KeyFrame.h:28,
[9.789s]                  from /home/romi/fawad/ORB_SLAM3/include/MapPoint.h:23,
[9.789s]                  from /home/romi/fawad/ORB_SLAM3/include/FrameDrawer.h:24,
[9.789s]                  from /home/romi/fawad/ORB_SLAM3/include/Viewer.h:23,
[9.789s]                  from /home/romi/fawad/ORB_SLAM3/include/Tracking.h:26,
[9.789s]                  from /home/romi/fawad/ORB_SLAM3/include/System.h:31,
[9.789s]                  from /home/romi/fawad/ros2_ws/src/ORB_SLAM3_ROS2/src/monocular/monocular-slam-node.hpp:9,
[9.789s]                  from /home/romi/fawad/ros2_ws/src/ORB_SLAM3_ROS2/src/monocular/monocular-slam-node.cpp:1:
[9.789s] /usr/include/eigen3/Eigen/src/Core/util/Constants.h:167:37: note: declared here
[9.789s]   167 | EIGEN_DEPRECATED const unsigned int AlignedBit = 0x80;
[9.790s]       |                                     ^~~~~~~~~~
[9.801s] In file included from /home/romi/fawad/ORB_SLAM3/Thirdparty/g2o/g2o/types/types_six_dof_expmap.h:38,
[9.801s]                  from /home/romi/fawad/ORB_SLAM3/include/Converter.h:26,
[9.801s]                  from /home/romi/fawad/ORB_SLAM3/include/Frame.h:33,
[9.802s]                  from /home/romi/fawad/ORB_SLAM3/include/KeyFrame.h:28,
[9.802s]                  from /home/romi/fawad/ORB_SLAM3/include/MapPoint.h:23,
[9.802s]                  from /home/romi/fawad/ORB_SLAM3/include/FrameDrawer.h:24,
[9.802s]                  from /home/romi/fawad/ORB_SLAM3/include/Viewer.h:23,
[9.802s]                  from /home/romi/fawad/ORB_SLAM3/include/Tracking.h:26,
[9.802s]                  from /home/romi/fawad/ORB_SLAM3/include/System.h:31,
[9.802s]                  from /home/romi/fawad/ros2_ws/src/ORB_SLAM3_ROS2/src/stereo/stereo-slam-node.hpp:13,
[9.802s]                  from /home/romi/fawad/ros2_ws/src/ORB_SLAM3_ROS2/src/stereo/stereo.cpp:7:
[9.802s] /home/romi/fawad/ORB_SLAM3/Thirdparty/g2o/g2o/types/../core/base_binary_edge.h: In instantiation of ‘class g2o::BaseBinaryEdge<2, Eigen::Matrix<double, 2, 1>, g2o::VertexSBAPointXYZ, g2o::VertexSE3Expmap>’:
[9.802s] /home/romi/fawad/ORB_SLAM3/Thirdparty/g2o/g2o/types/types_six_dof_expmap.h:114:35:   required from here
[9.802s] /home/romi/fawad/ORB_SLAM3/Thirdparty/g2o/g2o/types/../core/base_binary_edge.h:59:80: warning: ‘Eigen::AlignedBit’ is deprecated [-Wdeprecated-declarations]
[9.803s]    59 |       typedef Eigen::Map<Matrix<double, Di, Dj>, Matrix<double, Di, Dj>::Flags & AlignedBit ? Aligned : Unaligned > HessianBlockType;
[9.803s]       |                                                                          ~~~~~~^~~~~~~~~~~~
[9.803s] In file included from /usr/include/eigen3/Eigen/Core:161,
[9.803s]                  from /usr/include/eigen3/Eigen/LU:11,
[9.803s]                  from /home/romi/fawad/ORB_SLAM3/Thirdparty/Sophus/sophus/so2.hpp:12,
[9.803s]                  from /home/romi/fawad/ORB_SLAM3/Thirdparty/Sophus/sophus/se2.hpp:7,
[9.803s]                  from /home/romi/fawad/ORB_SLAM3/Thirdparty/Sophus/sophus/geometry.hpp:7,
[9.803s]                  from /home/romi/fawad/ORB_SLAM3/include/Frame.h:28,
[9.803s]                  from /home/romi/fawad/ORB_SLAM3/include/KeyFrame.h:28,
[9.803s]                  from /home/romi/fawad/ORB_SLAM3/include/MapPoint.h:23,
[9.803s]                  from /home/romi/fawad/ORB_SLAM3/include/FrameDrawer.h:24,
[9.804s]                  from /home/romi/fawad/ORB_SLAM3/include/Viewer.h:23,
[9.804s]                  from /home/romi/fawad/ORB_SLAM3/include/Tracking.h:26,
[9.804s]                  from /home/romi/fawad/ORB_SLAM3/include/System.h:31,
[9.804s]                  from /home/romi/fawad/ros2_ws/src/ORB_SLAM3_ROS2/src/stereo/stereo-slam-node.hpp:13,
[9.804s]                  from /home/romi/fawad/ros2_ws/src/ORB_SLAM3_ROS2/src/stereo/stereo.cpp:7:
[9.804s] /usr/include/eigen3/Eigen/src/Core/util/Constants.h:167:37: note: declared here
[9.804s]   167 | EIGEN_DEPRECATED const unsigned int AlignedBit = 0x80;
[9.804s]       |                                     ^~~~~~~~~~
[9.820s] In file included from /home/romi/fawad/ORB_SLAM3/Thirdparty/g2o/g2o/types/types_six_dof_expmap.h:38,
[9.820s]                  from /home/romi/fawad/ORB_SLAM3/include/Converter.h:26,
[9.820s]                  from /home/romi/fawad/ORB_SLAM3/include/Frame.h:33,
[9.820s]                  from /home/romi/fawad/ORB_SLAM3/include/KeyFrame.h:28,
[9.820s]                  from /home/romi/fawad/ORB_SLAM3/include/MapPoint.h:23,
[9.820s]                  from /home/romi/fawad/ORB_SLAM3/include/FrameDrawer.h:24,
[9.821s]                  from /home/romi/fawad/ORB_SLAM3/include/Viewer.h:23,
[9.821s]                  from /home/romi/fawad/ORB_SLAM3/include/Tracking.h:26,
[9.821s]                  from /home/romi/fawad/ORB_SLAM3/include/System.h:31,
[9.821s]                  from /home/romi/fawad/ros2_ws/src/ORB_SLAM3_ROS2/src/stereo/stereo-slam-node.hpp:13,
[9.821s]                  from /home/romi/fawad/ros2_ws/src/ORB_SLAM3_ROS2/src/stereo/stereo.cpp:7:
[9.821s] /home/romi/fawad/ORB_SLAM3/Thirdparty/g2o/g2o/types/../core/base_binary_edge.h:60:80: warning: ‘Eigen::AlignedBit’ is deprecated [-Wdeprecated-declarations]
[9.821s]    60 |       typedef Eigen::Map<Matrix<double, Dj, Di>, Matrix<double, Dj, Di>::Flags & AlignedBit ? Aligned : Unaligned > HessianBlockTransposedType;
[9.821s]       |                                                                          ~~~~~~^~~~~~~~~~~~
[9.821s] In file included from /usr/include/eigen3/Eigen/Core:161,
[9.821s]                  from /usr/include/eigen3/Eigen/LU:11,
[9.821s]                  from /home/romi/fawad/ORB_SLAM3/Thirdparty/Sophus/sophus/so2.hpp:12,
[9.822s]                  from /home/romi/fawad/ORB_SLAM3/Thirdparty/Sophus/sophus/se2.hpp:7,
[9.822s]                  from /home/romi/fawad/ORB_SLAM3/Thirdparty/Sophus/sophus/geometry.hpp:7,
[9.822s]                  from /home/romi/fawad/ORB_SLAM3/include/Frame.h:28,
[9.822s]                  from /home/romi/fawad/ORB_SLAM3/include/KeyFrame.h:28,
[9.822s]                  from /home/romi/fawad/ORB_SLAM3/include/MapPoint.h:23,
[9.822s]                  from /home/romi/fawad/ORB_SLAM3/include/FrameDrawer.h:24,
[9.822s]                  from /home/romi/fawad/ORB_SLAM3/include/Viewer.h:23,
[9.822s]                  from /home/romi/fawad/ORB_SLAM3/include/Tracking.h:26,
[9.822s]                  from /home/romi/fawad/ORB_SLAM3/include/System.h:31,
[9.822s]                  from /home/romi/fawad/ros2_ws/src/ORB_SLAM3_ROS2/src/stereo/stereo-slam-node.hpp:13,
[9.822s]                  from /home/romi/fawad/ros2_ws/src/ORB_SLAM3_ROS2/src/stereo/stereo.cpp:7:
[9.823s] /usr/include/eigen3/Eigen/src/Core/util/Constants.h:167:37: note: declared here
[9.823s]   167 | EIGEN_DEPRECATED const unsigned int AlignedBit = 0x80;
[9.823s]       |                                     ^~~~~~~~~~
[9.855s] In file included from /home/romi/fawad/ORB_SLAM3/Thirdparty/g2o/g2o/types/types_six_dof_expmap.h:38,
[9.855s]                  from /home/romi/fawad/ORB_SLAM3/include/Converter.h:26,
[9.855s]                  from /home/romi/fawad/ORB_SLAM3/include/Frame.h:33,
[9.855s]                  from /home/romi/fawad/ORB_SLAM3/include/KeyFrame.h:28,
[9.855s]                  from /home/romi/fawad/ORB_SLAM3/include/MapPoint.h:23,
[9.856s]                  from /home/romi/fawad/ORB_SLAM3/include/FrameDrawer.h:24,
[9.856s]                  from /home/romi/fawad/ORB_SLAM3/include/Viewer.h:23,
[9.856s]                  from /home/romi/fawad/ORB_SLAM3/include/Tracking.h:26,
[9.856s]                  from /home/romi/fawad/ORB_SLAM3/include/System.h:31,
[9.856s]                  from /home/romi/fawad/ros2_ws/src/ORB_SLAM3_ROS2/src/stereo-inertial/stereo-inertial-node.hpp:10,
[9.857s]                  from /home/romi/fawad/ros2_ws/src/ORB_SLAM3_ROS2/src/stereo-inertial/stereo-inertial.cpp:7:
[9.857s] /home/romi/fawad/ORB_SLAM3/Thirdparty/g2o/g2o/types/../core/base_binary_edge.h: In instantiation of ‘class g2o::BaseBinaryEdge<3, Eigen::Matrix<double, 3, 1>, g2o::VertexSBAPointXYZ, g2o::VertexSE3Expmap>’:
[9.857s] /home/romi/fawad/ORB_SLAM3/Thirdparty/g2o/g2o/types/types_six_dof_expmap.h:146:41:   required from here
[9.857s] /home/romi/fawad/ORB_SLAM3/Thirdparty/g2o/g2o/types/../core/base_binary_edge.h:59:80: warning: ‘Eigen::AlignedBit’ is deprecated [-Wdeprecated-declarations]
[9.857s]    59 |       typedef Eigen::Map<Matrix<double, Di, Dj>, Matrix<double, Di, Dj>::Flags & AlignedBit ? Aligned : Unaligned > HessianBlockType;
[9.857s]       |                                                                          ~~~~~~^~~~~~~~~~~~
[9.858s] In file included from /usr/include/eigen3/Eigen/Core:161,
[9.858s]                  from /usr/include/eigen3/Eigen/LU:11,
[9.858s]                  from /home/romi/fawad/ORB_SLAM3/Thirdparty/Sophus/sophus/so2.hpp:12,
[9.858s]                  from /home/romi/fawad/ORB_SLAM3/Thirdparty/Sophus/sophus/se2.hpp:7,
[9.858s]                  from /home/romi/fawad/ORB_SLAM3/Thirdparty/Sophus/sophus/geometry.hpp:7,
[9.858s]                  from /home/romi/fawad/ORB_SLAM3/include/Frame.h:28,
[9.858s]                  from /home/romi/fawad/ORB_SLAM3/include/KeyFrame.h:28,
[9.858s]                  from /home/romi/fawad/ORB_SLAM3/include/MapPoint.h:23,
[9.858s]                  from /home/romi/fawad/ORB_SLAM3/include/FrameDrawer.h:24,
[9.858s]                  from /home/romi/fawad/ORB_SLAM3/include/Viewer.h:23,
[9.858s]                  from /home/romi/fawad/ORB_SLAM3/include/Tracking.h:26,
[9.859s]                  from /home/romi/fawad/ORB_SLAM3/include/System.h:31,
[9.859s]                  from /home/romi/fawad/ros2_ws/src/ORB_SLAM3_ROS2/src/stereo-inertial/stereo-inertial-node.hpp:10,
[9.859s]                  from /home/romi/fawad/ros2_ws/src/ORB_SLAM3_ROS2/src/stereo-inertial/stereo-inertial.cpp:7:
[9.859s] /usr/include/eigen3/Eigen/src/Core/util/Constants.h:167:37: note: declared here
[9.859s]   167 | EIGEN_DEPRECATED const unsigned int AlignedBit = 0x80;
[9.859s]       |                                     ^~~~~~~~~~
[9.859s] In file included from /home/romi/fawad/ORB_SLAM3/Thirdparty/g2o/g2o/types/types_six_dof_expmap.h:38,
[9.859s]                  from /home/romi/fawad/ORB_SLAM3/include/Converter.h:26,
[9.859s]                  from /home/romi/fawad/ORB_SLAM3/include/Frame.h:33,
[9.859s]                  from /home/romi/fawad/ORB_SLAM3/include/KeyFrame.h:28,
[9.859s]                  from /home/romi/fawad/ORB_SLAM3/include/MapPoint.h:23,
[9.859s]                  from /home/romi/fawad/ORB_SLAM3/include/FrameDrawer.h:24,
[9.860s]                  from /home/romi/fawad/ORB_SLAM3/include/Viewer.h:23,
[9.860s]                  from /home/romi/fawad/ORB_SLAM3/include/Tracking.h:26,
[9.860s]                  from /home/romi/fawad/ORB_SLAM3/include/System.h:31,
[9.860s]                  from /home/romi/fawad/ros2_ws/src/ORB_SLAM3_ROS2/src/stereo-inertial/stereo-inertial-node.hpp:10,
[9.860s]                  from /home/romi/fawad/ros2_ws/src/ORB_SLAM3_ROS2/src/stereo-inertial/stereo-inertial.cpp:7:
[9.860s] /home/romi/fawad/ORB_SLAM3/Thirdparty/g2o/g2o/types/../core/base_binary_edge.h:60:80: warning: ‘Eigen::AlignedBit’ is deprecated [-Wdeprecated-declarations]
[9.860s]    60 |       typedef Eigen::Map<Matrix<double, Dj, Di>, Matrix<double, Dj, Di>::Flags & AlignedBit ? Aligned : Unaligned > HessianBlockTransposedType;
[9.860s]       |                                                                          ~~~~~~^~~~~~~~~~~~
[9.860s] In file included from /usr/include/eigen3/Eigen/Core:161,
[9.860s]                  from /usr/include/eigen3/Eigen/LU:11,
[9.860s]                  from /home/romi/fawad/ORB_SLAM3/Thirdparty/Sophus/sophus/so2.hpp:12,
[9.860s]                  from /home/romi/fawad/ORB_SLAM3/Thirdparty/Sophus/sophus/se2.hpp:7,
[9.861s]                  from /home/romi/fawad/ORB_SLAM3/Thirdparty/Sophus/sophus/geometry.hpp:7,
[9.861s]                  from /home/romi/fawad/ORB_SLAM3/include/Frame.h:28,
[9.861s]                  from /home/romi/fawad/ORB_SLAM3/include/KeyFrame.h:28,
[9.862s]                  from /home/romi/fawad/ORB_SLAM3/include/MapPoint.h:23,
[9.862s]                  from /home/romi/fawad/ORB_SLAM3/include/FrameDrawer.h:24,
[9.862s]                  from /home/romi/fawad/ORB_SLAM3/include/Viewer.h:23,
[9.862s]                  from /home/romi/fawad/ORB_SLAM3/include/Tracking.h:26,
[9.862s]                  from /home/romi/fawad/ORB_SLAM3/include/System.h:31,
[9.862s]                  from /home/romi/fawad/ros2_ws/src/ORB_SLAM3_ROS2/src/stereo-inertial/stereo-inertial-node.hpp:10,
[9.862s]                  from /home/romi/fawad/ros2_ws/src/ORB_SLAM3_ROS2/src/stereo-inertial/stereo-inertial.cpp:7:
[9.863s] /usr/include/eigen3/Eigen/src/Core/util/Constants.h:167:37: note: declared here
[9.863s]   167 | EIGEN_DEPRECATED const unsigned int AlignedBit = 0x80;
[9.863s]       |                                     ^~~~~~~~~~
[9.863s] In file included from /home/romi/fawad/ORB_SLAM3/Thirdparty/g2o/g2o/types/types_six_dof_expmap.h:38,
[9.863s]                  from /home/romi/fawad/ORB_SLAM3/include/Converter.h:26,
[9.863s]                  from /home/romi/fawad/ORB_SLAM3/include/Frame.h:33,
[9.863s]                  from /home/romi/fawad/ORB_SLAM3/include/KeyFrame.h:28,
[9.863s]                  from /home/romi/fawad/ORB_SLAM3/include/MapPoint.h:23,
[9.864s]                  from /home/romi/fawad/ORB_SLAM3/include/FrameDrawer.h:24,
[9.864s]                  from /home/romi/fawad/ORB_SLAM3/include/Viewer.h:23,
[9.864s]                  from /home/romi/fawad/ORB_SLAM3/include/Tracking.h:26,
[9.864s]                  from /home/romi/fawad/ORB_SLAM3/include/System.h:31,
[9.864s]                  from /home/romi/fawad/ros2_ws/src/ORB_SLAM3_ROS2/src/monocular/monocular-slam-node.hpp:9,
[9.864s]                  from /home/romi/fawad/ros2_ws/src/ORB_SLAM3_ROS2/src/monocular/monocular-slam-node.cpp:1:
[9.864s] /home/romi/fawad/ORB_SLAM3/Thirdparty/g2o/g2o/types/../core/base_binary_edge.h: In instantiation of ‘class g2o::BaseBinaryEdge<2, Eigen::Matrix<double, 2, 1>, g2o::VertexSBAPointXYZ, g2o::VertexSE3Expmap>’:
[9.864s] /home/romi/fawad/ORB_SLAM3/Thirdparty/g2o/g2o/types/types_six_dof_expmap.h:114:35:   required from here
[9.864s] /home/romi/fawad/ORB_SLAM3/Thirdparty/g2o/g2o/types/../core/base_binary_edge.h:59:80: warning: ‘Eigen::AlignedBit’ is deprecated [-Wdeprecated-declarations]
[9.864s]    59 |       typedef Eigen::Map<Matrix<double, Di, Dj>, Matrix<double, Di, Dj>::Flags & AlignedBit ? Aligned : Unaligned > HessianBlockType;
[9.864s]       |                                                                          ~~~~~~^~~~~~~~~~~~
[9.865s] In file included from /usr/include/eigen3/Eigen/Core:161,
[9.865s]                  from /usr/include/eigen3/Eigen/LU:11,
[9.865s]                  from /home/romi/fawad/ORB_SLAM3/Thirdparty/Sophus/sophus/so2.hpp:12,
[9.865s]                  from /home/romi/fawad/ORB_SLAM3/Thirdparty/Sophus/sophus/se2.hpp:7,
[9.865s]                  from /home/romi/fawad/ORB_SLAM3/Thirdparty/Sophus/sophus/geometry.hpp:7,
[9.865s]                  from /home/romi/fawad/ORB_SLAM3/include/Frame.h:28,
[9.865s]                  from /home/romi/fawad/ORB_SLAM3/include/KeyFrame.h:28,
[9.865s]                  from /home/romi/fawad/ORB_SLAM3/include/MapPoint.h:23,
[9.865s]                  from /home/romi/fawad/ORB_SLAM3/include/FrameDrawer.h:24,
[9.866s]                  from /home/romi/fawad/ORB_SLAM3/include/Viewer.h:23,
[9.866s]                  from /home/romi/fawad/ORB_SLAM3/include/Tracking.h:26,
[9.866s]                  from /home/romi/fawad/ORB_SLAM3/include/System.h:31,
[9.866s]                  from /home/romi/fawad/ros2_ws/src/ORB_SLAM3_ROS2/src/monocular/monocular-slam-node.hpp:9,
[9.866s]                  from /home/romi/fawad/ros2_ws/src/ORB_SLAM3_ROS2/src/monocular/monocular-slam-node.cpp:1:
[9.866s] /usr/include/eigen3/Eigen/src/Core/util/Constants.h:167:37: note: declared here
[9.866s]   167 | EIGEN_DEPRECATED const unsigned int AlignedBit = 0x80;
[9.866s]       |                                     ^~~~~~~~~~
[9.890s] In file included from /home/romi/fawad/ORB_SLAM3/Thirdparty/g2o/g2o/types/types_six_dof_expmap.h:38,
[9.890s]                  from /home/romi/fawad/ORB_SLAM3/include/Converter.h:26,
[9.890s]                  from /home/romi/fawad/ORB_SLAM3/include/Frame.h:33,
[9.890s]                  from /home/romi/fawad/ORB_SLAM3/include/KeyFrame.h:28,
[9.890s]                  from /home/romi/fawad/ORB_SLAM3/include/MapPoint.h:23,
[9.890s]                  from /home/romi/fawad/ORB_SLAM3/include/FrameDrawer.h:24,
[9.890s]                  from /home/romi/fawad/ORB_SLAM3/include/Viewer.h:23,
[9.890s]                  from /home/romi/fawad/ORB_SLAM3/include/Tracking.h:26,
[9.890s]                  from /home/romi/fawad/ORB_SLAM3/include/System.h:31,
[9.890s]                  from /home/romi/fawad/ros2_ws/src/ORB_SLAM3_ROS2/src/monocular/monocular-slam-node.hpp:9,
[9.890s]                  from /home/romi/fawad/ros2_ws/src/ORB_SLAM3_ROS2/src/monocular/monocular-slam-node.cpp:1:
[9.891s] /home/romi/fawad/ORB_SLAM3/Thirdparty/g2o/g2o/types/../core/base_binary_edge.h:60:80: warning: ‘Eigen::AlignedBit’ is deprecated [-Wdeprecated-declarations]
[9.891s]    60 |       typedef Eigen::Map<Matrix<double, Dj, Di>, Matrix<double, Dj, Di>::Flags & AlignedBit ? Aligned : Unaligned > HessianBlockTransposedType;
[9.891s]       |                                                                          ~~~~~~^~~~~~~~~~~~
[9.891s] In file included from /usr/include/eigen3/Eigen/Core:161,
[9.891s]                  from /usr/include/eigen3/Eigen/LU:11,
[9.891s]                  from /home/romi/fawad/ORB_SLAM3/Thirdparty/Sophus/sophus/so2.hpp:12,
[9.891s]                  from /home/romi/fawad/ORB_SLAM3/Thirdparty/Sophus/sophus/se2.hpp:7,
[9.891s]                  from /home/romi/fawad/ORB_SLAM3/Thirdparty/Sophus/sophus/geometry.hpp:7,
[9.891s]                  from /home/romi/fawad/ORB_SLAM3/include/Frame.h:28,
[9.892s]                  from /home/romi/fawad/ORB_SLAM3/include/KeyFrame.h:28,
[9.892s]                  from /home/romi/fawad/ORB_SLAM3/include/MapPoint.h:23,
[9.892s]                  from /home/romi/fawad/ORB_SLAM3/include/FrameDrawer.h:24,
[9.892s]                  from /home/romi/fawad/ORB_SLAM3/include/Viewer.h:23,
[9.892s]                  from /home/romi/fawad/ORB_SLAM3/include/Tracking.h:26,
[9.892s]                  from /home/romi/fawad/ORB_SLAM3/include/System.h:31,
[9.892s]                  from /home/romi/fawad/ros2_ws/src/ORB_SLAM3_ROS2/src/monocular/monocular-slam-node.hpp:9,
[9.892s]                  from /home/romi/fawad/ros2_ws/src/ORB_SLAM3_ROS2/src/monocular/monocular-slam-node.cpp:1:
[9.892s] /usr/include/eigen3/Eigen/src/Core/util/Constants.h:167:37: note: declared here
[9.892s]   167 | EIGEN_DEPRECATED const unsigned int AlignedBit = 0x80;
[9.892s]       |                                     ^~~~~~~~~~
[9.901s] In file included from /home/romi/fawad/ORB_SLAM3/Thirdparty/g2o/g2o/types/types_six_dof_expmap.h:38,
[9.901s]                  from /home/romi/fawad/ORB_SLAM3/include/Converter.h:26,
[9.901s]                  from /home/romi/fawad/ORB_SLAM3/include/Frame.h:33,
[9.901s]                  from /home/romi/fawad/ORB_SLAM3/include/KeyFrame.h:28,
[9.901s]                  from /home/romi/fawad/ORB_SLAM3/include/MapPoint.h:23,
[9.901s]                  from /home/romi/fawad/ORB_SLAM3/include/FrameDrawer.h:24,
[9.901s]                  from /home/romi/fawad/ORB_SLAM3/include/Viewer.h:23,
[9.902s]                  from /home/romi/fawad/ORB_SLAM3/include/Tracking.h:26,
[9.902s]                  from /home/romi/fawad/ORB_SLAM3/include/System.h:31,
[9.902s]                  from /home/romi/fawad/ros2_ws/src/ORB_SLAM3_ROS2/src/stereo/stereo-slam-node.hpp:13,
[9.902s]                  from /home/romi/fawad/ros2_ws/src/ORB_SLAM3_ROS2/src/stereo/stereo.cpp:7:
[9.902s] /home/romi/fawad/ORB_SLAM3/Thirdparty/g2o/g2o/types/../core/base_binary_edge.h: In instantiation of ‘class g2o::BaseBinaryEdge<3, Eigen::Matrix<double, 3, 1>, g2o::VertexSBAPointXYZ, g2o::VertexSE3Expmap>’:
[9.902s] /home/romi/fawad/ORB_SLAM3/Thirdparty/g2o/g2o/types/types_six_dof_expmap.h:146:41:   required from here
[9.902s] /home/romi/fawad/ORB_SLAM3/Thirdparty/g2o/g2o/types/../core/base_binary_edge.h:59:80: warning: ‘Eigen::AlignedBit’ is deprecated [-Wdeprecated-declarations]
[9.902s]    59 |       typedef Eigen::Map<Matrix<double, Di, Dj>, Matrix<double, Di, Dj>::Flags & AlignedBit ? Aligned : Unaligned > HessianBlockType;
[9.902s]       |                                                                          ~~~~~~^~~~~~~~~~~~
[9.903s] In file included from /usr/include/eigen3/Eigen/Core:161,
[9.903s]                  from /usr/include/eigen3/Eigen/LU:11,
[9.903s]                  from /home/romi/fawad/ORB_SLAM3/Thirdparty/Sophus/sophus/so2.hpp:12,
[9.903s]                  from /home/romi/fawad/ORB_SLAM3/Thirdparty/Sophus/sophus/se2.hpp:7,
[9.903s]                  from /home/romi/fawad/ORB_SLAM3/Thirdparty/Sophus/sophus/geometry.hpp:7,
[9.903s]                  from /home/romi/fawad/ORB_SLAM3/include/Frame.h:28,
[9.903s]                  from /home/romi/fawad/ORB_SLAM3/include/KeyFrame.h:28,
[9.903s]                  from /home/romi/fawad/ORB_SLAM3/include/MapPoint.h:23,
[9.903s]                  from /home/romi/fawad/ORB_SLAM3/include/FrameDrawer.h:24,
[9.903s]                  from /home/romi/fawad/ORB_SLAM3/include/Viewer.h:23,
[9.903s]                  from /home/romi/fawad/ORB_SLAM3/include/Tracking.h:26,
[9.904s]                  from /home/romi/fawad/ORB_SLAM3/include/System.h:31,
[9.904s]                  from /home/romi/fawad/ros2_ws/src/ORB_SLAM3_ROS2/src/stereo/stereo-slam-node.hpp:13,
[9.904s]                  from /home/romi/fawad/ros2_ws/src/ORB_SLAM3_ROS2/src/stereo/stereo.cpp:7:
[9.904s] /usr/include/eigen3/Eigen/src/Core/util/Constants.h:167:37: note: declared here
[9.904s]   167 | EIGEN_DEPRECATED const unsigned int AlignedBit = 0x80;
[9.904s]       |                                     ^~~~~~~~~~
[9.904s] In file included from /home/romi/fawad/ORB_SLAM3/Thirdparty/g2o/g2o/types/types_six_dof_expmap.h:38,
[9.904s]                  from /home/romi/fawad/ORB_SLAM3/include/Converter.h:26,
[9.904s]                  from /home/romi/fawad/ORB_SLAM3/include/Frame.h:33,
[9.904s]                  from /home/romi/fawad/ORB_SLAM3/include/KeyFrame.h:28,
[9.904s]                  from /home/romi/fawad/ORB_SLAM3/include/MapPoint.h:23,
[9.904s]                  from /home/romi/fawad/ORB_SLAM3/include/FrameDrawer.h:24,
[9.905s]                  from /home/romi/fawad/ORB_SLAM3/include/Viewer.h:23,
[9.905s]                  from /home/romi/fawad/ORB_SLAM3/include/Tracking.h:26,
[9.905s]                  from /home/romi/fawad/ORB_SLAM3/include/System.h:31,
[9.905s]                  from /home/romi/fawad/ros2_ws/src/ORB_SLAM3_ROS2/src/stereo/stereo-slam-node.hpp:13,
[9.905s]                  from /home/romi/fawad/ros2_ws/src/ORB_SLAM3_ROS2/src/stereo/stereo.cpp:7:
[9.905s] /home/romi/fawad/ORB_SLAM3/Thirdparty/g2o/g2o/types/../core/base_binary_edge.h:60:80: warning: ‘Eigen::AlignedBit’ is deprecated [-Wdeprecated-declarations]
[9.905s]    60 |       typedef Eigen::Map<Matrix<double, Dj, Di>, Matrix<double, Dj, Di>::Flags & AlignedBit ? Aligned : Unaligned > HessianBlockTransposedType;
[9.905s]       |                                                                          ~~~~~~^~~~~~~~~~~~
[9.905s] In file included from /usr/include/eigen3/Eigen/Core:161,
[9.905s]                  from /usr/include/eigen3/Eigen/LU:11,
[9.905s]                  from /home/romi/fawad/ORB_SLAM3/Thirdparty/Sophus/sophus/so2.hpp:12,
[9.906s]                  from /home/romi/fawad/ORB_SLAM3/Thirdparty/Sophus/sophus/se2.hpp:7,
[9.906s]                  from /home/romi/fawad/ORB_SLAM3/Thirdparty/Sophus/sophus/geometry.hpp:7,
[9.906s]                  from /home/romi/fawad/ORB_SLAM3/include/Frame.h:28,
[9.906s]                  from /home/romi/fawad/ORB_SLAM3/include/KeyFrame.h:28,
[9.906s]                  from /home/romi/fawad/ORB_SLAM3/include/MapPoint.h:23,
[9.906s]                  from /home/romi/fawad/ORB_SLAM3/include/FrameDrawer.h:24,
[9.906s]                  from /home/romi/fawad/ORB_SLAM3/include/Viewer.h:23,
[9.906s]                  from /home/romi/fawad/ORB_SLAM3/include/Tracking.h:26,
[9.906s]                  from /home/romi/fawad/ORB_SLAM3/include/System.h:31,
[9.906s]                  from /home/romi/fawad/ros2_ws/src/ORB_SLAM3_ROS2/src/stereo/stereo-slam-node.hpp:13,
[9.906s]                  from /home/romi/fawad/ros2_ws/src/ORB_SLAM3_ROS2/src/stereo/stereo.cpp:7:
[9.906s] /usr/include/eigen3/Eigen/src/Core/util/Constants.h:167:37: note: declared here
[9.907s]   167 | EIGEN_DEPRECATED const unsigned int AlignedBit = 0x80;
[9.907s]       |                                     ^~~~~~~~~~
[9.969s] In file included from /home/romi/fawad/ORB_SLAM3/Thirdparty/g2o/g2o/types/types_six_dof_expmap.h:38,
[9.969s]                  from /home/romi/fawad/ORB_SLAM3/include/Converter.h:26,
[9.969s]                  from /home/romi/fawad/ORB_SLAM3/include/Frame.h:33,
[9.970s]                  from /home/romi/fawad/ORB_SLAM3/include/KeyFrame.h:28,
[9.970s]                  from /home/romi/fawad/ORB_SLAM3/include/MapPoint.h:23,
[9.970s]                  from /home/romi/fawad/ORB_SLAM3/include/FrameDrawer.h:24,
[9.970s]                  from /home/romi/fawad/ORB_SLAM3/include/Viewer.h:23,
[9.970s]                  from /home/romi/fawad/ORB_SLAM3/include/Tracking.h:26,
[9.970s]                  from /home/romi/fawad/ORB_SLAM3/include/System.h:31,
[9.970s]                  from /home/romi/fawad/ros2_ws/src/ORB_SLAM3_ROS2/src/monocular/monocular-slam-node.hpp:9,
[9.970s]                  from /home/romi/fawad/ros2_ws/src/ORB_SLAM3_ROS2/src/monocular/monocular-slam-node.cpp:1:
[9.970s] /home/romi/fawad/ORB_SLAM3/Thirdparty/g2o/g2o/types/../core/base_binary_edge.h: In instantiation of ‘class g2o::BaseBinaryEdge<3, Eigen::Matrix<double, 3, 1>, g2o::VertexSBAPointXYZ, g2o::VertexSE3Expmap>’:
[9.970s] /home/romi/fawad/ORB_SLAM3/Thirdparty/g2o/g2o/types/types_six_dof_expmap.h:146:41:   required from here
[9.971s] /home/romi/fawad/ORB_SLAM3/Thirdparty/g2o/g2o/types/../core/base_binary_edge.h:59:80: warning: ‘Eigen::AlignedBit’ is deprecated [-Wdeprecated-declarations]
[9.971s]    59 |       typedef Eigen::Map<Matrix<double, Di, Dj>, Matrix<double, Di, Dj>::Flags & AlignedBit ? Aligned : Unaligned > HessianBlockType;
[9.971s]       |                                                                          ~~~~~~^~~~~~~~~~~~
[9.971s] In file included from /usr/include/eigen3/Eigen/Core:161,
[9.971s]                  from /usr/include/eigen3/Eigen/LU:11,
[9.971s]                  from /home/romi/fawad/ORB_SLAM3/Thirdparty/Sophus/sophus/so2.hpp:12,
[9.971s]                  from /home/romi/fawad/ORB_SLAM3/Thirdparty/Sophus/sophus/se2.hpp:7,
[9.971s]                  from /home/romi/fawad/ORB_SLAM3/Thirdparty/Sophus/sophus/geometry.hpp:7,
[9.971s]                  from /home/romi/fawad/ORB_SLAM3/include/Frame.h:28,
[9.971s]                  from /home/romi/fawad/ORB_SLAM3/include/KeyFrame.h:28,
[9.971s]                  from /home/romi/fawad/ORB_SLAM3/include/MapPoint.h:23,
[9.971s]                  from /home/romi/fawad/ORB_SLAM3/include/FrameDrawer.h:24,
[9.972s]                  from /home/romi/fawad/ORB_SLAM3/include/Viewer.h:23,
[9.972s]                  from /home/romi/fawad/ORB_SLAM3/include/Tracking.h:26,
[9.972s]                  from /home/romi/fawad/ORB_SLAM3/include/System.h:31,
[9.972s]                  from /home/romi/fawad/ros2_ws/src/ORB_SLAM3_ROS2/src/monocular/monocular-slam-node.hpp:9,
[9.972s]                  from /home/romi/fawad/ros2_ws/src/ORB_SLAM3_ROS2/src/monocular/monocular-slam-node.cpp:1:
[9.972s] /usr/include/eigen3/Eigen/src/Core/util/Constants.h:167:37: note: declared here
[9.972s]   167 | EIGEN_DEPRECATED const unsigned int AlignedBit = 0x80;
[9.972s]       |                                     ^~~~~~~~~~
[9.972s] In file included from /home/romi/fawad/ORB_SLAM3/Thirdparty/g2o/g2o/types/types_six_dof_expmap.h:38,
[9.972s]                  from /home/romi/fawad/ORB_SLAM3/include/Converter.h:26,
[9.972s]                  from /home/romi/fawad/ORB_SLAM3/include/Frame.h:33,
[9.973s]                  from /home/romi/fawad/ORB_SLAM3/include/KeyFrame.h:28,
[9.973s]                  from /home/romi/fawad/ORB_SLAM3/include/MapPoint.h:23,
[9.973s]                  from /home/romi/fawad/ORB_SLAM3/include/FrameDrawer.h:24,
[9.973s]                  from /home/romi/fawad/ORB_SLAM3/include/Viewer.h:23,
[9.973s]                  from /home/romi/fawad/ORB_SLAM3/include/Tracking.h:26,
[9.973s]                  from /home/romi/fawad/ORB_SLAM3/include/System.h:31,
[9.973s]                  from /home/romi/fawad/ros2_ws/src/ORB_SLAM3_ROS2/src/monocular/monocular-slam-node.hpp:9,
[9.973s]                  from /home/romi/fawad/ros2_ws/src/ORB_SLAM3_ROS2/src/monocular/monocular-slam-node.cpp:1:
[9.973s] /home/romi/fawad/ORB_SLAM3/Thirdparty/g2o/g2o/types/../core/base_binary_edge.h:60:80: warning: ‘Eigen::AlignedBit’ is deprecated [-Wdeprecated-declarations]
[9.973s]    60 |       typedef Eigen::Map<Matrix<double, Dj, Di>, Matrix<double, Dj, Di>::Flags & AlignedBit ? Aligned : Unaligned > HessianBlockTransposedType;
[9.973s]       |                                                                          ~~~~~~^~~~~~~~~~~~
[9.974s] In file included from /usr/include/eigen3/Eigen/Core:161,
[9.974s]                  from /usr/include/eigen3/Eigen/LU:11,
[9.974s]                  from /home/romi/fawad/ORB_SLAM3/Thirdparty/Sophus/sophus/so2.hpp:12,
[9.974s]                  from /home/romi/fawad/ORB_SLAM3/Thirdparty/Sophus/sophus/se2.hpp:7,
[9.974s]                  from /home/romi/fawad/ORB_SLAM3/Thirdparty/Sophus/sophus/geometry.hpp:7,
[9.974s]                  from /home/romi/fawad/ORB_SLAM3/include/Frame.h:28,
[9.974s]                  from /home/romi/fawad/ORB_SLAM3/include/KeyFrame.h:28,
[9.974s]                  from /home/romi/fawad/ORB_SLAM3/include/MapPoint.h:23,
[9.974s]                  from /home/romi/fawad/ORB_SLAM3/include/FrameDrawer.h:24,
[9.974s]                  from /home/romi/fawad/ORB_SLAM3/include/Viewer.h:23,
[9.974s]                  from /home/romi/fawad/ORB_SLAM3/include/Tracking.h:26,
[9.974s]                  from /home/romi/fawad/ORB_SLAM3/include/System.h:31,
[9.975s]                  from /home/romi/fawad/ros2_ws/src/ORB_SLAM3_ROS2/src/monocular/monocular-slam-node.hpp:9,
[9.975s]                  from /home/romi/fawad/ros2_ws/src/ORB_SLAM3_ROS2/src/monocular/monocular-slam-node.cpp:1:
[9.975s] /usr/include/eigen3/Eigen/src/Core/util/Constants.h:167:37: note: declared here
[9.975s]   167 | EIGEN_DEPRECATED const unsigned int AlignedBit = 0x80;
[9.975s]       |                                     ^~~~~~~~~~
[9.997s] In file included from /home/romi/fawad/ORB_SLAM3/Thirdparty/g2o/g2o/types/types_six_dof_expmap.h:37,
[9.997s]                  from /home/romi/fawad/ORB_SLAM3/include/Converter.h:26,
[9.998s]                  from /home/romi/fawad/ORB_SLAM3/include/Frame.h:33,
[9.998s]                  from /home/romi/fawad/ORB_SLAM3/include/KeyFrame.h:28,
[9.998s]                  from /home/romi/fawad/ORB_SLAM3/include/MapPoint.h:23,
[9.998s]                  from /home/romi/fawad/ORB_SLAM3/include/FrameDrawer.h:24,
[9.998s]                  from /home/romi/fawad/ORB_SLAM3/include/Viewer.h:23,
[9.998s]                  from /home/romi/fawad/ORB_SLAM3/include/Tracking.h:26,
[9.999s]                  from /home/romi/fawad/ORB_SLAM3/include/System.h:31,
[9.999s]                  from /home/romi/fawad/ros2_ws/src/ORB_SLAM3_ROS2/src/rgbd/rgbd-slam-node.hpp:18,
[9.999s]                  from /home/romi/fawad/ros2_ws/src/ORB_SLAM3_ROS2/src/rgbd/rgbd-slam-node.cpp:1:
[9.999s] /home/romi/fawad/ORB_SLAM3/Thirdparty/g2o/g2o/types/../core/base_vertex.h: In instantiation of ‘class g2o::BaseVertex<3, Eigen::Matrix<double, 3, 1> >’:
[9.999s] /home/romi/fawad/ORB_SLAM3/Thirdparty/g2o/g2o/types/types_sba.h:40:35:   required from here
[9.999s] /home/romi/fawad/ORB_SLAM3/Thirdparty/g2o/g2o/types/../core/base_vertex.h:62:72: warning: ‘Eigen::AlignedBit’ is deprecated [-Wdeprecated-declarations]
[9.999s]    62 |     typedef Eigen::Map<Matrix<double, D, D>, Matrix<double,D,D>::Flags & AlignedBit ? Aligned : Unaligned >  HessianBlockType;
[9.999s]       |                                                                  ~~~~~~^~~~~~~~~~~~
[9.999s] In file included from /usr/include/eigen3/Eigen/Core:161,
[9.999s]                  from /usr/include/eigen3/Eigen/LU:11,
[9.999s]                  from /home/romi/fawad/ORB_SLAM3/Thirdparty/Sophus/sophus/so2.hpp:12,
[10.000s]                  from /home/romi/fawad/ORB_SLAM3/Thirdparty/Sophus/sophus/se2.hpp:7,
[10.000s]                  from /home/romi/fawad/ORB_SLAM3/Thirdparty/Sophus/sophus/geometry.hpp:7,
[10.000s]                  from /home/romi/fawad/ORB_SLAM3/include/Frame.h:28,
[10.000s]                  from /home/romi/fawad/ORB_SLAM3/include/KeyFrame.h:28,
[10.000s]                  from /home/romi/fawad/ORB_SLAM3/include/MapPoint.h:23,
[10.000s]                  from /home/romi/fawad/ORB_SLAM3/include/FrameDrawer.h:24,
[10.000s]                  from /home/romi/fawad/ORB_SLAM3/include/Viewer.h:23,
[10.000s]                  from /home/romi/fawad/ORB_SLAM3/include/Tracking.h:26,
[10.000s]                  from /home/romi/fawad/ORB_SLAM3/include/System.h:31,
[10.000s]                  from /home/romi/fawad/ros2_ws/src/ORB_SLAM3_ROS2/src/rgbd/rgbd-slam-node.hpp:18,
[10.000s]                  from /home/romi/fawad/ros2_ws/src/ORB_SLAM3_ROS2/src/rgbd/rgbd-slam-node.cpp:1:
[10.000s] /usr/include/eigen3/Eigen/src/Core/util/Constants.h:167:37: note: declared here
[10.001s]   167 | EIGEN_DEPRECATED const unsigned int AlignedBit = 0x80;
[10.001s]       |                                     ^~~~~~~~~~
[10.044s] In file included from /home/romi/fawad/ORB_SLAM3/Thirdparty/g2o/g2o/types/types_six_dof_expmap.h:37,
[10.044s]                  from /home/romi/fawad/ORB_SLAM3/include/Converter.h:26,
[10.044s]                  from /home/romi/fawad/ORB_SLAM3/include/Frame.h:33,
[10.045s]                  from /home/romi/fawad/ORB_SLAM3/include/KeyFrame.h:28,
[10.045s]                  from /home/romi/fawad/ORB_SLAM3/include/MapPoint.h:23,
[10.045s]                  from /home/romi/fawad/ORB_SLAM3/include/FrameDrawer.h:24,
[10.045s]                  from /home/romi/fawad/ORB_SLAM3/include/Viewer.h:23,
[10.045s]                  from /home/romi/fawad/ORB_SLAM3/include/Tracking.h:26,
[10.045s]                  from /home/romi/fawad/ORB_SLAM3/include/System.h:31,
[10.045s]                  from /home/romi/fawad/ros2_ws/src/ORB_SLAM3_ROS2/src/rgbd/rgbd-slam-node.hpp:18,
[10.045s]                  from /home/romi/fawad/ros2_ws/src/ORB_SLAM3_ROS2/src/rgbd/rgbd-slam-node.cpp:1:
[10.045s] /home/romi/fawad/ORB_SLAM3/Thirdparty/g2o/g2o/types/../core/base_vertex.h: In instantiation of ‘class g2o::BaseVertex<6, g2o::SE3Quat>’:
[10.045s] /home/romi/fawad/ORB_SLAM3/Thirdparty/g2o/g2o/types/types_six_dof_expmap.h:59:33:   required from here
[10.045s] /home/romi/fawad/ORB_SLAM3/Thirdparty/g2o/g2o/types/../core/base_vertex.h:62:72: warning: ‘Eigen::AlignedBit’ is deprecated [-Wdeprecated-declarations]
[10.046s]    62 |     typedef Eigen::Map<Matrix<double, D, D>, Matrix<double,D,D>::Flags & AlignedBit ? Aligned : Unaligned >  HessianBlockType;
[10.046s]       |                                                                  ~~~~~~^~~~~~~~~~~~
[10.046s] In file included from /usr/include/eigen3/Eigen/Core:161,
[10.046s]                  from /usr/include/eigen3/Eigen/LU:11,
[10.046s]                  from /home/romi/fawad/ORB_SLAM3/Thirdparty/Sophus/sophus/so2.hpp:12,
[10.046s]                  from /home/romi/fawad/ORB_SLAM3/Thirdparty/Sophus/sophus/se2.hpp:7,
[10.046s]                  from /home/romi/fawad/ORB_SLAM3/Thirdparty/Sophus/sophus/geometry.hpp:7,
[10.046s]                  from /home/romi/fawad/ORB_SLAM3/include/Frame.h:28,
[10.046s]                  from /home/romi/fawad/ORB_SLAM3/include/KeyFrame.h:28,
[10.046s]                  from /home/romi/fawad/ORB_SLAM3/include/MapPoint.h:23,
[10.046s]                  from /home/romi/fawad/ORB_SLAM3/include/FrameDrawer.h:24,
[10.046s]                  from /home/romi/fawad/ORB_SLAM3/include/Viewer.h:23,
[10.047s]                  from /home/romi/fawad/ORB_SLAM3/include/Tracking.h:26,
[10.047s]                  from /home/romi/fawad/ORB_SLAM3/include/System.h:31,
[10.047s]                  from /home/romi/fawad/ros2_ws/src/ORB_SLAM3_ROS2/src/rgbd/rgbd-slam-node.hpp:18,
[10.047s]                  from /home/romi/fawad/ros2_ws/src/ORB_SLAM3_ROS2/src/rgbd/rgbd-slam-node.cpp:1:
[10.047s] /usr/include/eigen3/Eigen/src/Core/util/Constants.h:167:37: note: declared here
[10.047s]   167 | EIGEN_DEPRECATED const unsigned int AlignedBit = 0x80;
[10.047s]       |                                     ^~~~~~~~~~
[10.095s] In file included from /home/romi/fawad/ORB_SLAM3/Thirdparty/g2o/g2o/types/types_six_dof_expmap.h:38,
[10.095s]                  from /home/romi/fawad/ORB_SLAM3/include/Converter.h:26,
[10.095s]                  from /home/romi/fawad/ORB_SLAM3/include/Frame.h:33,
[10.095s]                  from /home/romi/fawad/ORB_SLAM3/include/KeyFrame.h:28,
[10.095s]                  from /home/romi/fawad/ORB_SLAM3/include/MapPoint.h:23,
[10.095s]                  from /home/romi/fawad/ORB_SLAM3/include/FrameDrawer.h:24,
[10.095s]                  from /home/romi/fawad/ORB_SLAM3/include/Viewer.h:23,
[10.095s]                  from /home/romi/fawad/ORB_SLAM3/include/Tracking.h:26,
[10.095s]                  from /home/romi/fawad/ORB_SLAM3/include/System.h:31,
[10.096s]                  from /home/romi/fawad/ros2_ws/src/ORB_SLAM3_ROS2/src/rgbd/rgbd-slam-node.hpp:18,
[10.096s]                  from /home/romi/fawad/ros2_ws/src/ORB_SLAM3_ROS2/src/rgbd/rgbd-slam-node.cpp:1:
[10.096s] /home/romi/fawad/ORB_SLAM3/Thirdparty/g2o/g2o/types/../core/base_binary_edge.h: In instantiation of ‘class g2o::BaseBinaryEdge<6, g2o::SE3Quat, g2o::VertexSE3Expmap, g2o::VertexSE3Expmap>’:
[10.096s] /home/romi/fawad/ORB_SLAM3/Thirdparty/g2o/g2o/types/types_six_dof_expmap.h:83:24:   required from here
[10.096s] /home/romi/fawad/ORB_SLAM3/Thirdparty/g2o/g2o/types/../core/base_binary_edge.h:59:80: warning: ‘Eigen::AlignedBit’ is deprecated [-Wdeprecated-declarations]
[10.096s]    59 |       typedef Eigen::Map<Matrix<double, Di, Dj>, Matrix<double, Di, Dj>::Flags & AlignedBit ? Aligned : Unaligned > HessianBlockType;
[10.096s]       |                                                                          ~~~~~~^~~~~~~~~~~~
[10.096s] In file included from /usr/include/eigen3/Eigen/Core:161,
[10.096s]                  from /usr/include/eigen3/Eigen/LU:11,
[10.096s]                  from /home/romi/fawad/ORB_SLAM3/Thirdparty/Sophus/sophus/so2.hpp:12,
[10.096s]                  from /home/romi/fawad/ORB_SLAM3/Thirdparty/Sophus/sophus/se2.hpp:7,
[10.097s]                  from /home/romi/fawad/ORB_SLAM3/Thirdparty/Sophus/sophus/geometry.hpp:7,
[10.097s]                  from /home/romi/fawad/ORB_SLAM3/include/Frame.h:28,
[10.097s]                  from /home/romi/fawad/ORB_SLAM3/include/KeyFrame.h:28,
[10.097s]                  from /home/romi/fawad/ORB_SLAM3/include/MapPoint.h:23,
[10.097s]                  from /home/romi/fawad/ORB_SLAM3/include/FrameDrawer.h:24,
[10.097s]                  from /home/romi/fawad/ORB_SLAM3/include/Viewer.h:23,
[10.097s]                  from /home/romi/fawad/ORB_SLAM3/include/Tracking.h:26,
[10.097s]                  from /home/romi/fawad/ORB_SLAM3/include/System.h:31,
[10.097s]                  from /home/romi/fawad/ros2_ws/src/ORB_SLAM3_ROS2/src/rgbd/rgbd-slam-node.hpp:18,
[10.097s]                  from /home/romi/fawad/ros2_ws/src/ORB_SLAM3_ROS2/src/rgbd/rgbd-slam-node.cpp:1:
[10.097s] /usr/include/eigen3/Eigen/src/Core/util/Constants.h:167:37: note: declared here
[10.097s]   167 | EIGEN_DEPRECATED const unsigned int AlignedBit = 0x80;
[10.098s]       |                                     ^~~~~~~~~~
[10.100s] In file included from /home/romi/fawad/ORB_SLAM3/Thirdparty/g2o/g2o/types/types_six_dof_expmap.h:38,
[10.100s]                  from /home/romi/fawad/ORB_SLAM3/include/Converter.h:26,
[10.100s]                  from /home/romi/fawad/ORB_SLAM3/include/Frame.h:33,
[10.100s]                  from /home/romi/fawad/ORB_SLAM3/include/KeyFrame.h:28,
[10.100s]                  from /home/romi/fawad/ORB_SLAM3/include/MapPoint.h:23,
[10.100s]                  from /home/romi/fawad/ORB_SLAM3/include/FrameDrawer.h:24,
[10.100s]                  from /home/romi/fawad/ORB_SLAM3/include/Viewer.h:23,
[10.100s]                  from /home/romi/fawad/ORB_SLAM3/include/Tracking.h:26,
[10.100s]                  from /home/romi/fawad/ORB_SLAM3/include/System.h:31,
[10.100s]                  from /home/romi/fawad/ros2_ws/src/ORB_SLAM3_ROS2/src/rgbd/rgbd-slam-node.hpp:18,
[10.101s]                  from /home/romi/fawad/ros2_ws/src/ORB_SLAM3_ROS2/src/rgbd/rgbd-slam-node.cpp:1:
[10.101s] /home/romi/fawad/ORB_SLAM3/Thirdparty/g2o/g2o/types/../core/base_binary_edge.h:60:80: warning: ‘Eigen::AlignedBit’ is deprecated [-Wdeprecated-declarations]
[10.101s]    60 |       typedef Eigen::Map<Matrix<double, Dj, Di>, Matrix<double, Dj, Di>::Flags & AlignedBit ? Aligned : Unaligned > HessianBlockTransposedType;
[10.101s]       |                                                                          ~~~~~~^~~~~~~~~~~~
[10.101s] In file included from /usr/include/eigen3/Eigen/Core:161,
[10.101s]                  from /usr/include/eigen3/Eigen/LU:11,
[10.101s]                  from /home/romi/fawad/ORB_SLAM3/Thirdparty/Sophus/sophus/so2.hpp:12,
[10.101s]                  from /home/romi/fawad/ORB_SLAM3/Thirdparty/Sophus/sophus/se2.hpp:7,
[10.101s]                  from /home/romi/fawad/ORB_SLAM3/Thirdparty/Sophus/sophus/geometry.hpp:7,
[10.101s]                  from /home/romi/fawad/ORB_SLAM3/include/Frame.h:28,
[10.101s]                  from /home/romi/fawad/ORB_SLAM3/include/KeyFrame.h:28,
[10.101s]                  from /home/romi/fawad/ORB_SLAM3/include/MapPoint.h:23,
[10.101s]                  from /home/romi/fawad/ORB_SLAM3/include/FrameDrawer.h:24,
[10.103s]                  from /home/romi/fawad/ORB_SLAM3/include/Viewer.h:23,
[10.104s]                  from /home/romi/fawad/ORB_SLAM3/include/Tracking.h:26,
[10.104s]                  from /home/romi/fawad/ORB_SLAM3/include/System.h:31,
[10.104s]                  from /home/romi/fawad/ros2_ws/src/ORB_SLAM3_ROS2/src/rgbd/rgbd-slam-node.hpp:18,
[10.104s]                  from /home/romi/fawad/ros2_ws/src/ORB_SLAM3_ROS2/src/rgbd/rgbd-slam-node.cpp:1:
[10.104s] /usr/include/eigen3/Eigen/src/Core/util/Constants.h:167:37: note: declared here
[10.104s]   167 | EIGEN_DEPRECATED const unsigned int AlignedBit = 0x80;
[10.104s]       |                                     ^~~~~~~~~~
[10.180s] In file included from /home/romi/fawad/ORB_SLAM3/Thirdparty/g2o/g2o/types/types_six_dof_expmap.h:37,
[10.180s]                  from /home/romi/fawad/ORB_SLAM3/include/Converter.h:26,
[10.180s]                  from /home/romi/fawad/ORB_SLAM3/include/Frame.h:33,
[10.180s]                  from /home/romi/fawad/ORB_SLAM3/include/KeyFrame.h:28,
[10.180s]                  from /home/romi/fawad/ORB_SLAM3/include/MapPoint.h:23,
[10.180s]                  from /home/romi/fawad/ORB_SLAM3/include/FrameDrawer.h:24,
[10.180s]                  from /home/romi/fawad/ORB_SLAM3/include/Viewer.h:23,
[10.181s]                  from /home/romi/fawad/ORB_SLAM3/include/Tracking.h:26,
[10.181s]                  from /home/romi/fawad/ORB_SLAM3/include/System.h:31,
[10.181s]                  from /home/romi/fawad/ros2_ws/src/ORB_SLAM3_ROS2/src/stereo/stereo-slam-node.hpp:13,
[10.181s]                  from /home/romi/fawad/ros2_ws/src/ORB_SLAM3_ROS2/src/stereo/stereo.cpp:7:
[10.181s] /home/romi/fawad/ORB_SLAM3/Thirdparty/g2o/g2o/types/../core/base_vertex.h: In instantiation of ‘class g2o::BaseVertex<7, g2o::Sim3>’:
[10.181s] /home/romi/fawad/ORB_SLAM3/Thirdparty/g2o/g2o/types/types_seven_dof_expmap.h:48:35:   required from here
[10.181s] /home/romi/fawad/ORB_SLAM3/Thirdparty/g2o/g2o/types/../core/base_vertex.h:62:72: warning: ‘Eigen::AlignedBit’ is deprecated [-Wdeprecated-declarations]
[10.181s]    62 |     typedef Eigen::Map<Matrix<double, D, D>, Matrix<double,D,D>::Flags & AlignedBit ? Aligned : Unaligned >  HessianBlockType;
[10.181s]       |                                                                  ~~~~~~^~~~~~~~~~~~
[10.181s] In file included from /usr/include/eigen3/Eigen/Core:161,
[10.182s]                  from /usr/include/eigen3/Eigen/LU:11,
[10.182s]                  from /home/romi/fawad/ORB_SLAM3/Thirdparty/Sophus/sophus/so2.hpp:12,
[10.182s]                  from /home/romi/fawad/ORB_SLAM3/Thirdparty/Sophus/sophus/se2.hpp:7,
[10.182s]                  from /home/romi/fawad/ORB_SLAM3/Thirdparty/Sophus/sophus/geometry.hpp:7,
[10.182s]                  from /home/romi/fawad/ORB_SLAM3/include/Frame.h:28,
[10.182s]                  from /home/romi/fawad/ORB_SLAM3/include/KeyFrame.h:28,
[10.182s]                  from /home/romi/fawad/ORB_SLAM3/include/MapPoint.h:23,
[10.182s]                  from /home/romi/fawad/ORB_SLAM3/include/FrameDrawer.h:24,
[10.182s]                  from /home/romi/fawad/ORB_SLAM3/include/Viewer.h:23,
[10.182s]                  from /home/romi/fawad/ORB_SLAM3/include/Tracking.h:26,
[10.182s]                  from /home/romi/fawad/ORB_SLAM3/include/System.h:31,
[10.182s]                  from /home/romi/fawad/ros2_ws/src/ORB_SLAM3_ROS2/src/stereo/stereo-slam-node.hpp:13,
[10.185s]                  from /home/romi/fawad/ros2_ws/src/ORB_SLAM3_ROS2/src/stereo/stereo.cpp:7:
[10.185s] /usr/include/eigen3/Eigen/src/Core/util/Constants.h:167:37: note: declared here
[10.185s]   167 | EIGEN_DEPRECATED const unsigned int AlignedBit = 0x80;
[10.185s]       |                                     ^~~~~~~~~~
[10.218s] In file included from /home/romi/fawad/ORB_SLAM3/Thirdparty/g2o/g2o/types/types_six_dof_expmap.h:38,
[10.218s]                  from /home/romi/fawad/ORB_SLAM3/include/Converter.h:26,
[10.218s]                  from /home/romi/fawad/ORB_SLAM3/include/Frame.h:33,
[10.218s]                  from /home/romi/fawad/ORB_SLAM3/include/KeyFrame.h:28,
[10.218s]                  from /home/romi/fawad/ORB_SLAM3/include/MapPoint.h:23,
[10.218s]                  from /home/romi/fawad/ORB_SLAM3/include/FrameDrawer.h:24,
[10.218s]                  from /home/romi/fawad/ORB_SLAM3/include/Viewer.h:23,
[10.218s]                  from /home/romi/fawad/ORB_SLAM3/include/Tracking.h:26,
[10.219s]                  from /home/romi/fawad/ORB_SLAM3/include/System.h:31,
[10.219s]                  from /home/romi/fawad/ros2_ws/src/ORB_SLAM3_ROS2/src/rgbd/rgbd-slam-node.hpp:18,
[10.219s]                  from /home/romi/fawad/ros2_ws/src/ORB_SLAM3_ROS2/src/rgbd/rgbd-slam-node.cpp:1:
[10.219s] /home/romi/fawad/ORB_SLAM3/Thirdparty/g2o/g2o/types/../core/base_binary_edge.h: In instantiation of ‘class g2o::BaseBinaryEdge<2, Eigen::Matrix<double, 2, 1>, g2o::VertexSBAPointXYZ, g2o::VertexSE3Expmap>’:
[10.219s] /home/romi/fawad/ORB_SLAM3/Thirdparty/g2o/g2o/types/types_six_dof_expmap.h:114:35:   required from here
[10.219s] /home/romi/fawad/ORB_SLAM3/Thirdparty/g2o/g2o/types/../core/base_binary_edge.h:59:80: warning: ‘Eigen::AlignedBit’ is deprecated [-Wdeprecated-declarations]
[10.219s]    59 |       typedef Eigen::Map<Matrix<double, Di, Dj>, Matrix<double, Di, Dj>::Flags & AlignedBit ? Aligned : Unaligned > HessianBlockType;
[10.219s]       |                                                                          ~~~~~~^~~~~~~~~~~~
[10.219s] In file included from /usr/include/eigen3/Eigen/Core:161,
[10.219s]                  from /usr/include/eigen3/Eigen/LU:11,
[10.219s]                  from /home/romi/fawad/ORB_SLAM3/Thirdparty/Sophus/sophus/so2.hpp:12,
[10.220s]                  from /home/romi/fawad/ORB_SLAM3/Thirdparty/Sophus/sophus/se2.hpp:7,
[10.220s]                  from /home/romi/fawad/ORB_SLAM3/Thirdparty/Sophus/sophus/geometry.hpp:7,
[10.220s]                  from /home/romi/fawad/ORB_SLAM3/include/Frame.h:28,
[10.220s]                  from /home/romi/fawad/ORB_SLAM3/include/KeyFrame.h:28,
[10.220s]                  from /home/romi/fawad/ORB_SLAM3/include/MapPoint.h:23,
[10.220s]                  from /home/romi/fawad/ORB_SLAM3/include/FrameDrawer.h:24,
[10.220s]                  from /home/romi/fawad/ORB_SLAM3/include/Viewer.h:23,
[10.220s]                  from /home/romi/fawad/ORB_SLAM3/include/Tracking.h:26,
[10.220s]                  from /home/romi/fawad/ORB_SLAM3/include/System.h:31,
[10.220s]                  from /home/romi/fawad/ros2_ws/src/ORB_SLAM3_ROS2/src/rgbd/rgbd-slam-node.hpp:18,
[10.221s]                  from /home/romi/fawad/ros2_ws/src/ORB_SLAM3_ROS2/src/rgbd/rgbd-slam-node.cpp:1:
[10.221s] /usr/include/eigen3/Eigen/src/Core/util/Constants.h:167:37: note: declared here
[10.221s]   167 | EIGEN_DEPRECATED const unsigned int AlignedBit = 0x80;
[10.221s]       |                                     ^~~~~~~~~~
[10.224s] In file included from /home/romi/fawad/ORB_SLAM3/Thirdparty/g2o/g2o/types/types_six_dof_expmap.h:38,
[10.225s]                  from /home/romi/fawad/ORB_SLAM3/include/Converter.h:26,
[10.225s]                  from /home/romi/fawad/ORB_SLAM3/include/Frame.h:33,
[10.225s]                  from /home/romi/fawad/ORB_SLAM3/include/KeyFrame.h:28,
[10.225s]                  from /home/romi/fawad/ORB_SLAM3/include/MapPoint.h:23,
[10.225s]                  from /home/romi/fawad/ORB_SLAM3/include/FrameDrawer.h:24,
[10.225s]                  from /home/romi/fawad/ORB_SLAM3/include/Viewer.h:23,
[10.225s]                  from /home/romi/fawad/ORB_SLAM3/include/Tracking.h:26,
[10.225s]                  from /home/romi/fawad/ORB_SLAM3/include/System.h:31,
[10.225s]                  from /home/romi/fawad/ros2_ws/src/ORB_SLAM3_ROS2/src/stereo/stereo-slam-node.hpp:13,
[10.225s]                  from /home/romi/fawad/ros2_ws/src/ORB_SLAM3_ROS2/src/stereo/stereo.cpp:7:
[10.226s] /home/romi/fawad/ORB_SLAM3/Thirdparty/g2o/g2o/types/../core/base_binary_edge.h: In instantiation of ‘class g2o::BaseBinaryEdge<7, g2o::Sim3, g2o::VertexSim3Expmap, g2o::VertexSim3Expmap>’:
[10.226s] /home/romi/fawad/ORB_SLAM3/Thirdparty/g2o/g2o/types/types_seven_dof_expmap.h:99:27:   required from here
[10.226s] /home/romi/fawad/ORB_SLAM3/Thirdparty/g2o/g2o/types/../core/base_binary_edge.h:59:80: warning: ‘Eigen::AlignedBit’ is deprecated [-Wdeprecated-declarations]
[10.226s]    59 |       typedef Eigen::Map<Matrix<double, Di, Dj>, Matrix<double, Di, Dj>::Flags & AlignedBit ? Aligned : Unaligned > HessianBlockType;
[10.226s]       |                                                                          ~~~~~~^~~~~~~~~~~~
[10.226s] In file included from /usr/include/eigen3/Eigen/Core:161,
[10.226s]                  from /usr/include/eigen3/Eigen/LU:11,
[10.226s]                  from /home/romi/fawad/ORB_SLAM3/Thirdparty/Sophus/sophus/so2.hpp:12,
[10.226s]                  from /home/romi/fawad/ORB_SLAM3/Thirdparty/Sophus/sophus/se2.hpp:7,
[10.226s]                  from /home/romi/fawad/ORB_SLAM3/Thirdparty/Sophus/sophus/geometry.hpp:7,
[10.226s]                  from /home/romi/fawad/ORB_SLAM3/include/Frame.h:28,
[10.227s]                  from /home/romi/fawad/ORB_SLAM3/include/KeyFrame.h:28,
[10.227s]                  from /home/romi/fawad/ORB_SLAM3/include/MapPoint.h:23,
[10.227s]                  from /home/romi/fawad/ORB_SLAM3/include/FrameDrawer.h:24,
[10.227s]                  from /home/romi/fawad/ORB_SLAM3/include/Viewer.h:23,
[10.227s]                  from /home/romi/fawad/ORB_SLAM3/include/Tracking.h:26,
[10.227s]                  from /home/romi/fawad/ORB_SLAM3/include/System.h:31,
[10.227s]                  from /home/romi/fawad/ros2_ws/src/ORB_SLAM3_ROS2/src/stereo/stereo-slam-node.hpp:13,
[10.227s]                  from /home/romi/fawad/ros2_ws/src/ORB_SLAM3_ROS2/src/stereo/stereo.cpp:7:
[10.227s] /usr/include/eigen3/Eigen/src/Core/util/Constants.h:167:37: note: declared here
[10.228s]   167 | EIGEN_DEPRECATED const unsigned int AlignedBit = 0x80;
[10.228s]       |                                     ^~~~~~~~~~
[10.228s] In file included from /home/romi/fawad/ORB_SLAM3/Thirdparty/g2o/g2o/types/types_six_dof_expmap.h:38,
[10.228s]                  from /home/romi/fawad/ORB_SLAM3/include/Converter.h:26,
[10.228s]                  from /home/romi/fawad/ORB_SLAM3/include/Frame.h:33,
[10.228s]                  from /home/romi/fawad/ORB_SLAM3/include/KeyFrame.h:28,
[10.228s]                  from /home/romi/fawad/ORB_SLAM3/include/MapPoint.h:23,
[10.228s]                  from /home/romi/fawad/ORB_SLAM3/include/FrameDrawer.h:24,
[10.228s]                  from /home/romi/fawad/ORB_SLAM3/include/Viewer.h:23,
[10.228s]                  from /home/romi/fawad/ORB_SLAM3/include/Tracking.h:26,
[10.228s]                  from /home/romi/fawad/ORB_SLAM3/include/System.h:31,
[10.228s]                  from /home/romi/fawad/ros2_ws/src/ORB_SLAM3_ROS2/src/stereo/stereo-slam-node.hpp:13,
[10.228s]                  from /home/romi/fawad/ros2_ws/src/ORB_SLAM3_ROS2/src/stereo/stereo.cpp:7:
[10.229s] /home/romi/fawad/ORB_SLAM3/Thirdparty/g2o/g2o/types/../core/base_binary_edge.h:60:80: warning: ‘Eigen::AlignedBit’ is deprecated [-Wdeprecated-declarations]
[10.229s]    60 |       typedef Eigen::Map<Matrix<double, Dj, Di>, Matrix<double, Dj, Di>::Flags & AlignedBit ? Aligned : Unaligned > HessianBlockTransposedType;
[10.229s]       |                                                                          ~~~~~~^~~~~~~~~~~~
[10.229s] In file included from /usr/include/eigen3/Eigen/Core:161,
[10.229s]                  from /usr/include/eigen3/Eigen/LU:11,
[10.229s]                  from /home/romi/fawad/ORB_SLAM3/Thirdparty/Sophus/sophus/so2.hpp:12,
[10.229s]                  from /home/romi/fawad/ORB_SLAM3/Thirdparty/Sophus/sophus/se2.hpp:7,
[10.229s]                  from /home/romi/fawad/ORB_SLAM3/Thirdparty/Sophus/sophus/geometry.hpp:7,
[10.229s]                  from /home/romi/fawad/ORB_SLAM3/include/Frame.h:28,
[10.229s]                  from /home/romi/fawad/ORB_SLAM3/include/KeyFrame.h:28,
[10.229s]                  from /home/romi/fawad/ORB_SLAM3/include/MapPoint.h:23,
[10.229s]                  from /home/romi/fawad/ORB_SLAM3/include/FrameDrawer.h:24,
[10.229s]                  from /home/romi/fawad/ORB_SLAM3/include/Viewer.h:23,
[10.230s]                  from /home/romi/fawad/ORB_SLAM3/include/Tracking.h:26,
[10.230s]                  from /home/romi/fawad/ORB_SLAM3/include/System.h:31,
[10.230s]                  from /home/romi/fawad/ros2_ws/src/ORB_SLAM3_ROS2/src/stereo/stereo-slam-node.hpp:13,
[10.230s]                  from /home/romi/fawad/ros2_ws/src/ORB_SLAM3_ROS2/src/stereo/stereo.cpp:7:
[10.230s] /usr/include/eigen3/Eigen/src/Core/util/Constants.h:167:37: note: declared here
[10.230s]   167 | EIGEN_DEPRECATED const unsigned int AlignedBit = 0x80;
[10.230s]       |                                     ^~~~~~~~~~
[10.230s] In file included from /home/romi/fawad/ORB_SLAM3/Thirdparty/g2o/g2o/types/types_six_dof_expmap.h:37,
[10.230s]                  from /home/romi/fawad/ORB_SLAM3/include/Converter.h:26,
[10.230s]                  from /home/romi/fawad/ORB_SLAM3/include/Frame.h:33,
[10.230s]                  from /home/romi/fawad/ORB_SLAM3/include/KeyFrame.h:28,
[10.231s]                  from /home/romi/fawad/ORB_SLAM3/include/MapPoint.h:23,
[10.231s]                  from /home/romi/fawad/ORB_SLAM3/include/FrameDrawer.h:24,
[10.231s]                  from /home/romi/fawad/ORB_SLAM3/include/Viewer.h:23,
[10.231s]                  from /home/romi/fawad/ORB_SLAM3/include/Tracking.h:26,
[10.231s]                  from /home/romi/fawad/ORB_SLAM3/include/System.h:31,
[10.231s]                  from /home/romi/fawad/ros2_ws/src/ORB_SLAM3_ROS2/src/stereo-inertial/stereo-inertial-node.hpp:10,
[10.231s]                  from /home/romi/fawad/ros2_ws/src/ORB_SLAM3_ROS2/src/stereo-inertial/stereo-inertial.cpp:7:
[10.231s] /home/romi/fawad/ORB_SLAM3/Thirdparty/g2o/g2o/types/../core/base_vertex.h: In instantiation of ‘class g2o::BaseVertex<7, g2o::Sim3>’:
[10.231s] /home/romi/fawad/ORB_SLAM3/Thirdparty/g2o/g2o/types/types_seven_dof_expmap.h:48:35:   required from here
[10.231s] /home/romi/fawad/ORB_SLAM3/Thirdparty/g2o/g2o/types/../core/base_vertex.h:62:72: warning: ‘Eigen::AlignedBit’ is deprecated [-Wdeprecated-declarations]
[10.231s]    62 |     typedef Eigen::Map<Matrix<double, D, D>, Matrix<double,D,D>::Flags & AlignedBit ? Aligned : Unaligned >  HessianBlockType;
[10.231s]       |                                                                  ~~~~~~^~~~~~~~~~~~
[10.232s] In file included from /usr/include/eigen3/Eigen/Core:161,
[10.232s]                  from /usr/include/eigen3/Eigen/LU:11,
[10.232s]                  from /home/romi/fawad/ORB_SLAM3/Thirdparty/Sophus/sophus/so2.hpp:12,
[10.232s]                  from /home/romi/fawad/ORB_SLAM3/Thirdparty/Sophus/sophus/se2.hpp:7,
[10.232s]                  from /home/romi/fawad/ORB_SLAM3/Thirdparty/Sophus/sophus/geometry.hpp:7,
[10.232s]                  from /home/romi/fawad/ORB_SLAM3/include/Frame.h:28,
[10.232s]                  from /home/romi/fawad/ORB_SLAM3/include/KeyFrame.h:28,
[10.232s]                  from /home/romi/fawad/ORB_SLAM3/include/MapPoint.h:23,
[10.232s]                  from /home/romi/fawad/ORB_SLAM3/include/FrameDrawer.h:24,
[10.232s]                  from /home/romi/fawad/ORB_SLAM3/include/Viewer.h:23,
[10.233s]                  from /home/romi/fawad/ORB_SLAM3/include/Tracking.h:26,
[10.233s]                  from /home/romi/fawad/ORB_SLAM3/include/System.h:31,
[10.233s]                  from /home/romi/fawad/ros2_ws/src/ORB_SLAM3_ROS2/src/stereo-inertial/stereo-inertial-node.hpp:10,
[10.233s]                  from /home/romi/fawad/ros2_ws/src/ORB_SLAM3_ROS2/src/stereo-inertial/stereo-inertial.cpp:7:
[10.234s] /usr/include/eigen3/Eigen/src/Core/util/Constants.h:167:37: note: declared here
[10.234s]   167 | EIGEN_DEPRECATED const unsigned int AlignedBit = 0x80;
[10.234s]       |                                     ^~~~~~~~~~
[10.244s] In file included from /home/romi/fawad/ORB_SLAM3/Thirdparty/g2o/g2o/types/types_six_dof_expmap.h:38,
[10.244s]                  from /home/romi/fawad/ORB_SLAM3/include/Converter.h:26,
[10.244s]                  from /home/romi/fawad/ORB_SLAM3/include/Frame.h:33,
[10.244s]                  from /home/romi/fawad/ORB_SLAM3/include/KeyFrame.h:28,
[10.244s]                  from /home/romi/fawad/ORB_SLAM3/include/MapPoint.h:23,
[10.244s]                  from /home/romi/fawad/ORB_SLAM3/include/FrameDrawer.h:24,
[10.244s]                  from /home/romi/fawad/ORB_SLAM3/include/Viewer.h:23,
[10.244s]                  from /home/romi/fawad/ORB_SLAM3/include/Tracking.h:26,
[10.244s]                  from /home/romi/fawad/ORB_SLAM3/include/System.h:31,
[10.244s]                  from /home/romi/fawad/ros2_ws/src/ORB_SLAM3_ROS2/src/rgbd/rgbd-slam-node.hpp:18,
[10.245s]                  from /home/romi/fawad/ros2_ws/src/ORB_SLAM3_ROS2/src/rgbd/rgbd-slam-node.cpp:1:
[10.245s] /home/romi/fawad/ORB_SLAM3/Thirdparty/g2o/g2o/types/../core/base_binary_edge.h:60:80: warning: ‘Eigen::AlignedBit’ is deprecated [-Wdeprecated-declarations]
[10.245s]    60 |       typedef Eigen::Map<Matrix<double, Dj, Di>, Matrix<double, Dj, Di>::Flags & AlignedBit ? Aligned : Unaligned > HessianBlockTransposedType;
[10.245s]       |                                                                          ~~~~~~^~~~~~~~~~~~
[10.245s] In file included from /usr/include/eigen3/Eigen/Core:161,
[10.245s]                  from /usr/include/eigen3/Eigen/LU:11,
[10.245s]                  from /home/romi/fawad/ORB_SLAM3/Thirdparty/Sophus/sophus/so2.hpp:12,
[10.245s]                  from /home/romi/fawad/ORB_SLAM3/Thirdparty/Sophus/sophus/se2.hpp:7,
[10.245s]                  from /home/romi/fawad/ORB_SLAM3/Thirdparty/Sophus/sophus/geometry.hpp:7,
[10.245s]                  from /home/romi/fawad/ORB_SLAM3/include/Frame.h:28,
[10.246s]                  from /home/romi/fawad/ORB_SLAM3/include/KeyFrame.h:28,
[10.246s]                  from /home/romi/fawad/ORB_SLAM3/include/MapPoint.h:23,
[10.246s]                  from /home/romi/fawad/ORB_SLAM3/include/FrameDrawer.h:24,
[10.246s]                  from /home/romi/fawad/ORB_SLAM3/include/Viewer.h:23,
[10.247s]                  from /home/romi/fawad/ORB_SLAM3/include/Tracking.h:26,
[10.251s]                  from /home/romi/fawad/ORB_SLAM3/include/System.h:31,
[10.251s]                  from /home/romi/fawad/ros2_ws/src/ORB_SLAM3_ROS2/src/rgbd/rgbd-slam-node.hpp:18,
[10.251s]                  from /home/romi/fawad/ros2_ws/src/ORB_SLAM3_ROS2/src/rgbd/rgbd-slam-node.cpp:1:
[10.251s] /usr/include/eigen3/Eigen/src/Core/util/Constants.h:167:37: note: declared here
[10.251s]   167 | EIGEN_DEPRECATED const unsigned int AlignedBit = 0x80;
[10.251s]       |                                     ^~~~~~~~~~
[10.268s] In file included from /home/romi/fawad/ORB_SLAM3/Thirdparty/g2o/g2o/types/types_six_dof_expmap.h:37,
[10.268s]                  from /home/romi/fawad/ORB_SLAM3/include/Converter.h:26,
[10.268s]                  from /home/romi/fawad/ORB_SLAM3/include/Frame.h:33,
[10.268s]                  from /home/romi/fawad/ORB_SLAM3/include/KeyFrame.h:28,
[10.268s]                  from /home/romi/fawad/ORB_SLAM3/include/MapPoint.h:23,
[10.268s]                  from /home/romi/fawad/ORB_SLAM3/include/FrameDrawer.h:24,
[10.268s]                  from /home/romi/fawad/ORB_SLAM3/include/Viewer.h:23,
[10.268s]                  from /home/romi/fawad/ORB_SLAM3/include/Tracking.h:26,
[10.268s]                  from /home/romi/fawad/ORB_SLAM3/include/System.h:31,
[10.269s]                  from /home/romi/fawad/ros2_ws/src/ORB_SLAM3_ROS2/src/monocular/monocular-slam-node.hpp:9,
[10.269s]                  from /home/romi/fawad/ros2_ws/src/ORB_SLAM3_ROS2/src/monocular/monocular-slam-node.cpp:1:
[10.269s] /home/romi/fawad/ORB_SLAM3/Thirdparty/g2o/g2o/types/../core/base_vertex.h: In instantiation of ‘class g2o::BaseVertex<7, g2o::Sim3>’:
[10.269s] /home/romi/fawad/ORB_SLAM3/Thirdparty/g2o/g2o/types/types_seven_dof_expmap.h:48:35:   required from here
[10.269s] /home/romi/fawad/ORB_SLAM3/Thirdparty/g2o/g2o/types/../core/base_vertex.h:62:72: warning: ‘Eigen::AlignedBit’ is deprecated [-Wdeprecated-declarations]
[10.270s]    62 |     typedef Eigen::Map<Matrix<double, D, D>, Matrix<double,D,D>::Flags & AlignedBit ? Aligned : Unaligned >  HessianBlockType;
[10.270s]       |                                                                  ~~~~~~^~~~~~~~~~~~
[10.270s] In file included from /usr/include/eigen3/Eigen/Core:161,
[10.270s]                  from /usr/include/eigen3/Eigen/LU:11,
[10.270s]                  from /home/romi/fawad/ORB_SLAM3/Thirdparty/Sophus/sophus/so2.hpp:12,
[10.270s]                  from /home/romi/fawad/ORB_SLAM3/Thirdparty/Sophus/sophus/se2.hpp:7,
[10.271s]                  from /home/romi/fawad/ORB_SLAM3/Thirdparty/Sophus/sophus/geometry.hpp:7,
[10.271s]                  from /home/romi/fawad/ORB_SLAM3/include/Frame.h:28,
[10.272s]                  from /home/romi/fawad/ORB_SLAM3/include/KeyFrame.h:28,
[10.272s]                  from /home/romi/fawad/ORB_SLAM3/include/MapPoint.h:23,
[10.272s]                  from /home/romi/fawad/ORB_SLAM3/include/FrameDrawer.h:24,
[10.272s]                  from /home/romi/fawad/ORB_SLAM3/include/Viewer.h:23,
[10.272s]                  from /home/romi/fawad/ORB_SLAM3/include/Tracking.h:26,
[10.272s]                  from /home/romi/fawad/ORB_SLAM3/include/System.h:31,
[10.272s]                  from /home/romi/fawad/ros2_ws/src/ORB_SLAM3_ROS2/src/monocular/monocular-slam-node.hpp:9,
[10.272s]                  from /home/romi/fawad/ros2_ws/src/ORB_SLAM3_ROS2/src/monocular/monocular-slam-node.cpp:1:
[10.272s] /usr/include/eigen3/Eigen/src/Core/util/Constants.h:167:37: note: declared here
[10.272s]   167 | EIGEN_DEPRECATED const unsigned int AlignedBit = 0x80;
[10.272s]       |                                     ^~~~~~~~~~
[10.286s] In file included from /home/romi/fawad/ORB_SLAM3/Thirdparty/g2o/g2o/types/types_six_dof_expmap.h:38,
[10.286s]                  from /home/romi/fawad/ORB_SLAM3/include/Converter.h:26,
[10.286s]                  from /home/romi/fawad/ORB_SLAM3/include/Frame.h:33,
[10.286s]                  from /home/romi/fawad/ORB_SLAM3/include/KeyFrame.h:28,
[10.286s]                  from /home/romi/fawad/ORB_SLAM3/include/MapPoint.h:23,
[10.286s]                  from /home/romi/fawad/ORB_SLAM3/include/FrameDrawer.h:24,
[10.286s]                  from /home/romi/fawad/ORB_SLAM3/include/Viewer.h:23,
[10.287s]                  from /home/romi/fawad/ORB_SLAM3/include/Tracking.h:26,
[10.287s]                  from /home/romi/fawad/ORB_SLAM3/include/System.h:31,
[10.287s]                  from /home/romi/fawad/ros2_ws/src/ORB_SLAM3_ROS2/src/stereo-inertial/stereo-inertial-node.hpp:10,
[10.287s]                  from /home/romi/fawad/ros2_ws/src/ORB_SLAM3_ROS2/src/stereo-inertial/stereo-inertial.cpp:7:
[10.287s] /home/romi/fawad/ORB_SLAM3/Thirdparty/g2o/g2o/types/../core/base_binary_edge.h: In instantiation of ‘class g2o::BaseBinaryEdge<7, g2o::Sim3, g2o::VertexSim3Expmap, g2o::VertexSim3Expmap>’:
[10.287s] /home/romi/fawad/ORB_SLAM3/Thirdparty/g2o/g2o/types/types_seven_dof_expmap.h:99:27:   required from here
[10.287s] /home/romi/fawad/ORB_SLAM3/Thirdparty/g2o/g2o/types/../core/base_binary_edge.h:59:80: warning: ‘Eigen::AlignedBit’ is deprecated [-Wdeprecated-declarations]
[10.287s]    59 |       typedef Eigen::Map<Matrix<double, Di, Dj>, Matrix<double, Di, Dj>::Flags & AlignedBit ? Aligned : Unaligned > HessianBlockType;
[10.287s]       |                                                                          ~~~~~~^~~~~~~~~~~~
[10.287s] In file included from /usr/include/eigen3/Eigen/Core:161,
[10.288s]                  from /usr/include/eigen3/Eigen/LU:11,
[10.288s]                  from /home/romi/fawad/ORB_SLAM3/Thirdparty/Sophus/sophus/so2.hpp:12,
[10.288s]                  from /home/romi/fawad/ORB_SLAM3/Thirdparty/Sophus/sophus/se2.hpp:7,
[10.288s]                  from /home/romi/fawad/ORB_SLAM3/Thirdparty/Sophus/sophus/geometry.hpp:7,
[10.288s]                  from /home/romi/fawad/ORB_SLAM3/include/Frame.h:28,
[10.288s]                  from /home/romi/fawad/ORB_SLAM3/include/KeyFrame.h:28,
[10.288s]                  from /home/romi/fawad/ORB_SLAM3/include/MapPoint.h:23,
[10.288s]                  from /home/romi/fawad/ORB_SLAM3/include/FrameDrawer.h:24,
[10.288s]                  from /home/romi/fawad/ORB_SLAM3/include/Viewer.h:23,
[10.288s]                  from /home/romi/fawad/ORB_SLAM3/include/Tracking.h:26,
[10.288s]                  from /home/romi/fawad/ORB_SLAM3/include/System.h:31,
[10.288s]                  from /home/romi/fawad/ros2_ws/src/ORB_SLAM3_ROS2/src/stereo-inertial/stereo-inertial-node.hpp:10,
[10.291s]                  from /home/romi/fawad/ros2_ws/src/ORB_SLAM3_ROS2/src/stereo-inertial/stereo-inertial.cpp:7:
[10.291s] /usr/include/eigen3/Eigen/src/Core/util/Constants.h:167:37: note: declared here
[10.291s]   167 | EIGEN_DEPRECATED const unsigned int AlignedBit = 0x80;
[10.291s]       |                                     ^~~~~~~~~~
[10.291s] In file included from /home/romi/fawad/ORB_SLAM3/Thirdparty/g2o/g2o/types/types_six_dof_expmap.h:38,
[10.291s]                  from /home/romi/fawad/ORB_SLAM3/include/Converter.h:26,
[10.292s]                  from /home/romi/fawad/ORB_SLAM3/include/Frame.h:33,
[10.292s]                  from /home/romi/fawad/ORB_SLAM3/include/KeyFrame.h:28,
[10.292s]                  from /home/romi/fawad/ORB_SLAM3/include/MapPoint.h:23,
[10.292s]                  from /home/romi/fawad/ORB_SLAM3/include/FrameDrawer.h:24,
[10.292s]                  from /home/romi/fawad/ORB_SLAM3/include/Viewer.h:23,
[10.292s]                  from /home/romi/fawad/ORB_SLAM3/include/Tracking.h:26,
[10.292s]                  from /home/romi/fawad/ORB_SLAM3/include/System.h:31,
[10.292s]                  from /home/romi/fawad/ros2_ws/src/ORB_SLAM3_ROS2/src/stereo-inertial/stereo-inertial-node.hpp:10,
[10.292s]                  from /home/romi/fawad/ros2_ws/src/ORB_SLAM3_ROS2/src/stereo-inertial/stereo-inertial.cpp:7:
[10.293s] /home/romi/fawad/ORB_SLAM3/Thirdparty/g2o/g2o/types/../core/base_binary_edge.h:60:80: warning: ‘Eigen::AlignedBit’ is deprecated [-Wdeprecated-declarations]
[10.293s]    60 |       typedef Eigen::Map<Matrix<double, Dj, Di>, Matrix<double, Dj, Di>::Flags & AlignedBit ? Aligned : Unaligned > HessianBlockTransposedType;
[10.293s]       |                                                                          ~~~~~~^~~~~~~~~~~~
[10.293s] In file included from /usr/include/eigen3/Eigen/Core:161,
[10.293s]                  from /usr/include/eigen3/Eigen/LU:11,
[10.293s]                  from /home/romi/fawad/ORB_SLAM3/Thirdparty/Sophus/sophus/so2.hpp:12,
[10.293s]                  from /home/romi/fawad/ORB_SLAM3/Thirdparty/Sophus/sophus/se2.hpp:7,
[10.293s]                  from /home/romi/fawad/ORB_SLAM3/Thirdparty/Sophus/sophus/geometry.hpp:7,
[10.293s]                  from /home/romi/fawad/ORB_SLAM3/include/Frame.h:28,
[10.293s]                  from /home/romi/fawad/ORB_SLAM3/include/KeyFrame.h:28,
[10.293s]                  from /home/romi/fawad/ORB_SLAM3/include/MapPoint.h:23,
[10.293s]                  from /home/romi/fawad/ORB_SLAM3/include/FrameDrawer.h:24,
[10.293s]                  from /home/romi/fawad/ORB_SLAM3/include/Viewer.h:23,
[10.294s]                  from /home/romi/fawad/ORB_SLAM3/include/Tracking.h:26,
[10.294s]                  from /home/romi/fawad/ORB_SLAM3/include/System.h:31,
[10.294s]                  from /home/romi/fawad/ros2_ws/src/ORB_SLAM3_ROS2/src/stereo-inertial/stereo-inertial-node.hpp:10,
[10.294s]                  from /home/romi/fawad/ros2_ws/src/ORB_SLAM3_ROS2/src/stereo-inertial/stereo-inertial.cpp:7:
[10.294s] /usr/include/eigen3/Eigen/src/Core/util/Constants.h:167:37: note: declared here
[10.294s]   167 | EIGEN_DEPRECATED const unsigned int AlignedBit = 0x80;
[10.294s]       |                                     ^~~~~~~~~~
[10.299s] In file included from /home/romi/fawad/ORB_SLAM3/Thirdparty/g2o/g2o/types/types_six_dof_expmap.h:38,
[10.299s]                  from /home/romi/fawad/ORB_SLAM3/include/Converter.h:26,
[10.299s]                  from /home/romi/fawad/ORB_SLAM3/include/Frame.h:33,
[10.299s]                  from /home/romi/fawad/ORB_SLAM3/include/KeyFrame.h:28,
[10.299s]                  from /home/romi/fawad/ORB_SLAM3/include/MapPoint.h:23,
[10.299s]                  from /home/romi/fawad/ORB_SLAM3/include/FrameDrawer.h:24,
[10.299s]                  from /home/romi/fawad/ORB_SLAM3/include/Viewer.h:23,
[10.299s]                  from /home/romi/fawad/ORB_SLAM3/include/Tracking.h:26,
[10.299s]                  from /home/romi/fawad/ORB_SLAM3/include/System.h:31,
[10.299s]                  from /home/romi/fawad/ros2_ws/src/ORB_SLAM3_ROS2/src/stereo/stereo-slam-node.hpp:13,
[10.299s]                  from /home/romi/fawad/ros2_ws/src/ORB_SLAM3_ROS2/src/stereo/stereo.cpp:7:
[10.300s] /home/romi/fawad/ORB_SLAM3/Thirdparty/g2o/g2o/types/../core/base_binary_edge.h: In instantiation of ‘class g2o::BaseBinaryEdge<2, Eigen::Matrix<double, 2, 1>, g2o::VertexSBAPointXYZ, g2o::VertexSim3Expmap>’:
[10.300s] /home/romi/fawad/ORB_SLAM3/Thirdparty/g2o/g2o/types/types_seven_dof_expmap.h:130:36:   required from here
[10.300s] /home/romi/fawad/ORB_SLAM3/Thirdparty/g2o/g2o/types/../core/base_binary_edge.h:59:80: warning: ‘Eigen::AlignedBit’ is deprecated [-Wdeprecated-declarations]
[10.300s]    59 |       typedef Eigen::Map<Matrix<double, Di, Dj>, Matrix<double, Di, Dj>::Flags & AlignedBit ? Aligned : Unaligned > HessianBlockType;
[10.300s]       |                                                                          ~~~~~~^~~~~~~~~~~~
[10.300s] In file included from /usr/include/eigen3/Eigen/Core:161,
[10.300s]                  from /usr/include/eigen3/Eigen/LU:11,
[10.300s]                  from /home/romi/fawad/ORB_SLAM3/Thirdparty/Sophus/sophus/so2.hpp:12,
[10.300s]                  from /home/romi/fawad/ORB_SLAM3/Thirdparty/Sophus/sophus/se2.hpp:7,
[10.300s]                  from /home/romi/fawad/ORB_SLAM3/Thirdparty/Sophus/sophus/geometry.hpp:7,
[10.300s]                  from /home/romi/fawad/ORB_SLAM3/include/Frame.h:28,
[10.301s]                  from /home/romi/fawad/ORB_SLAM3/include/KeyFrame.h:28,
[10.301s]                  from /home/romi/fawad/ORB_SLAM3/include/MapPoint.h:23,
[10.301s]                  from /home/romi/fawad/ORB_SLAM3/include/FrameDrawer.h:24,
[10.301s]                  from /home/romi/fawad/ORB_SLAM3/include/Viewer.h:23,
[10.301s]                  from /home/romi/fawad/ORB_SLAM3/include/Tracking.h:26,
[10.301s]                  from /home/romi/fawad/ORB_SLAM3/include/System.h:31,
[10.301s]                  from /home/romi/fawad/ros2_ws/src/ORB_SLAM3_ROS2/src/stereo/stereo-slam-node.hpp:13,
[10.301s]                  from /home/romi/fawad/ros2_ws/src/ORB_SLAM3_ROS2/src/stereo/stereo.cpp:7:
[10.301s] /usr/include/eigen3/Eigen/src/Core/util/Constants.h:167:37: note: declared here
[10.301s]   167 | EIGEN_DEPRECATED const unsigned int AlignedBit = 0x80;
[10.301s]       |                                     ^~~~~~~~~~
[10.322s] In file included from /home/romi/fawad/ORB_SLAM3/Thirdparty/g2o/g2o/types/types_six_dof_expmap.h:38,
[10.322s]                  from /home/romi/fawad/ORB_SLAM3/include/Converter.h:26,
[10.322s]                  from /home/romi/fawad/ORB_SLAM3/include/Frame.h:33,
[10.322s]                  from /home/romi/fawad/ORB_SLAM3/include/KeyFrame.h:28,
[10.322s]                  from /home/romi/fawad/ORB_SLAM3/include/MapPoint.h:23,
[10.322s]                  from /home/romi/fawad/ORB_SLAM3/include/FrameDrawer.h:24,
[10.322s]                  from /home/romi/fawad/ORB_SLAM3/include/Viewer.h:23,
[10.322s]                  from /home/romi/fawad/ORB_SLAM3/include/Tracking.h:26,
[10.322s]                  from /home/romi/fawad/ORB_SLAM3/include/System.h:31,
[10.322s]                  from /home/romi/fawad/ros2_ws/src/ORB_SLAM3_ROS2/src/stereo/stereo-slam-node.hpp:13,
[10.322s]                  from /home/romi/fawad/ros2_ws/src/ORB_SLAM3_ROS2/src/stereo/stereo.cpp:7:
[10.322s] /home/romi/fawad/ORB_SLAM3/Thirdparty/g2o/g2o/types/../core/base_binary_edge.h:60:80: warning: ‘Eigen::AlignedBit’ is deprecated [-Wdeprecated-declarations]
[10.322s]    60 |       typedef Eigen::Map<Matrix<double, Dj, Di>, Matrix<double, Dj, Di>::Flags & AlignedBit ? Aligned : Unaligned > HessianBlockTransposedType;
[10.322s]       |                                                                          ~~~~~~^~~~~~~~~~~~
[10.323s] In file included from /usr/include/eigen3/Eigen/Core:161,
[10.323s]                  from /usr/include/eigen3/Eigen/LU:11,
[10.323s]                  from /home/romi/fawad/ORB_SLAM3/Thirdparty/Sophus/sophus/so2.hpp:12,
[10.323s]                  from /home/romi/fawad/ORB_SLAM3/Thirdparty/Sophus/sophus/se2.hpp:7,
[10.323s]                  from /home/romi/fawad/ORB_SLAM3/Thirdparty/Sophus/sophus/geometry.hpp:7,
[10.323s]                  from /home/romi/fawad/ORB_SLAM3/include/Frame.h:28,
[10.323s]                  from /home/romi/fawad/ORB_SLAM3/include/KeyFrame.h:28,
[10.323s]                  from /home/romi/fawad/ORB_SLAM3/include/MapPoint.h:23,
[10.323s]                  from /home/romi/fawad/ORB_SLAM3/include/FrameDrawer.h:24,
[10.323s]                  from /home/romi/fawad/ORB_SLAM3/include/Viewer.h:23,
[10.323s]                  from /home/romi/fawad/ORB_SLAM3/include/Tracking.h:26,
[10.323s]                  from /home/romi/fawad/ORB_SLAM3/include/System.h:31,
[10.323s]                  from /home/romi/fawad/ros2_ws/src/ORB_SLAM3_ROS2/src/stereo/stereo-slam-node.hpp:13,
[10.323s]                  from /home/romi/fawad/ros2_ws/src/ORB_SLAM3_ROS2/src/stereo/stereo.cpp:7:
[10.324s] /usr/include/eigen3/Eigen/src/Core/util/Constants.h:167:37: note: declared here
[10.324s]   167 | EIGEN_DEPRECATED const unsigned int AlignedBit = 0x80;
[10.324s]       |                                     ^~~~~~~~~~
[10.324s] In file included from /home/romi/fawad/ORB_SLAM3/Thirdparty/g2o/g2o/types/types_six_dof_expmap.h:38,
[10.324s]                  from /home/romi/fawad/ORB_SLAM3/include/Converter.h:26,
[10.324s]                  from /home/romi/fawad/ORB_SLAM3/include/Frame.h:33,
[10.324s]                  from /home/romi/fawad/ORB_SLAM3/include/KeyFrame.h:28,
[10.324s]                  from /home/romi/fawad/ORB_SLAM3/include/MapPoint.h:23,
[10.325s]                  from /home/romi/fawad/ORB_SLAM3/include/FrameDrawer.h:24,
[10.325s]                  from /home/romi/fawad/ORB_SLAM3/include/Viewer.h:23,
[10.325s]                  from /home/romi/fawad/ORB_SLAM3/include/Tracking.h:26,
[10.325s]                  from /home/romi/fawad/ORB_SLAM3/include/System.h:31,
[10.325s]                  from /home/romi/fawad/ros2_ws/src/ORB_SLAM3_ROS2/src/monocular/monocular-slam-node.hpp:9,
[10.325s]                  from /home/romi/fawad/ros2_ws/src/ORB_SLAM3_ROS2/src/monocular/monocular-slam-node.cpp:1:
[10.325s] /home/romi/fawad/ORB_SLAM3/Thirdparty/g2o/g2o/types/../core/base_binary_edge.h: In instantiation of ‘class g2o::BaseBinaryEdge<7, g2o::Sim3, g2o::VertexSim3Expmap, g2o::VertexSim3Expmap>’:
[10.325s] /home/romi/fawad/ORB_SLAM3/Thirdparty/g2o/g2o/types/types_seven_dof_expmap.h:99:27:   required from here
[10.325s] /home/romi/fawad/ORB_SLAM3/Thirdparty/g2o/g2o/types/../core/base_binary_edge.h:59:80: warning: ‘Eigen::AlignedBit’ is deprecated [-Wdeprecated-declarations]
[10.326s]    59 |       typedef Eigen::Map<Matrix<double, Di, Dj>, Matrix<double, Di, Dj>::Flags & AlignedBit ? Aligned : Unaligned > HessianBlockType;
[10.326s]       |                                                                          ~~~~~~^~~~~~~~~~~~
[10.326s] In file included from /usr/include/eigen3/Eigen/Core:161,
[10.326s]                  from /usr/include/eigen3/Eigen/LU:11,
[10.326s]                  from /home/romi/fawad/ORB_SLAM3/Thirdparty/Sophus/sophus/so2.hpp:12,
[10.326s]                  from /home/romi/fawad/ORB_SLAM3/Thirdparty/Sophus/sophus/se2.hpp:7,
[10.326s]                  from /home/romi/fawad/ORB_SLAM3/Thirdparty/Sophus/sophus/geometry.hpp:7,
[10.326s]                  from /home/romi/fawad/ORB_SLAM3/include/Frame.h:28,
[10.326s]                  from /home/romi/fawad/ORB_SLAM3/include/KeyFrame.h:28,
[10.326s]                  from /home/romi/fawad/ORB_SLAM3/include/MapPoint.h:23,
[10.326s]                  from /home/romi/fawad/ORB_SLAM3/include/FrameDrawer.h:24,
[10.326s]                  from /home/romi/fawad/ORB_SLAM3/include/Viewer.h:23,
[10.327s]                  from /home/romi/fawad/ORB_SLAM3/include/Tracking.h:26,
[10.327s]                  from /home/romi/fawad/ORB_SLAM3/include/System.h:31,
[10.327s]                  from /home/romi/fawad/ros2_ws/src/ORB_SLAM3_ROS2/src/monocular/monocular-slam-node.hpp:9,
[10.327s]                  from /home/romi/fawad/ros2_ws/src/ORB_SLAM3_ROS2/src/monocular/monocular-slam-node.cpp:1:
[10.327s] /usr/include/eigen3/Eigen/src/Core/util/Constants.h:167:37: note: declared here
[10.327s]   167 | EIGEN_DEPRECATED const unsigned int AlignedBit = 0x80;
[10.327s]       |                                     ^~~~~~~~~~
[10.327s] In file included from /home/romi/fawad/ORB_SLAM3/Thirdparty/g2o/g2o/types/types_six_dof_expmap.h:38,
[10.327s]                  from /home/romi/fawad/ORB_SLAM3/include/Converter.h:26,
[10.327s]                  from /home/romi/fawad/ORB_SLAM3/include/Frame.h:33,
[10.328s]                  from /home/romi/fawad/ORB_SLAM3/include/KeyFrame.h:28,
[10.328s]                  from /home/romi/fawad/ORB_SLAM3/include/MapPoint.h:23,
[10.328s]                  from /home/romi/fawad/ORB_SLAM3/include/FrameDrawer.h:24,
[10.328s]                  from /home/romi/fawad/ORB_SLAM3/include/Viewer.h:23,
[10.328s]                  from /home/romi/fawad/ORB_SLAM3/include/Tracking.h:26,
[10.328s]                  from /home/romi/fawad/ORB_SLAM3/include/System.h:31,
[10.328s]                  from /home/romi/fawad/ros2_ws/src/ORB_SLAM3_ROS2/src/monocular/monocular-slam-node.hpp:9,
[10.328s]                  from /home/romi/fawad/ros2_ws/src/ORB_SLAM3_ROS2/src/monocular/monocular-slam-node.cpp:1:
[10.328s] /home/romi/fawad/ORB_SLAM3/Thirdparty/g2o/g2o/types/../core/base_binary_edge.h:60:80: warning: ‘Eigen::AlignedBit’ is deprecated [-Wdeprecated-declarations]
[10.328s]    60 |       typedef Eigen::Map<Matrix<double, Dj, Di>, Matrix<double, Dj, Di>::Flags & AlignedBit ? Aligned : Unaligned > HessianBlockTransposedType;
[10.328s]       |                                                                          ~~~~~~^~~~~~~~~~~~
[10.328s] In file included from /usr/include/eigen3/Eigen/Core:161,
[10.329s]                  from /usr/include/eigen3/Eigen/LU:11,
[10.329s]                  from /home/romi/fawad/ORB_SLAM3/Thirdparty/Sophus/sophus/so2.hpp:12,
[10.329s]                  from /home/romi/fawad/ORB_SLAM3/Thirdparty/Sophus/sophus/se2.hpp:7,
[10.329s]                  from /home/romi/fawad/ORB_SLAM3/Thirdparty/Sophus/sophus/geometry.hpp:7,
[10.329s]                  from /home/romi/fawad/ORB_SLAM3/include/Frame.h:28,
[10.329s]                  from /home/romi/fawad/ORB_SLAM3/include/KeyFrame.h:28,
[10.329s]                  from /home/romi/fawad/ORB_SLAM3/include/MapPoint.h:23,
[10.329s]                  from /home/romi/fawad/ORB_SLAM3/include/FrameDrawer.h:24,
[10.329s]                  from /home/romi/fawad/ORB_SLAM3/include/Viewer.h:23,
[10.329s]                  from /home/romi/fawad/ORB_SLAM3/include/Tracking.h:26,
[10.329s]                  from /home/romi/fawad/ORB_SLAM3/include/System.h:31,
[10.329s]                  from /home/romi/fawad/ros2_ws/src/ORB_SLAM3_ROS2/src/monocular/monocular-slam-node.hpp:9,
[10.329s]                  from /home/romi/fawad/ros2_ws/src/ORB_SLAM3_ROS2/src/monocular/monocular-slam-node.cpp:1:
[10.330s] /usr/include/eigen3/Eigen/src/Core/util/Constants.h:167:37: note: declared here
[10.330s]   167 | EIGEN_DEPRECATED const unsigned int AlignedBit = 0x80;
[10.330s]       |                                     ^~~~~~~~~~
[10.350s] In file included from /home/romi/fawad/ORB_SLAM3/Thirdparty/g2o/g2o/types/types_six_dof_expmap.h:38,
[10.350s]                  from /home/romi/fawad/ORB_SLAM3/include/Converter.h:26,
[10.350s]                  from /home/romi/fawad/ORB_SLAM3/include/Frame.h:33,
[10.350s]                  from /home/romi/fawad/ORB_SLAM3/include/KeyFrame.h:28,
[10.350s]                  from /home/romi/fawad/ORB_SLAM3/include/MapPoint.h:23,
[10.350s]                  from /home/romi/fawad/ORB_SLAM3/include/FrameDrawer.h:24,
[10.350s]                  from /home/romi/fawad/ORB_SLAM3/include/Viewer.h:23,
[10.350s]                  from /home/romi/fawad/ORB_SLAM3/include/Tracking.h:26,
[10.350s]                  from /home/romi/fawad/ORB_SLAM3/include/System.h:31,
[10.350s]                  from /home/romi/fawad/ros2_ws/src/ORB_SLAM3_ROS2/src/rgbd/rgbd-slam-node.hpp:18,
[10.351s]                  from /home/romi/fawad/ros2_ws/src/ORB_SLAM3_ROS2/src/rgbd/rgbd-slam-node.cpp:1:
[10.351s] /home/romi/fawad/ORB_SLAM3/Thirdparty/g2o/g2o/types/../core/base_binary_edge.h: In instantiation of ‘class g2o::BaseBinaryEdge<3, Eigen::Matrix<double, 3, 1>, g2o::VertexSBAPointXYZ, g2o::VertexSE3Expmap>’:
[10.351s] /home/romi/fawad/ORB_SLAM3/Thirdparty/g2o/g2o/types/types_six_dof_expmap.h:146:41:   required from here
[10.351s] /home/romi/fawad/ORB_SLAM3/Thirdparty/g2o/g2o/types/../core/base_binary_edge.h:59:80: warning: ‘Eigen::AlignedBit’ is deprecated [-Wdeprecated-declarations]
[10.351s]    59 |       typedef Eigen::Map<Matrix<double, Di, Dj>, Matrix<double, Di, Dj>::Flags & AlignedBit ? Aligned : Unaligned > HessianBlockType;
[10.351s]       |                                                                          ~~~~~~^~~~~~~~~~~~
[10.351s] In file included from /usr/include/eigen3/Eigen/Core:161,
[10.351s]                  from /usr/include/eigen3/Eigen/LU:11,
[10.352s]                  from /home/romi/fawad/ORB_SLAM3/Thirdparty/Sophus/sophus/so2.hpp:12,
[10.352s]                  from /home/romi/fawad/ORB_SLAM3/Thirdparty/Sophus/sophus/se2.hpp:7,
[10.352s]                  from /home/romi/fawad/ORB_SLAM3/Thirdparty/Sophus/sophus/geometry.hpp:7,
[10.352s]                  from /home/romi/fawad/ORB_SLAM3/include/Frame.h:28,
[10.352s]                  from /home/romi/fawad/ORB_SLAM3/include/KeyFrame.h:28,
[10.352s]                  from /home/romi/fawad/ORB_SLAM3/include/MapPoint.h:23,
[10.352s]                  from /home/romi/fawad/ORB_SLAM3/include/FrameDrawer.h:24,
[10.352s]                  from /home/romi/fawad/ORB_SLAM3/include/Viewer.h:23,
[10.352s]                  from /home/romi/fawad/ORB_SLAM3/include/Tracking.h:26,
[10.352s]                  from /home/romi/fawad/ORB_SLAM3/include/System.h:31,
[10.352s]                  from /home/romi/fawad/ros2_ws/src/ORB_SLAM3_ROS2/src/rgbd/rgbd-slam-node.hpp:18,
[10.352s]                  from /home/romi/fawad/ros2_ws/src/ORB_SLAM3_ROS2/src/rgbd/rgbd-slam-node.cpp:1:
[10.353s] /usr/include/eigen3/Eigen/src/Core/util/Constants.h:167:37: note: declared here
[10.353s]   167 | EIGEN_DEPRECATED const unsigned int AlignedBit = 0x80;
[10.353s]       |                                     ^~~~~~~~~~
[10.353s] In file included from /home/romi/fawad/ORB_SLAM3/Thirdparty/g2o/g2o/types/types_six_dof_expmap.h:38,
[10.353s]                  from /home/romi/fawad/ORB_SLAM3/include/Converter.h:26,
[10.353s]                  from /home/romi/fawad/ORB_SLAM3/include/Frame.h:33,
[10.353s]                  from /home/romi/fawad/ORB_SLAM3/include/KeyFrame.h:28,
[10.353s]                  from /home/romi/fawad/ORB_SLAM3/include/MapPoint.h:23,
[10.353s]                  from /home/romi/fawad/ORB_SLAM3/include/FrameDrawer.h:24,
[10.353s]                  from /home/romi/fawad/ORB_SLAM3/include/Viewer.h:23,
[10.353s]                  from /home/romi/fawad/ORB_SLAM3/include/Tracking.h:26,
[10.354s]                  from /home/romi/fawad/ORB_SLAM3/include/System.h:31,
[10.354s]                  from /home/romi/fawad/ros2_ws/src/ORB_SLAM3_ROS2/src/rgbd/rgbd-slam-node.hpp:18,
[10.354s]                  from /home/romi/fawad/ros2_ws/src/ORB_SLAM3_ROS2/src/rgbd/rgbd-slam-node.cpp:1:
[10.354s] /home/romi/fawad/ORB_SLAM3/Thirdparty/g2o/g2o/types/../core/base_binary_edge.h:60:80: warning: ‘Eigen::AlignedBit’ is deprecated [-Wdeprecated-declarations]
[10.354s]    60 |       typedef Eigen::Map<Matrix<double, Dj, Di>, Matrix<double, Dj, Di>::Flags & AlignedBit ? Aligned : Unaligned > HessianBlockTransposedType;
[10.354s]       |                                                                          ~~~~~~^~~~~~~~~~~~
[10.354s] In file included from /usr/include/eigen3/Eigen/Core:161,
[10.354s]                  from /usr/include/eigen3/Eigen/LU:11,
[10.354s]                  from /home/romi/fawad/ORB_SLAM3/Thirdparty/Sophus/sophus/so2.hpp:12,
[10.354s]                  from /home/romi/fawad/ORB_SLAM3/Thirdparty/Sophus/sophus/se2.hpp:7,
[10.355s]                  from /home/romi/fawad/ORB_SLAM3/Thirdparty/Sophus/sophus/geometry.hpp:7,
[10.355s]                  from /home/romi/fawad/ORB_SLAM3/include/Frame.h:28,
[10.355s]                  from /home/romi/fawad/ORB_SLAM3/include/KeyFrame.h:28,
[10.355s]                  from /home/romi/fawad/ORB_SLAM3/include/MapPoint.h:23,
[10.355s]                  from /home/romi/fawad/ORB_SLAM3/include/FrameDrawer.h:24,
[10.355s]                  from /home/romi/fawad/ORB_SLAM3/include/Viewer.h:23,
[10.355s]                  from /home/romi/fawad/ORB_SLAM3/include/Tracking.h:26,
[10.355s]                  from /home/romi/fawad/ORB_SLAM3/include/System.h:31,
[10.355s]                  from /home/romi/fawad/ros2_ws/src/ORB_SLAM3_ROS2/src/rgbd/rgbd-slam-node.hpp:18,
[10.355s]                  from /home/romi/fawad/ros2_ws/src/ORB_SLAM3_ROS2/src/rgbd/rgbd-slam-node.cpp:1:
[10.355s] /usr/include/eigen3/Eigen/src/Core/util/Constants.h:167:37: note: declared here
[10.356s]   167 | EIGEN_DEPRECATED const unsigned int AlignedBit = 0x80;
[10.356s]       |                                     ^~~~~~~~~~
[10.363s] In file included from /home/romi/fawad/ORB_SLAM3/Thirdparty/g2o/g2o/types/types_six_dof_expmap.h:38,
[10.363s]                  from /home/romi/fawad/ORB_SLAM3/include/Converter.h:26,
[10.363s]                  from /home/romi/fawad/ORB_SLAM3/include/Frame.h:33,
[10.363s]                  from /home/romi/fawad/ORB_SLAM3/include/KeyFrame.h:28,
[10.363s]                  from /home/romi/fawad/ORB_SLAM3/include/MapPoint.h:23,
[10.363s]                  from /home/romi/fawad/ORB_SLAM3/include/FrameDrawer.h:24,
[10.364s]                  from /home/romi/fawad/ORB_SLAM3/include/Viewer.h:23,
[10.364s]                  from /home/romi/fawad/ORB_SLAM3/include/Tracking.h:26,
[10.364s]                  from /home/romi/fawad/ORB_SLAM3/include/System.h:31,
[10.364s]                  from /home/romi/fawad/ros2_ws/src/ORB_SLAM3_ROS2/src/stereo-inertial/stereo-inertial-node.hpp:10,
[10.364s]                  from /home/romi/fawad/ros2_ws/src/ORB_SLAM3_ROS2/src/stereo-inertial/stereo-inertial.cpp:7:
[10.364s] /home/romi/fawad/ORB_SLAM3/Thirdparty/g2o/g2o/types/../core/base_binary_edge.h: In instantiation of ‘class g2o::BaseBinaryEdge<2, Eigen::Matrix<double, 2, 1>, g2o::VertexSBAPointXYZ, g2o::VertexSim3Expmap>’:
[10.364s] /home/romi/fawad/ORB_SLAM3/Thirdparty/g2o/g2o/types/types_seven_dof_expmap.h:130:36:   required from here
[10.364s] /home/romi/fawad/ORB_SLAM3/Thirdparty/g2o/g2o/types/../core/base_binary_edge.h:59:80: warning: ‘Eigen::AlignedBit’ is deprecated [-Wdeprecated-declarations]
[10.364s]    59 |       typedef Eigen::Map<Matrix<double, Di, Dj>, Matrix<double, Di, Dj>::Flags & AlignedBit ? Aligned : Unaligned > HessianBlockType;
[10.364s]       |                                                                          ~~~~~~^~~~~~~~~~~~
[10.364s] In file included from /usr/include/eigen3/Eigen/Core:161,
[10.364s]                  from /usr/include/eigen3/Eigen/LU:11,
[10.365s]                  from /home/romi/fawad/ORB_SLAM3/Thirdparty/Sophus/sophus/so2.hpp:12,
[10.365s]                  from /home/romi/fawad/ORB_SLAM3/Thirdparty/Sophus/sophus/se2.hpp:7,
[10.365s]                  from /home/romi/fawad/ORB_SLAM3/Thirdparty/Sophus/sophus/geometry.hpp:7,
[10.365s]                  from /home/romi/fawad/ORB_SLAM3/include/Frame.h:28,
[10.365s]                  from /home/romi/fawad/ORB_SLAM3/include/KeyFrame.h:28,
[10.365s]                  from /home/romi/fawad/ORB_SLAM3/include/MapPoint.h:23,
[10.365s]                  from /home/romi/fawad/ORB_SLAM3/include/FrameDrawer.h:24,
[10.365s]                  from /home/romi/fawad/ORB_SLAM3/include/Viewer.h:23,
[10.365s]                  from /home/romi/fawad/ORB_SLAM3/include/Tracking.h:26,
[10.365s]                  from /home/romi/fawad/ORB_SLAM3/include/System.h:31,
[10.365s]                  from /home/romi/fawad/ros2_ws/src/ORB_SLAM3_ROS2/src/stereo-inertial/stereo-inertial-node.hpp:10,
[10.365s]                  from /home/romi/fawad/ros2_ws/src/ORB_SLAM3_ROS2/src/stereo-inertial/stereo-inertial.cpp:7:
[10.365s] /usr/include/eigen3/Eigen/src/Core/util/Constants.h:167:37: note: declared here
[10.366s]   167 | EIGEN_DEPRECATED const unsigned int AlignedBit = 0x80;
[10.366s]       |                                     ^~~~~~~~~~
[10.391s] In file included from /home/romi/fawad/ORB_SLAM3/Thirdparty/g2o/g2o/types/types_six_dof_expmap.h:38,
[10.391s]                  from /home/romi/fawad/ORB_SLAM3/include/Converter.h:26,
[10.391s]                  from /home/romi/fawad/ORB_SLAM3/include/Frame.h:33,
[10.391s]                  from /home/romi/fawad/ORB_SLAM3/include/KeyFrame.h:28,
[10.391s]                  from /home/romi/fawad/ORB_SLAM3/include/MapPoint.h:23,
[10.391s]                  from /home/romi/fawad/ORB_SLAM3/include/FrameDrawer.h:24,
[10.391s]                  from /home/romi/fawad/ORB_SLAM3/include/Viewer.h:23,
[10.392s]                  from /home/romi/fawad/ORB_SLAM3/include/Tracking.h:26,
[10.392s]                  from /home/romi/fawad/ORB_SLAM3/include/System.h:31,
[10.392s]                  from /home/romi/fawad/ros2_ws/src/ORB_SLAM3_ROS2/src/stereo-inertial/stereo-inertial-node.hpp:10,
[10.392s]                  from /home/romi/fawad/ros2_ws/src/ORB_SLAM3_ROS2/src/stereo-inertial/stereo-inertial.cpp:7:
[10.392s] /home/romi/fawad/ORB_SLAM3/Thirdparty/g2o/g2o/types/../core/base_binary_edge.h:60:80: warning: ‘Eigen::AlignedBit’ is deprecated [-Wdeprecated-declarations]
[10.392s]    60 |       typedef Eigen::Map<Matrix<double, Dj, Di>, Matrix<double, Dj, Di>::Flags & AlignedBit ? Aligned : Unaligned > HessianBlockTransposedType;
[10.392s]       |                                                                          ~~~~~~^~~~~~~~~~~~
[10.392s] In file included from /usr/include/eigen3/Eigen/Core:161,
[10.392s]                  from /usr/include/eigen3/Eigen/LU:11,
[10.392s]                  from /home/romi/fawad/ORB_SLAM3/Thirdparty/Sophus/sophus/so2.hpp:12,
[10.393s]                  from /home/romi/fawad/ORB_SLAM3/Thirdparty/Sophus/sophus/se2.hpp:7,
[10.393s]                  from /home/romi/fawad/ORB_SLAM3/Thirdparty/Sophus/sophus/geometry.hpp:7,
[10.393s]                  from /home/romi/fawad/ORB_SLAM3/include/Frame.h:28,
[10.393s]                  from /home/romi/fawad/ORB_SLAM3/include/KeyFrame.h:28,
[10.393s]                  from /home/romi/fawad/ORB_SLAM3/include/MapPoint.h:23,
[10.393s]                  from /home/romi/fawad/ORB_SLAM3/include/FrameDrawer.h:24,
[10.393s]                  from /home/romi/fawad/ORB_SLAM3/include/Viewer.h:23,
[10.393s]                  from /home/romi/fawad/ORB_SLAM3/include/Tracking.h:26,
[10.393s]                  from /home/romi/fawad/ORB_SLAM3/include/System.h:31,
[10.393s]                  from /home/romi/fawad/ros2_ws/src/ORB_SLAM3_ROS2/src/stereo-inertial/stereo-inertial-node.hpp:10,
[10.393s]                  from /home/romi/fawad/ros2_ws/src/ORB_SLAM3_ROS2/src/stereo-inertial/stereo-inertial.cpp:7:
[10.393s] /usr/include/eigen3/Eigen/src/Core/util/Constants.h:167:37: note: declared here
[10.394s]   167 | EIGEN_DEPRECATED const unsigned int AlignedBit = 0x80;
[10.394s]       |                                     ^~~~~~~~~~
[10.396s] In file included from /home/romi/fawad/ORB_SLAM3/Thirdparty/g2o/g2o/types/types_six_dof_expmap.h:38,
[10.396s]                  from /home/romi/fawad/ORB_SLAM3/include/Converter.h:26,
[10.396s]                  from /home/romi/fawad/ORB_SLAM3/include/Frame.h:33,
[10.396s]                  from /home/romi/fawad/ORB_SLAM3/include/KeyFrame.h:28,
[10.396s]                  from /home/romi/fawad/ORB_SLAM3/include/MapPoint.h:23,
[10.396s]                  from /home/romi/fawad/ORB_SLAM3/include/FrameDrawer.h:24,
[10.396s]                  from /home/romi/fawad/ORB_SLAM3/include/Viewer.h:23,
[10.397s]                  from /home/romi/fawad/ORB_SLAM3/include/Tracking.h:26,
[10.397s]                  from /home/romi/fawad/ORB_SLAM3/include/System.h:31,
[10.397s]                  from /home/romi/fawad/ros2_ws/src/ORB_SLAM3_ROS2/src/monocular/monocular-slam-node.hpp:9,
[10.397s]                  from /home/romi/fawad/ros2_ws/src/ORB_SLAM3_ROS2/src/monocular/monocular-slam-node.cpp:1:
[10.397s] /home/romi/fawad/ORB_SLAM3/Thirdparty/g2o/g2o/types/../core/base_binary_edge.h: In instantiation of ‘class g2o::BaseBinaryEdge<2, Eigen::Matrix<double, 2, 1>, g2o::VertexSBAPointXYZ, g2o::VertexSim3Expmap>’:
[10.397s] /home/romi/fawad/ORB_SLAM3/Thirdparty/g2o/g2o/types/types_seven_dof_expmap.h:130:36:   required from here
[10.397s] /home/romi/fawad/ORB_SLAM3/Thirdparty/g2o/g2o/types/../core/base_binary_edge.h:59:80: warning: ‘Eigen::AlignedBit’ is deprecated [-Wdeprecated-declarations]
[10.397s]    59 |       typedef Eigen::Map<Matrix<double, Di, Dj>, Matrix<double, Di, Dj>::Flags & AlignedBit ? Aligned : Unaligned > HessianBlockType;
[10.397s]       |                                                                          ~~~~~~^~~~~~~~~~~~
[10.397s] In file included from /usr/include/eigen3/Eigen/Core:161,
[10.398s]                  from /usr/include/eigen3/Eigen/LU:11,
[10.398s]                  from /home/romi/fawad/ORB_SLAM3/Thirdparty/Sophus/sophus/so2.hpp:12,
[10.398s]                  from /home/romi/fawad/ORB_SLAM3/Thirdparty/Sophus/sophus/se2.hpp:7,
[10.398s]                  from /home/romi/fawad/ORB_SLAM3/Thirdparty/Sophus/sophus/geometry.hpp:7,
[10.398s]                  from /home/romi/fawad/ORB_SLAM3/include/Frame.h:28,
[10.398s]                  from /home/romi/fawad/ORB_SLAM3/include/KeyFrame.h:28,
[10.398s]                  from /home/romi/fawad/ORB_SLAM3/include/MapPoint.h:23,
[10.398s]                  from /home/romi/fawad/ORB_SLAM3/include/FrameDrawer.h:24,
[10.398s]                  from /home/romi/fawad/ORB_SLAM3/include/Viewer.h:23,
[10.398s]                  from /home/romi/fawad/ORB_SLAM3/include/Tracking.h:26,
[10.398s]                  from /home/romi/fawad/ORB_SLAM3/include/System.h:31,
[10.399s]                  from /home/romi/fawad/ros2_ws/src/ORB_SLAM3_ROS2/src/monocular/monocular-slam-node.hpp:9,
[10.399s]                  from /home/romi/fawad/ros2_ws/src/ORB_SLAM3_ROS2/src/monocular/monocular-slam-node.cpp:1:
[10.399s] /usr/include/eigen3/Eigen/src/Core/util/Constants.h:167:37: note: declared here
[10.399s]   167 | EIGEN_DEPRECATED const unsigned int AlignedBit = 0x80;
[10.399s]       |                                     ^~~~~~~~~~
[10.418s] In file included from /home/romi/fawad/ORB_SLAM3/Thirdparty/g2o/g2o/types/types_six_dof_expmap.h:38,
[10.418s]                  from /home/romi/fawad/ORB_SLAM3/include/Converter.h:26,
[10.418s]                  from /home/romi/fawad/ORB_SLAM3/include/Frame.h:33,
[10.418s]                  from /home/romi/fawad/ORB_SLAM3/include/KeyFrame.h:28,
[10.418s]                  from /home/romi/fawad/ORB_SLAM3/include/MapPoint.h:23,
[10.418s]                  from /home/romi/fawad/ORB_SLAM3/include/FrameDrawer.h:24,
[10.418s]                  from /home/romi/fawad/ORB_SLAM3/include/Viewer.h:23,
[10.418s]                  from /home/romi/fawad/ORB_SLAM3/include/Tracking.h:26,
[10.419s]                  from /home/romi/fawad/ORB_SLAM3/include/System.h:31,
[10.419s]                  from /home/romi/fawad/ros2_ws/src/ORB_SLAM3_ROS2/src/monocular/monocular-slam-node.hpp:9,
[10.419s]                  from /home/romi/fawad/ros2_ws/src/ORB_SLAM3_ROS2/src/monocular/monocular-slam-node.cpp:1:
[10.419s] /home/romi/fawad/ORB_SLAM3/Thirdparty/g2o/g2o/types/../core/base_binary_edge.h:60:80: warning: ‘Eigen::AlignedBit’ is deprecated [-Wdeprecated-declarations]
[10.419s]    60 |       typedef Eigen::Map<Matrix<double, Dj, Di>, Matrix<double, Dj, Di>::Flags & AlignedBit ? Aligned : Unaligned > HessianBlockTransposedType;
[10.419s]       |                                                                          ~~~~~~^~~~~~~~~~~~
[10.419s] In file included from /usr/include/eigen3/Eigen/Core:161,
[10.419s]                  from /usr/include/eigen3/Eigen/LU:11,
[10.419s]                  from /home/romi/fawad/ORB_SLAM3/Thirdparty/Sophus/sophus/so2.hpp:12,
[10.419s]                  from /home/romi/fawad/ORB_SLAM3/Thirdparty/Sophus/sophus/se2.hpp:7,
[10.419s]                  from /home/romi/fawad/ORB_SLAM3/Thirdparty/Sophus/sophus/geometry.hpp:7,
[10.420s]                  from /home/romi/fawad/ORB_SLAM3/include/Frame.h:28,
[10.420s]                  from /home/romi/fawad/ORB_SLAM3/include/KeyFrame.h:28,
[10.420s]                  from /home/romi/fawad/ORB_SLAM3/include/MapPoint.h:23,
[10.420s]                  from /home/romi/fawad/ORB_SLAM3/include/FrameDrawer.h:24,
[10.420s]                  from /home/romi/fawad/ORB_SLAM3/include/Viewer.h:23,
[10.420s]                  from /home/romi/fawad/ORB_SLAM3/include/Tracking.h:26,
[10.420s]                  from /home/romi/fawad/ORB_SLAM3/include/System.h:31,
[10.420s]                  from /home/romi/fawad/ros2_ws/src/ORB_SLAM3_ROS2/src/monocular/monocular-slam-node.hpp:9,
[10.420s]                  from /home/romi/fawad/ros2_ws/src/ORB_SLAM3_ROS2/src/monocular/monocular-slam-node.cpp:1:
[10.420s] /usr/include/eigen3/Eigen/src/Core/util/Constants.h:167:37: note: declared here
[10.420s]   167 | EIGEN_DEPRECATED const unsigned int AlignedBit = 0x80;
[10.420s]       |                                     ^~~~~~~~~~
[10.685s] In file included from /home/romi/fawad/ORB_SLAM3/include/Atlas.h:26,
[10.685s]                  from /home/romi/fawad/ORB_SLAM3/include/FrameDrawer.h:25,
[10.686s]                  from /home/romi/fawad/ORB_SLAM3/include/Viewer.h:23,
[10.686s]                  from /home/romi/fawad/ORB_SLAM3/include/Tracking.h:26,
[10.686s]                  from /home/romi/fawad/ORB_SLAM3/include/System.h:31,
[10.686s]                  from /home/romi/fawad/ros2_ws/src/ORB_SLAM3_ROS2/src/stereo/stereo-slam-node.hpp:13,
[10.686s]                  from /home/romi/fawad/ros2_ws/src/ORB_SLAM3_ROS2/src/stereo/stereo-slam-node.cpp:1:
[10.686s] /home/romi/fawad/ORB_SLAM3/include/CameraModels/Pinhole.h: In member function ‘virtual bool ORB_SLAM3::Pinhole::matchAndtriangulate(const cv::KeyPoint&, const cv::KeyPoint&, ORB_SLAM3::GeometricCamera*, Sophus::SE3f&, Sophus::SE3f&, float, float, Eigen::Vector3f&)’:
[10.686s] /home/romi/fawad/ORB_SLAM3/include/CameraModels/Pinhole.h:83:54: warning: unused parameter ‘kp1’ [-Wunused-parameter]
[10.686s]    83 |         bool matchAndtriangulate(const cv::KeyPoint& kp1, const cv::KeyPoint& kp2, GeometricCamera* pOther,
[10.686s]       |                                  ~~~~~~~~~~~~~~~~~~~~^~~
[10.686s] /home/romi/fawad/ORB_SLAM3/include/CameraModels/Pinhole.h:83:79: warning: unused parameter ‘kp2’ [-Wunused-parameter]
[10.687s]    83 |         bool matchAndtriangulate(const cv::KeyPoint& kp1, const cv::KeyPoint& kp2, GeometricCamera* pOther,
[10.687s]       |                                                           ~~~~~~~~~~~~~~~~~~~~^~~
[10.687s] /home/romi/fawad/ORB_SLAM3/include/CameraModels/Pinhole.h:83:101: warning: unused parameter ‘pOther’ [-Wunused-parameter]
[10.687s]    83 |         bool matchAndtriangulate(const cv::KeyPoint& kp1, const cv::KeyPoint& kp2, GeometricCamera* pOther,
[10.687s]       |                                                                                    ~~~~~~~~~~~~~~~~~^~~~~~
[10.687s] /home/romi/fawad/ORB_SLAM3/include/CameraModels/Pinhole.h:84:48: warning: unused parameter ‘Tcw1’ [-Wunused-parameter]
[10.687s]    84 |                                  Sophus::SE3f& Tcw1, Sophus::SE3f& Tcw2,
[10.687s]       |                                  ~~~~~~~~~~~~~~^~~~
[10.687s] /home/romi/fawad/ORB_SLAM3/include/CameraModels/Pinhole.h:84:68: warning: unused parameter ‘Tcw2’ [-Wunused-parameter]
[10.687s]    84 |                                  Sophus::SE3f& Tcw1, Sophus::SE3f& Tcw2,
[10.687s]       |                                                      ~~~~~~~~~~~~~~^~~~
[10.688s] /home/romi/fawad/ORB_SLAM3/include/CameraModels/Pinhole.h:85:46: warning: unused parameter ‘sigmaLevel1’ [-Wunused-parameter]
[10.688s]    85 |                                  const float sigmaLevel1, const float sigmaLevel2,
[10.688s]       |                                  ~~~~~~~~~~~~^~~~~~~~~~~
[10.688s] /home/romi/fawad/ORB_SLAM3/include/CameraModels/Pinhole.h:85:71: warning: unused parameter ‘sigmaLevel2’ [-Wunused-parameter]
[10.688s]    85 |                                  const float sigmaLevel1, const float sigmaLevel2,
[10.688s]       |                                                           ~~~~~~~~~~~~^~~~~~~~~~~
[10.688s] /home/romi/fawad/ORB_SLAM3/include/CameraModels/Pinhole.h:86:51: warning: unused parameter ‘x3Dtriangulated’ [-Wunused-parameter]
[10.688s]    86 |                                  Eigen::Vector3f& x3Dtriangulated) { return false;}
[10.688s]       |                                  ~~~~~~~~~~~~~~~~~^~~~~~~~~~~~~~~
[10.688s] In file included from /home/romi/fawad/ORB_SLAM3/include/Atlas.h:27,
[10.688s]                  from /home/romi/fawad/ORB_SLAM3/include/FrameDrawer.h:25,
[10.688s]                  from /home/romi/fawad/ORB_SLAM3/include/Viewer.h:23,
[10.689s]                  from /home/romi/fawad/ORB_SLAM3/include/Tracking.h:26,
[10.689s]                  from /home/romi/fawad/ORB_SLAM3/include/System.h:31,
[10.689s]                  from /home/romi/fawad/ros2_ws/src/ORB_SLAM3_ROS2/src/stereo/stereo-slam-node.hpp:13,
[10.689s]                  from /home/romi/fawad/ros2_ws/src/ORB_SLAM3_ROS2/src/stereo/stereo-slam-node.cpp:1:
[10.689s] /home/romi/fawad/ORB_SLAM3/include/CameraModels/KannalaBrandt8.h: In constructor ‘ORB_SLAM3::KannalaBrandt8::KannalaBrandt8(std::vector<float>)’:
[10.689s] /home/romi/fawad/ORB_SLAM3/include/CameraModels/KannalaBrandt8.h:102:21: warning: ‘ORB_SLAM3::KannalaBrandt8::precision’ will be initialized after [-Wreorder]
[10.689s]   102 |         const float precision;
[10.689s]       |                     ^~~~~~~~~
[10.689s] /home/romi/fawad/ORB_SLAM3/include/CameraModels/KannalaBrandt8.h:88:26: warning:   ‘std::vector<int> ORB_SLAM3::KannalaBrandt8::mvLappingArea’ [-Wreorder]
[10.689s]    88 |         std::vector<int> mvLappingArea;
[10.689s]       |                          ^~~~~~~~~~~~~
[10.689s] In file included from /home/romi/fawad/ORB_SLAM3/include/Atlas.h:27,
[10.690s]                  from /home/romi/fawad/ORB_SLAM3/include/FrameDrawer.h:25,
[10.690s]                  from /home/romi/fawad/ORB_SLAM3/include/Viewer.h:23,
[10.690s]                  from /home/romi/fawad/ORB_SLAM3/include/Tracking.h:26,
[10.690s]                  from /home/romi/fawad/ORB_SLAM3/include/System.h:31,
[10.690s]                  from /home/romi/fawad/ros2_ws/src/ORB_SLAM3_ROS2/src/stereo/stereo-slam-node.hpp:13,
[10.690s]                  from /home/romi/fawad/ros2_ws/src/ORB_SLAM3_ROS2/src/stereo/stereo-slam-node.cpp:1:
[10.690s] /home/romi/fawad/ORB_SLAM3/include/CameraModels/KannalaBrandt8.h:47:9: warning:   when initialized here [-Wreorder]
[10.690s]    47 |         KannalaBrandt8(const std::vector<float> _vParameters) : GeometricCamera(_vParameters), precision(1e-6), mvLappingArea(2,0) ,tvr(nullptr) {
[10.690s]       |         ^~~~~~~~~~~~~~
[10.690s] In file included from /home/romi/fawad/ORB_SLAM3/include/Atlas.h:27,
[10.691s]                  from /home/romi/fawad/ORB_SLAM3/include/FrameDrawer.h:25,
[10.691s]                  from /home/romi/fawad/ORB_SLAM3/include/Viewer.h:23,
[10.691s]                  from /home/romi/fawad/ORB_SLAM3/include/Tracking.h:26,
[10.691s]                  from /home/romi/fawad/ORB_SLAM3/include/System.h:31,
[10.691s]                  from /home/romi/fawad/ros2_ws/src/ORB_SLAM3_ROS2/src/stereo/stereo-slam-node.hpp:13,
[10.691s]                  from /home/romi/fawad/ros2_ws/src/ORB_SLAM3_ROS2/src/stereo/stereo-slam-node.cpp:1:
[10.691s] /home/romi/fawad/ORB_SLAM3/include/CameraModels/KannalaBrandt8.h: In constructor ‘ORB_SLAM3::KannalaBrandt8::KannalaBrandt8(std::vector<float>, float)’:
[10.691s] /home/romi/fawad/ORB_SLAM3/include/CameraModels/KannalaBrandt8.h:102:21: warning: ‘ORB_SLAM3::KannalaBrandt8::precision’ will be initialized after [-Wreorder]
[10.691s]   102 |         const float precision;
[10.691s]       |                     ^~~~~~~~~
[10.691s] /home/romi/fawad/ORB_SLAM3/include/CameraModels/KannalaBrandt8.h:88:26: warning:   ‘std::vector<int> ORB_SLAM3::KannalaBrandt8::mvLappingArea’ [-Wreorder]
[10.692s]    88 |         std::vector<int> mvLappingArea;
[10.692s]       |                          ^~~~~~~~~~~~~
[10.692s] /home/romi/fawad/ORB_SLAM3/include/CameraModels/KannalaBrandt8.h:53:9: warning:   when initialized here [-Wreorder]
[10.692s]    53 |         KannalaBrandt8(const std::vector<float> _vParameters, const float _precision) : GeometricCamera(_vParameters),
[10.692s]       |         ^~~~~~~~~~~~~~
[10.692s] /home/romi/fawad/ORB_SLAM3/include/CameraModels/KannalaBrandt8.h: In constructor ‘ORB_SLAM3::KannalaBrandt8::KannalaBrandt8(ORB_SLAM3::KannalaBrandt8*)’:
[10.692s] /home/romi/fawad/ORB_SLAM3/include/CameraModels/KannalaBrandt8.h:102:21: warning: ‘ORB_SLAM3::KannalaBrandt8::precision’ will be initialized after [-Wreorder]
[10.692s]   102 |         const float precision;
[10.692s]       |                     ^~~~~~~~~
[10.692s] /home/romi/fawad/ORB_SLAM3/include/CameraModels/KannalaBrandt8.h:88:26: warning:   ‘std::vector<int> ORB_SLAM3::KannalaBrandt8::mvLappingArea’ [-Wreorder]
[10.692s]    88 |         std::vector<int> mvLappingArea;
[10.692s]       |                          ^~~~~~~~~~~~~
[10.692s] /home/romi/fawad/ORB_SLAM3/include/CameraModels/KannalaBrandt8.h:59:9: warning:   when initialized here [-Wreorder]
[10.693s]    59 |         KannalaBrandt8(KannalaBrandt8* pKannala) : GeometricCamera(pKannala->mvParameters), precision(pKannala->precision), mvLappingArea(2,0) ,tvr(nullptr) {
[10.693s]       |         ^~~~~~~~~~~~~~
[10.722s] In file included from /home/romi/fawad/ORB_SLAM3/Thirdparty/g2o/g2o/types/types_six_dof_expmap.h:37,
[10.723s]                  from /home/romi/fawad/ORB_SLAM3/include/Converter.h:26,
[10.723s]                  from /home/romi/fawad/ORB_SLAM3/include/Frame.h:33,
[10.723s]                  from /home/romi/fawad/ORB_SLAM3/include/KeyFrame.h:28,
[10.723s]                  from /home/romi/fawad/ORB_SLAM3/include/MapPoint.h:23,
[10.723s]                  from /home/romi/fawad/ORB_SLAM3/include/FrameDrawer.h:24,
[10.723s]                  from /home/romi/fawad/ORB_SLAM3/include/Viewer.h:23,
[10.723s]                  from /home/romi/fawad/ORB_SLAM3/include/Tracking.h:26,
[10.723s]                  from /home/romi/fawad/ORB_SLAM3/include/System.h:31,
[10.723s]                  from /home/romi/fawad/ros2_ws/src/ORB_SLAM3_ROS2/src/rgbd/rgbd-slam-node.hpp:18,
[10.723s]                  from /home/romi/fawad/ros2_ws/src/ORB_SLAM3_ROS2/src/rgbd/rgbd-slam-node.cpp:1:
[10.723s] /home/romi/fawad/ORB_SLAM3/Thirdparty/g2o/g2o/types/../core/base_vertex.h: In instantiation of ‘class g2o::BaseVertex<7, g2o::Sim3>’:
[10.723s] /home/romi/fawad/ORB_SLAM3/Thirdparty/g2o/g2o/types/types_seven_dof_expmap.h:48:35:   required from here
[10.723s] /home/romi/fawad/ORB_SLAM3/Thirdparty/g2o/g2o/types/../core/base_vertex.h:62:72: warning: ‘Eigen::AlignedBit’ is deprecated [-Wdeprecated-declarations]
[10.724s]    62 |     typedef Eigen::Map<Matrix<double, D, D>, Matrix<double,D,D>::Flags & AlignedBit ? Aligned : Unaligned >  HessianBlockType;
[10.724s]       |                                                                  ~~~~~~^~~~~~~~~~~~
[10.724s] In file included from /usr/include/eigen3/Eigen/Core:161,
[10.724s]                  from /usr/include/eigen3/Eigen/LU:11,
[10.724s]                  from /home/romi/fawad/ORB_SLAM3/Thirdparty/Sophus/sophus/so2.hpp:12,
[10.724s]                  from /home/romi/fawad/ORB_SLAM3/Thirdparty/Sophus/sophus/se2.hpp:7,
[10.724s]                  from /home/romi/fawad/ORB_SLAM3/Thirdparty/Sophus/sophus/geometry.hpp:7,
[10.724s]                  from /home/romi/fawad/ORB_SLAM3/include/Frame.h:28,
[10.724s]                  from /home/romi/fawad/ORB_SLAM3/include/KeyFrame.h:28,
[10.724s]                  from /home/romi/fawad/ORB_SLAM3/include/MapPoint.h:23,
[10.724s]                  from /home/romi/fawad/ORB_SLAM3/include/FrameDrawer.h:24,
[10.724s]                  from /home/romi/fawad/ORB_SLAM3/include/Viewer.h:23,
[10.724s]                  from /home/romi/fawad/ORB_SLAM3/include/Tracking.h:26,
[10.725s]                  from /home/romi/fawad/ORB_SLAM3/include/System.h:31,
[10.725s]                  from /home/romi/fawad/ros2_ws/src/ORB_SLAM3_ROS2/src/rgbd/rgbd-slam-node.hpp:18,
[10.725s]                  from /home/romi/fawad/ros2_ws/src/ORB_SLAM3_ROS2/src/rgbd/rgbd-slam-node.cpp:1:
[10.725s] /usr/include/eigen3/Eigen/src/Core/util/Constants.h:167:37: note: declared here
[10.725s]   167 | EIGEN_DEPRECATED const unsigned int AlignedBit = 0x80;
[10.725s]       |                                     ^~~~~~~~~~
[10.782s] In file included from /home/romi/fawad/ORB_SLAM3/Thirdparty/g2o/g2o/types/types_six_dof_expmap.h:38,
[10.782s]                  from /home/romi/fawad/ORB_SLAM3/include/Converter.h:26,
[10.783s]                  from /home/romi/fawad/ORB_SLAM3/include/Frame.h:33,
[10.783s]                  from /home/romi/fawad/ORB_SLAM3/include/KeyFrame.h:28,
[10.783s]                  from /home/romi/fawad/ORB_SLAM3/include/MapPoint.h:23,
[10.783s]                  from /home/romi/fawad/ORB_SLAM3/include/FrameDrawer.h:24,
[10.783s]                  from /home/romi/fawad/ORB_SLAM3/include/Viewer.h:23,
[10.783s]                  from /home/romi/fawad/ORB_SLAM3/include/Tracking.h:26,
[10.783s]                  from /home/romi/fawad/ORB_SLAM3/include/System.h:31,
[10.783s]                  from /home/romi/fawad/ros2_ws/src/ORB_SLAM3_ROS2/src/rgbd/rgbd-slam-node.hpp:18,
[10.783s]                  from /home/romi/fawad/ros2_ws/src/ORB_SLAM3_ROS2/src/rgbd/rgbd-slam-node.cpp:1:
[10.783s] /home/romi/fawad/ORB_SLAM3/Thirdparty/g2o/g2o/types/../core/base_binary_edge.h: In instantiation of ‘class g2o::BaseBinaryEdge<7, g2o::Sim3, g2o::VertexSim3Expmap, g2o::VertexSim3Expmap>’:
[10.783s] /home/romi/fawad/ORB_SLAM3/Thirdparty/g2o/g2o/types/types_seven_dof_expmap.h:99:27:   required from here
[10.783s] /home/romi/fawad/ORB_SLAM3/Thirdparty/g2o/g2o/types/../core/base_binary_edge.h:59:80: warning: ‘Eigen::AlignedBit’ is deprecated [-Wdeprecated-declarations]
[10.784s]    59 |       typedef Eigen::Map<Matrix<double, Di, Dj>, Matrix<double, Di, Dj>::Flags & AlignedBit ? Aligned : Unaligned > HessianBlockType;
[10.784s]       |                                                                          ~~~~~~^~~~~~~~~~~~
[10.784s] In file included from /usr/include/eigen3/Eigen/Core:161,
[10.784s]                  from /usr/include/eigen3/Eigen/LU:11,
[10.784s]                  from /home/romi/fawad/ORB_SLAM3/Thirdparty/Sophus/sophus/so2.hpp:12,
[10.784s]                  from /home/romi/fawad/ORB_SLAM3/Thirdparty/Sophus/sophus/se2.hpp:7,
[10.784s]                  from /home/romi/fawad/ORB_SLAM3/Thirdparty/Sophus/sophus/geometry.hpp:7,
[10.784s]                  from /home/romi/fawad/ORB_SLAM3/include/Frame.h:28,
[10.784s]                  from /home/romi/fawad/ORB_SLAM3/include/KeyFrame.h:28,
[10.784s]                  from /home/romi/fawad/ORB_SLAM3/include/MapPoint.h:23,
[10.784s]                  from /home/romi/fawad/ORB_SLAM3/include/FrameDrawer.h:24,
[10.784s]                  from /home/romi/fawad/ORB_SLAM3/include/Viewer.h:23,
[10.784s]                  from /home/romi/fawad/ORB_SLAM3/include/Tracking.h:26,
[10.785s]                  from /home/romi/fawad/ORB_SLAM3/include/System.h:31,
[10.786s]                  from /home/romi/fawad/ros2_ws/src/ORB_SLAM3_ROS2/src/rgbd/rgbd-slam-node.hpp:18,
[10.786s]                  from /home/romi/fawad/ros2_ws/src/ORB_SLAM3_ROS2/src/rgbd/rgbd-slam-node.cpp:1:
[10.786s] /usr/include/eigen3/Eigen/src/Core/util/Constants.h:167:37: note: declared here
[10.786s]   167 | EIGEN_DEPRECATED const unsigned int AlignedBit = 0x80;
[10.786s]       |                                     ^~~~~~~~~~
[10.787s] In file included from /home/romi/fawad/ORB_SLAM3/Thirdparty/g2o/g2o/types/types_six_dof_expmap.h:38,
[10.787s]                  from /home/romi/fawad/ORB_SLAM3/include/Converter.h:26,
[10.787s]                  from /home/romi/fawad/ORB_SLAM3/include/Frame.h:33,
[10.787s]                  from /home/romi/fawad/ORB_SLAM3/include/KeyFrame.h:28,
[10.787s]                  from /home/romi/fawad/ORB_SLAM3/include/MapPoint.h:23,
[10.787s]                  from /home/romi/fawad/ORB_SLAM3/include/FrameDrawer.h:24,
[10.787s]                  from /home/romi/fawad/ORB_SLAM3/include/Viewer.h:23,
[10.787s]                  from /home/romi/fawad/ORB_SLAM3/include/Tracking.h:26,
[10.787s]                  from /home/romi/fawad/ORB_SLAM3/include/System.h:31,
[10.787s]                  from /home/romi/fawad/ros2_ws/src/ORB_SLAM3_ROS2/src/rgbd/rgbd-slam-node.hpp:18,
[10.787s]                  from /home/romi/fawad/ros2_ws/src/ORB_SLAM3_ROS2/src/rgbd/rgbd-slam-node.cpp:1:
[10.788s] /home/romi/fawad/ORB_SLAM3/Thirdparty/g2o/g2o/types/../core/base_binary_edge.h:60:80: warning: ‘Eigen::AlignedBit’ is deprecated [-Wdeprecated-declarations]
[10.788s]    60 |       typedef Eigen::Map<Matrix<double, Dj, Di>, Matrix<double, Dj, Di>::Flags & AlignedBit ? Aligned : Unaligned > HessianBlockTransposedType;
[10.788s]       |                                                                          ~~~~~~^~~~~~~~~~~~
[10.788s] In file included from /usr/include/eigen3/Eigen/Core:161,
[10.788s]                  from /usr/include/eigen3/Eigen/LU:11,
[10.788s]                  from /home/romi/fawad/ORB_SLAM3/Thirdparty/Sophus/sophus/so2.hpp:12,
[10.788s]                  from /home/romi/fawad/ORB_SLAM3/Thirdparty/Sophus/sophus/se2.hpp:7,
[10.788s]                  from /home/romi/fawad/ORB_SLAM3/Thirdparty/Sophus/sophus/geometry.hpp:7,
[10.788s]                  from /home/romi/fawad/ORB_SLAM3/include/Frame.h:28,
[10.788s]                  from /home/romi/fawad/ORB_SLAM3/include/KeyFrame.h:28,
[10.788s]                  from /home/romi/fawad/ORB_SLAM3/include/MapPoint.h:23,
[10.788s]                  from /home/romi/fawad/ORB_SLAM3/include/FrameDrawer.h:24,
[10.789s]                  from /home/romi/fawad/ORB_SLAM3/include/Viewer.h:23,
[10.789s]                  from /home/romi/fawad/ORB_SLAM3/include/Tracking.h:26,
[10.789s]                  from /home/romi/fawad/ORB_SLAM3/include/System.h:31,
[10.789s]                  from /home/romi/fawad/ros2_ws/src/ORB_SLAM3_ROS2/src/rgbd/rgbd-slam-node.hpp:18,
[10.789s]                  from /home/romi/fawad/ros2_ws/src/ORB_SLAM3_ROS2/src/rgbd/rgbd-slam-node.cpp:1:
[10.789s] /usr/include/eigen3/Eigen/src/Core/util/Constants.h:167:37: note: declared here
[10.789s]   167 | EIGEN_DEPRECATED const unsigned int AlignedBit = 0x80;
[10.789s]       |                                     ^~~~~~~~~~
[10.858s] In file included from /home/romi/fawad/ORB_SLAM3/include/Atlas.h:26,
[10.858s]                  from /home/romi/fawad/ORB_SLAM3/include/FrameDrawer.h:25,
[10.858s]                  from /home/romi/fawad/ORB_SLAM3/include/Viewer.h:23,
[10.858s]                  from /home/romi/fawad/ORB_SLAM3/include/Tracking.h:26,
[10.858s]                  from /home/romi/fawad/ORB_SLAM3/include/System.h:31,
[10.858s]                  from /home/romi/fawad/ros2_ws/src/ORB_SLAM3_ROS2/src/stereo-inertial/stereo-inertial-node.hpp:10,
[10.858s]                  from /home/romi/fawad/ros2_ws/src/ORB_SLAM3_ROS2/src/stereo-inertial/stereo-inertial-node.cpp:1:
[10.858s] /home/romi/fawad/ORB_SLAM3/include/CameraModels/Pinhole.h: In member function ‘virtual bool ORB_SLAM3::Pinhole::matchAndtriangulate(const cv::KeyPoint&, const cv::KeyPoint&, ORB_SLAM3::GeometricCamera*, Sophus::SE3f&, Sophus::SE3f&, float, float, Eigen::Vector3f&)’:
[10.858s] /home/romi/fawad/ORB_SLAM3/include/CameraModels/Pinhole.h:83:54: warning: unused parameter ‘kp1’ [-Wunused-parameter]
[10.859s]    83 |         bool matchAndtriangulate(const cv::KeyPoint& kp1, const cv::KeyPoint& kp2, GeometricCamera* pOther,
[10.859s]       |                                  ~~~~~~~~~~~~~~~~~~~~^~~
[10.859s] /home/romi/fawad/ORB_SLAM3/include/CameraModels/Pinhole.h:83:79: warning: unused parameter ‘kp2’ [-Wunused-parameter]
[10.859s]    83 |         bool matchAndtriangulate(const cv::KeyPoint& kp1, const cv::KeyPoint& kp2, GeometricCamera* pOther,
[10.859s]       |                                                           ~~~~~~~~~~~~~~~~~~~~^~~
[10.859s] /home/romi/fawad/ORB_SLAM3/include/CameraModels/Pinhole.h:83:101: warning: unused parameter ‘pOther’ [-Wunused-parameter]
[10.859s]    83 |         bool matchAndtriangulate(const cv::KeyPoint& kp1, const cv::KeyPoint& kp2, GeometricCamera* pOther,
[10.859s]       |                                                                                    ~~~~~~~~~~~~~~~~~^~~~~~
[10.859s] /home/romi/fawad/ORB_SLAM3/include/CameraModels/Pinhole.h:84:48: warning: unused parameter ‘Tcw1’ [-Wunused-parameter]
[10.860s]    84 |                                  Sophus::SE3f& Tcw1, Sophus::SE3f& Tcw2,
[10.860s]       |                                  ~~~~~~~~~~~~~~^~~~
[10.860s] /home/romi/fawad/ORB_SLAM3/include/CameraModels/Pinhole.h:84:68: warning: unused parameter ‘Tcw2’ [-Wunused-parameter]
[10.860s]    84 |                                  Sophus::SE3f& Tcw1, Sophus::SE3f& Tcw2,
[10.860s]       |                                                      ~~~~~~~~~~~~~~^~~~
[10.860s] /home/romi/fawad/ORB_SLAM3/include/CameraModels/Pinhole.h:85:46: warning: unused parameter ‘sigmaLevel1’ [-Wunused-parameter]
[10.860s]    85 |                                  const float sigmaLevel1, const float sigmaLevel2,
[10.861s]       |                                  ~~~~~~~~~~~~^~~~~~~~~~~
[10.861s] /home/romi/fawad/ORB_SLAM3/include/CameraModels/Pinhole.h:85:71: warning: unused parameter ‘sigmaLevel2’ [-Wunused-parameter]
[10.861s]    85 |                                  const float sigmaLevel1, const float sigmaLevel2,
[10.861s]       |                                                           ~~~~~~~~~~~~^~~~~~~~~~~
[10.861s] /home/romi/fawad/ORB_SLAM3/include/CameraModels/Pinhole.h:86:51: warning: unused parameter ‘x3Dtriangulated’ [-Wunused-parameter]
[10.861s]    86 |                                  Eigen::Vector3f& x3Dtriangulated) { return false;}
[10.861s]       |                                  ~~~~~~~~~~~~~~~~~^~~~~~~~~~~~~~~
[10.861s] In file included from /home/romi/fawad/ORB_SLAM3/include/Atlas.h:27,
[10.861s]                  from /home/romi/fawad/ORB_SLAM3/include/FrameDrawer.h:25,
[10.861s]                  from /home/romi/fawad/ORB_SLAM3/include/Viewer.h:23,
[10.862s]                  from /home/romi/fawad/ORB_SLAM3/include/Tracking.h:26,
[10.862s]                  from /home/romi/fawad/ORB_SLAM3/include/System.h:31,
[10.862s]                  from /home/romi/fawad/ros2_ws/src/ORB_SLAM3_ROS2/src/stereo-inertial/stereo-inertial-node.hpp:10,
[10.862s]                  from /home/romi/fawad/ros2_ws/src/ORB_SLAM3_ROS2/src/stereo-inertial/stereo-inertial-node.cpp:1:
[10.862s] /home/romi/fawad/ORB_SLAM3/include/CameraModels/KannalaBrandt8.h: In constructor ‘ORB_SLAM3::KannalaBrandt8::KannalaBrandt8(std::vector<float>)’:
[10.862s] /home/romi/fawad/ORB_SLAM3/include/CameraModels/KannalaBrandt8.h:102:21: warning: ‘ORB_SLAM3::KannalaBrandt8::precision’ will be initialized after [-Wreorder]
[10.862s]   102 |         const float precision;
[10.862s]       |                     ^~~~~~~~~
[10.862s] /home/romi/fawad/ORB_SLAM3/include/CameraModels/KannalaBrandt8.h:88:26: warning:   ‘std::vector<int> ORB_SLAM3::KannalaBrandt8::mvLappingArea’ [-Wreorder]
[10.862s]    88 |         std::vector<int> mvLappingArea;
[10.862s]       |                          ^~~~~~~~~~~~~
[10.862s] In file included from /home/romi/fawad/ORB_SLAM3/include/Atlas.h:27,
[10.863s]                  from /home/romi/fawad/ORB_SLAM3/include/FrameDrawer.h:25,
[10.863s]                  from /home/romi/fawad/ORB_SLAM3/include/Viewer.h:23,
[10.863s]                  from /home/romi/fawad/ORB_SLAM3/include/Tracking.h:26,
[10.863s]                  from /home/romi/fawad/ORB_SLAM3/include/System.h:31,
[10.863s]                  from /home/romi/fawad/ros2_ws/src/ORB_SLAM3_ROS2/src/stereo-inertial/stereo-inertial-node.hpp:10,
[10.863s]                  from /home/romi/fawad/ros2_ws/src/ORB_SLAM3_ROS2/src/stereo-inertial/stereo-inertial-node.cpp:1:
[10.863s] /home/romi/fawad/ORB_SLAM3/include/CameraModels/KannalaBrandt8.h:47:9: warning:   when initialized here [-Wreorder]
[10.863s]    47 |         KannalaBrandt8(const std::vector<float> _vParameters) : GeometricCamera(_vParameters), precision(1e-6), mvLappingArea(2,0) ,tvr(nullptr) {
[10.863s]       |         ^~~~~~~~~~~~~~
[10.863s] In file included from /home/romi/fawad/ORB_SLAM3/include/Atlas.h:27,
[10.863s]                  from /home/romi/fawad/ORB_SLAM3/include/FrameDrawer.h:25,
[10.863s]                  from /home/romi/fawad/ORB_SLAM3/include/Viewer.h:23,
[10.863s]                  from /home/romi/fawad/ORB_SLAM3/include/Tracking.h:26,
[10.864s]                  from /home/romi/fawad/ORB_SLAM3/include/System.h:31,
[10.864s]                  from /home/romi/fawad/ros2_ws/src/ORB_SLAM3_ROS2/src/stereo-inertial/stereo-inertial-node.hpp:10,
[10.864s]                  from /home/romi/fawad/ros2_ws/src/ORB_SLAM3_ROS2/src/stereo-inertial/stereo-inertial-node.cpp:1:
[10.864s] /home/romi/fawad/ORB_SLAM3/include/CameraModels/KannalaBrandt8.h: In constructor ‘ORB_SLAM3::KannalaBrandt8::KannalaBrandt8(std::vector<float>, float)’:
[10.864s] /home/romi/fawad/ORB_SLAM3/include/CameraModels/KannalaBrandt8.h:102:21: warning: ‘ORB_SLAM3::KannalaBrandt8::precision’ will be initialized after [-Wreorder]
[10.864s]   102 |         const float precision;
[10.865s]       |                     ^~~~~~~~~
[10.865s] /home/romi/fawad/ORB_SLAM3/include/CameraModels/KannalaBrandt8.h:88:26: warning:   ‘std::vector<int> ORB_SLAM3::KannalaBrandt8::mvLappingArea’ [-Wreorder]
[10.865s]    88 |         std::vector<int> mvLappingArea;
[10.865s]       |                          ^~~~~~~~~~~~~
[10.865s] /home/romi/fawad/ORB_SLAM3/include/CameraModels/KannalaBrandt8.h:53:9: warning:   when initialized here [-Wreorder]
[10.865s]    53 |         KannalaBrandt8(const std::vector<float> _vParameters, const float _precision) : GeometricCamera(_vParameters),
[10.865s]       |         ^~~~~~~~~~~~~~
[10.866s] In file included from /home/romi/fawad/ORB_SLAM3/Thirdparty/g2o/g2o/types/types_six_dof_expmap.h:38,
[10.866s]                  from /home/romi/fawad/ORB_SLAM3/include/Converter.h:26,
[10.866s]                  from /home/romi/fawad/ORB_SLAM3/include/Frame.h:33,
[10.866s]                  from /home/romi/fawad/ORB_SLAM3/include/KeyFrame.h:28,
[10.866s]                  from /home/romi/fawad/ORB_SLAM3/include/MapPoint.h:23,
[10.866s]                  from /home/romi/fawad/ORB_SLAM3/include/FrameDrawer.h:24,
[10.866s]                  from /home/romi/fawad/ORB_SLAM3/include/Viewer.h:23,
[10.866s]                  from /home/romi/fawad/ORB_SLAM3/include/Tracking.h:26,
[10.866s]                  from /home/romi/fawad/ORB_SLAM3/include/System.h:31,
[10.866s]                  from /home/romi/fawad/ros2_ws/src/ORB_SLAM3_ROS2/src/rgbd/rgbd-slam-node.hpp:18,
[10.866s]                  from /home/romi/fawad/ros2_ws/src/ORB_SLAM3_ROS2/src/rgbd/rgbd-slam-node.cpp:1:
[10.866s] /home/romi/fawad/ORB_SLAM3/Thirdparty/g2o/g2o/types/../core/base_binary_edge.h: In instantiation of ‘class g2o::BaseBinaryEdge<2, Eigen::Matrix<double, 2, 1>, g2o::VertexSBAPointXYZ, g2o::VertexSim3Expmap>’:
[10.866s] /home/romi/fawad/ORB_SLAM3/Thirdparty/g2o/g2o/types/types_seven_dof_expmap.h:130:36:   required from here
[10.867s] /home/romi/fawad/ORB_SLAM3/Thirdparty/g2o/g2o/types/../core/base_binary_edge.h:59:80: warning: ‘Eigen::AlignedBit’ is deprecated [-Wdeprecated-declarations]
[10.867s]    59 |       typedef Eigen::Map<Matrix<double, Di, Dj>, Matrix<double, Di, Dj>::Flags & AlignedBit ? Aligned : Unaligned > HessianBlockType;
[10.867s]       |                                                                          ~~~~~~^~~~~~~~~~~~
[10.867s] In file included from /usr/include/eigen3/Eigen/Core:161,
[10.868s]                  from /usr/include/eigen3/Eigen/LU:11,
[10.868s]                  from /home/romi/fawad/ORB_SLAM3/Thirdparty/Sophus/sophus/so2.hpp:12,
[10.868s]                  from /home/romi/fawad/ORB_SLAM3/Thirdparty/Sophus/sophus/se2.hpp:7,
[10.868s]                  from /home/romi/fawad/ORB_SLAM3/Thirdparty/Sophus/sophus/geometry.hpp:7,
[10.868s]                  from /home/romi/fawad/ORB_SLAM3/include/Frame.h:28,
[10.868s]                  from /home/romi/fawad/ORB_SLAM3/include/KeyFrame.h:28,
[10.868s]                  from /home/romi/fawad/ORB_SLAM3/include/MapPoint.h:23,
[10.868s]                  from /home/romi/fawad/ORB_SLAM3/include/FrameDrawer.h:24,
[10.868s]                  from /home/romi/fawad/ORB_SLAM3/include/Viewer.h:23,
[10.869s]                  from /home/romi/fawad/ORB_SLAM3/include/Tracking.h:26,
[10.869s]                  from /home/romi/fawad/ORB_SLAM3/include/System.h:31,
[10.869s]                  from /home/romi/fawad/ros2_ws/src/ORB_SLAM3_ROS2/src/rgbd/rgbd-slam-node.hpp:18,
[10.869s]                  from /home/romi/fawad/ros2_ws/src/ORB_SLAM3_ROS2/src/rgbd/rgbd-slam-node.cpp:1:
[10.869s] /usr/include/eigen3/Eigen/src/Core/util/Constants.h:167:37: note: declared here
[10.869s]   167 | EIGEN_DEPRECATED const unsigned int AlignedBit = 0x80;
[10.869s]       |                                     ^~~~~~~~~~
[10.869s] /home/romi/fawad/ORB_SLAM3/include/CameraModels/KannalaBrandt8.h: In constructor ‘ORB_SLAM3::KannalaBrandt8::KannalaBrandt8(ORB_SLAM3::KannalaBrandt8*)’:
[10.869s] /home/romi/fawad/ORB_SLAM3/include/CameraModels/KannalaBrandt8.h:102:21: warning: ‘ORB_SLAM3::KannalaBrandt8::precision’ will be initialized after [-Wreorder]
[10.869s]   102 |         const float precision;
[10.869s]       |                     ^~~~~~~~~
[10.869s] /home/romi/fawad/ORB_SLAM3/include/CameraModels/KannalaBrandt8.h:88:26: warning:   ‘std::vector<int> ORB_SLAM3::KannalaBrandt8::mvLappingArea’ [-Wreorder]
[10.870s]    88 |         std::vector<int> mvLappingArea;
[10.870s]       |                          ^~~~~~~~~~~~~
[10.870s] /home/romi/fawad/ORB_SLAM3/include/CameraModels/KannalaBrandt8.h:59:9: warning:   when initialized here [-Wreorder]
[10.870s]    59 |         KannalaBrandt8(KannalaBrandt8* pKannala) : GeometricCamera(pKannala->mvParameters), precision(pKannala->precision), mvLappingArea(2,0) ,tvr(nullptr) {
[10.870s]       |         ^~~~~~~~~~~~~~
[10.889s] In file included from /home/romi/fawad/ORB_SLAM3/Thirdparty/g2o/g2o/types/types_six_dof_expmap.h:38,
[10.889s]                  from /home/romi/fawad/ORB_SLAM3/include/Converter.h:26,
[10.889s]                  from /home/romi/fawad/ORB_SLAM3/include/Frame.h:33,
[10.889s]                  from /home/romi/fawad/ORB_SLAM3/include/KeyFrame.h:28,
[10.889s]                  from /home/romi/fawad/ORB_SLAM3/include/MapPoint.h:23,
[10.889s]                  from /home/romi/fawad/ORB_SLAM3/include/FrameDrawer.h:24,
[10.889s]                  from /home/romi/fawad/ORB_SLAM3/include/Viewer.h:23,
[10.889s]                  from /home/romi/fawad/ORB_SLAM3/include/Tracking.h:26,
[10.889s]                  from /home/romi/fawad/ORB_SLAM3/include/System.h:31,
[10.889s]                  from /home/romi/fawad/ros2_ws/src/ORB_SLAM3_ROS2/src/rgbd/rgbd-slam-node.hpp:18,
[10.889s]                  from /home/romi/fawad/ros2_ws/src/ORB_SLAM3_ROS2/src/rgbd/rgbd-slam-node.cpp:1:
[10.889s] /home/romi/fawad/ORB_SLAM3/Thirdparty/g2o/g2o/types/../core/base_binary_edge.h:60:80: warning: ‘Eigen::AlignedBit’ is deprecated [-Wdeprecated-declarations]
[10.890s]    60 |       typedef Eigen::Map<Matrix<double, Dj, Di>, Matrix<double, Dj, Di>::Flags & AlignedBit ? Aligned : Unaligned > HessianBlockTransposedType;
[10.890s]       |                                                                          ~~~~~~^~~~~~~~~~~~
[10.890s] In file included from /usr/include/eigen3/Eigen/Core:161,
[10.890s]                  from /usr/include/eigen3/Eigen/LU:11,
[10.890s]                  from /home/romi/fawad/ORB_SLAM3/Thirdparty/Sophus/sophus/so2.hpp:12,
[10.890s]                  from /home/romi/fawad/ORB_SLAM3/Thirdparty/Sophus/sophus/se2.hpp:7,
[10.890s]                  from /home/romi/fawad/ORB_SLAM3/Thirdparty/Sophus/sophus/geometry.hpp:7,
[10.890s]                  from /home/romi/fawad/ORB_SLAM3/include/Frame.h:28,
[10.890s]                  from /home/romi/fawad/ORB_SLAM3/include/KeyFrame.h:28,
[10.890s]                  from /home/romi/fawad/ORB_SLAM3/include/MapPoint.h:23,
[10.890s]                  from /home/romi/fawad/ORB_SLAM3/include/FrameDrawer.h:24,
[10.890s]                  from /home/romi/fawad/ORB_SLAM3/include/Viewer.h:23,
[10.890s]                  from /home/romi/fawad/ORB_SLAM3/include/Tracking.h:26,
[10.891s]                  from /home/romi/fawad/ORB_SLAM3/include/System.h:31,
[10.891s]                  from /home/romi/fawad/ros2_ws/src/ORB_SLAM3_ROS2/src/rgbd/rgbd-slam-node.hpp:18,
[10.891s]                  from /home/romi/fawad/ros2_ws/src/ORB_SLAM3_ROS2/src/rgbd/rgbd-slam-node.cpp:1:
[10.891s] /usr/include/eigen3/Eigen/src/Core/util/Constants.h:167:37: note: declared here
[10.891s]   167 | EIGEN_DEPRECATED const unsigned int AlignedBit = 0x80;
[10.891s]       |                                     ^~~~~~~~~~
[11.024s] In file included from /home/romi/fawad/ORB_SLAM3/include/Atlas.h:26,
[11.024s]                  from /home/romi/fawad/ORB_SLAM3/include/FrameDrawer.h:25,
[11.024s]                  from /home/romi/fawad/ORB_SLAM3/include/Viewer.h:23,
[11.024s]                  from /home/romi/fawad/ORB_SLAM3/include/Tracking.h:26,
[11.024s]                  from /home/romi/fawad/ORB_SLAM3/include/System.h:31,
[11.025s]                  from /home/romi/fawad/ros2_ws/src/ORB_SLAM3_ROS2/src/monocular/monocular-slam-node.hpp:9,
[11.025s]                  from /home/romi/fawad/ros2_ws/src/ORB_SLAM3_ROS2/src/monocular/mono.cpp:7:
[11.025s] /home/romi/fawad/ORB_SLAM3/include/CameraModels/Pinhole.h: In member function ‘virtual bool ORB_SLAM3::Pinhole::matchAndtriangulate(const cv::KeyPoint&, const cv::KeyPoint&, ORB_SLAM3::GeometricCamera*, Sophus::SE3f&, Sophus::SE3f&, float, float, Eigen::Vector3f&)’:
[11.025s] /home/romi/fawad/ORB_SLAM3/include/CameraModels/Pinhole.h:83:54: warning: unused parameter ‘kp1’ [-Wunused-parameter]
[11.025s]    83 |         bool matchAndtriangulate(const cv::KeyPoint& kp1, const cv::KeyPoint& kp2, GeometricCamera* pOther,
[11.025s]       |                                  ~~~~~~~~~~~~~~~~~~~~^~~
[11.025s] /home/romi/fawad/ORB_SLAM3/include/CameraModels/Pinhole.h:83:79: warning: unused parameter ‘kp2’ [-Wunused-parameter]
[11.025s]    83 | Andtriangulate(const cv::KeyPoint& kp1, const cv::KeyPoint& kp2, GeometricCamera* pOther,
[11.026s]       |                                         ~~~~~~~~~~~~~~~~~~~~^~~
[11.026s] 
[11.026s] /home/romi/fawad/ORB_SLAM3/include/CameraModels/Pinhole.h:83:101: warning: unused parameter ‘pOther’ [-Wunused-parameter]
[11.026s]    83 | st cv::KeyPoint& kp1, const cv::KeyPoint& kp2, GeometricCamera* pOther,
[11.026s]       |                                                ~~~~~~~~~~~~~~~~~^~~~~~
[11.026s] 
[11.026s] /home/romi/fawad/ORB_SLAM3/include/CameraModels/Pinhole.h:84:48: warning: unused parameter ‘Tcw1’ [-Wunused-parameter]
[11.026s]    84 |                                  Sophus::SE3f& Tcw1, Sophus::SE3f& Tcw2,
[11.026s]       |                                  ~~~~~~~~~~~~~~^~~~
[11.026s] /home/romi/fawad/ORB_SLAM3/include/CameraModels/Pinhole.h:84:68: warning: unused parameter ‘Tcw2’ [-Wunused-parameter]
[11.027s]    84 |                                 Sophus::SE3f& Tcw1, Sophus::SE3f& Tcw2,
[11.027s]       |                                                     ~~~~~~~~~~~~~~^~~~
[11.027s] 
[11.027s] /home/romi/fawad/ORB_SLAM3/include/CameraModels/Pinhole.h:85:46: warning: unused parameter ‘sigmaLevel1’ [-Wunused-parameter]
[11.027s]    85 |                                  const float sigmaLevel1, const float sigmaLevel2,
[11.027s]       |                                  ~~~~~~~~~~~~^~~~~~~~~~~
[11.027s] /home/romi/fawad/ORB_SLAM3/include/CameraModels/Pinhole.h:85:71: warning: unused parameter ‘sigmaLevel2’ [-Wunused-parameter]
[11.027s]    85 |                        const float sigmaLevel1, const float sigmaLevel2,
[11.027s]       |                                                 ~~~~~~~~~~~~^~~~~~~~~~~
[11.027s] 
[11.027s] /home/romi/fawad/ORB_SLAM3/include/CameraModels/Pinhole.h:86:51: warning: unused parameter ‘x3Dtriangulated’ [-Wunused-parameter]
[11.027s]    86 |                                  Eigen::Vector3f& x3Dtriangulated) { return false;}
[11.027s]       |                                  ~~~~~~~~~~~~~~~~~^~~~~~~~~~~~~~~
[11.028s] In file included from /home/romi/fawad/ORB_SLAM3/include/Atlas.h:27,
[11.028s]                  from /home/romi/fawad/ORB_SLAM3/include/FrameDrawer.h:25,
[11.028s]                  from /home/romi/fawad/ORB_SLAM3/include/Viewer.h:23,
[11.028s]                  from /home/romi/fawad/ORB_SLAM3/include/Tracking.h:26,
[11.028s]                  from /home/romi/fawad/ORB_SLAM3/include/System.h:31,
[11.028s]                  from /home/romi/fawad/ros2_ws/src/ORB_SLAM3_ROS2/src/monocular/monocular-slam-node.hpp:9,
[11.028s]                  from /home/romi/fawad/ros2_ws/src/ORB_SLAM3_ROS2/src/monocular/mono.cpp:7:
[11.028s] /home/romi/fawad/ORB_SLAM3/include/CameraModels/KannalaBrandt8.h: In constructor ‘ORB_SLAM3::KannalaBrandt8::KannalaBrandt8(std::vector<float>)’:
[11.028s] /home/romi/fawad/ORB_SLAM3/include/CameraModels/KannalaBrandt8.h:102:21: warning: ‘ORB_SLAM3::KannalaBrandt8::precision’ will be initialized after [-Wreorder]
[11.028s]   102 |         const float precision;
[11.028s]       |                     ^~~~~~~~~
[11.028s] /home/romi/fawad/ORB_SLAM3/include/CameraModels/KannalaBrandt8.h:88:26: warning:   ‘std::vector<int> ORB_SLAM3::KannalaBrandt8::mvLappingArea’ [-Wreorder]
[11.028s]    88 |         std::vector<int> mvLappingArea;
[11.029s]       |                          ^~~~~~~~~~~~~
[11.029s] In file included from /home/romi/fawad/ORB_SLAM3/include/Atlas.h:27,
[11.029s]                  from /home/romi/fawad/ORB_SLAM3/include/FrameDrawer.h:25,
[11.029s]                  from /home/romi/fawad/ORB_SLAM3/include/Viewer.h:23,
[11.029s]                  from /home/romi/fawad/ORB_SLAM3/include/Tracking.h:26,
[11.029s]                  from /home/romi/fawad/ORB_SLAM3/include/System.h:31,
[11.029s]                  from /home/romi/fawad/ros2_ws/src/ORB_SLAM3_ROS2/src/monocular/monocular-slam-node.hpp:9,
[11.029s]                  from /home/romi/fawad/ros2_ws/src/ORB_SLAM3_ROS2/src/monocular/mono.cpp:7:
[11.029s] /home/romi/fawad/ORB_SLAM3/include/CameraModels/KannalaBrandt8.h:47:9: warning:   when initialized here [-Wreorder]
[11.029s]    47 |         KannalaBrandt8(const std::vector<float> _vParameters) : GeometricCamera(_vParameters), precision(1e-6), mvLappingArea(2,0) ,tvr(nullptr) {
[11.029s]       |         ^~~~~~~~~~~~~~
[11.029s] In file included from /home/romi/fawad/ORB_SLAM3/include/Atlas.h:27,
[11.029s]                  from /home/romi/fawad/ORB_SLAM3/include/FrameDrawer.h:25,
[11.030s]                  from /home/romi/fawad/ORB_SLAM3/include/Viewer.h:23,
[11.030s]                  from /home/romi/fawad/ORB_SLAM3/include/Tracking.h:26,
[11.030s]                  from /home/romi/fawad/ORB_SLAM3/include/System.h:31,
[11.030s]                  from /home/romi/fawad/ros2_ws/src/ORB_SLAM3_ROS2/src/monocular/monocular-slam-node.hpp:9,
[11.030s]                  from /home/romi/fawad/ros2_ws/src/ORB_SLAM3_ROS2/src/monocular/mono.cpp:7:
[11.030s] /home/romi/fawad/ORB_SLAM3/include/CameraModels/KannalaBrandt8.h: In constructor ‘ORB_SLAM3::KannalaBrandt8::KannalaBrandt8(std::vector<float>, float)’:
[11.030s] /home/romi/fawad/ORB_SLAM3/include/CameraModels/KannalaBrandt8.h:102:21: warning: ‘ORB_SLAM3::KannalaBrandt8::precision’ will be initialized after [-Wreorder]
[11.030s]   102 |         const float precision;
[11.030s]       |                     ^~~~~~~~~
[11.030s] /home/romi/fawad/ORB_SLAM3/include/CameraModels/KannalaBrandt8.h:88:26: warning:   ‘std::vector<int> ORB_SLAM3::KannalaBrandt8::mvLappingArea’ [-Wreorder]
[11.030s]    88 |         std::vector<int> mvLappingArea;
[11.030s]       |                          ^~~~~~~~~~~~~
[11.030s] /home/romi/fawad/ORB_SLAM3/include/CameraModels/KannalaBrandt8.h:53:9: warning:   when initialized here [-Wreorder]
[11.031s]    53 |         KannalaBrandt8(const std::vector<float> _vParameters, const float _precision) : GeometricCamera(_vParameters),
[11.031s]       |         ^~~~~~~~~~~~~~
[11.031s] /home/romi/fawad/ORB_SLAM3/include/CameraModels/KannalaBrandt8.h: In constructor ‘ORB_SLAM3::KannalaBrandt8::KannalaBrandt8(ORB_SLAM3::KannalaBrandt8*)’:
[11.031s] /home/romi/fawad/ORB_SLAM3/include/CameraModels/KannalaBrandt8.h:102:21: warning: ‘ORB_SLAM3::KannalaBrandt8::precision’ will be initialized after [-Wreorder]
[11.031s]   102 |         const float precision;
[11.031s]       |                     ^~~~~~~~~
[11.031s] /home/romi/fawad/ORB_SLAM3/include/CameraModels/KannalaBrandt8.h:88:26: warning:   ‘std::vector<int> ORB_SLAM3::KannalaBrandt8::mvLappingArea’ [-Wreorder]
[11.031s]    88 |         std::vector<int> mvLappingArea;
[11.031s]       |                          ^~~~~~~~~~~~~
[11.031s] /home/romi/fawad/ORB_SLAM3/include/CameraModels/KannalaBrandt8.h:59:9: warning:   when initialized here [-Wreorder]
[11.031s]    59 |         KannalaBrandt8(KannalaBrandt8* pKannala) : GeometricCamera(pKannala->mvParameters), precision(pKannala->precision), mvLappingArea(2,0) ,tvr(nullptr) {
[11.031s]       |         ^~~~~~~~~~~~~~
[11.381s] In file included from /home/romi/fawad/ORB_SLAM3/include/Atlas.h:26,
[11.381s]                  from /home/romi/fawad/ORB_SLAM3/include/FrameDrawer.h:25,
[11.381s]                  from /home/romi/fawad/ORB_SLAM3/include/Viewer.h:23,
[11.381s]                  from /home/romi/fawad/ORB_SLAM3/include/Tracking.h:26,
[11.381s]                  from /home/romi/fawad/ORB_SLAM3/include/System.h:31,
[11.381s]                  from /home/romi/fawad/ros2_ws/src/ORB_SLAM3_ROS2/src/rgbd/rgbd-slam-node.hpp:18,
[11.381s]                  from /home/romi/fawad/ros2_ws/src/ORB_SLAM3_ROS2/src/rgbd/rgbd.cpp:7:
[11.381s] /home/romi/fawad/ORB_SLAM3/include/CameraModels/Pinhole.h: In member function ‘virtual bool ORB_SLAM3::Pinhole::matchAndtriangulate(const cv::KeyPoint&, const cv::KeyPoint&, ORB_SLAM3::GeometricCamera*, Sophus::SE3f&, Sophus::SE3f&, float, float, Eigen::Vector3f&)’:
[11.382s] /home/romi/fawad/ORB_SLAM3/include/CameraModels/Pinhole.h:83:54: warning: unused parameter ‘kp1’ [-Wunused-parameter]
[11.382s]    83 |         bool matchAndtriangulate(const cv::KeyPoint& kp1, const cv::KeyPoint& kp2, GeometricCamera* pOther,
[11.382s]       |                                  ~~~~~~~~~~~~~~~~~~~~^~~
[11.384s] /home/romi/fawad/ORB_SLAM3/include/CameraModels/Pinhole.h:83:79: warning: unused parameter ‘kp2’ [-Wunused-parameter]
[11.385s]    83 |         bool matchAndtriangulate(const cv::KeyPoint& kp1, const cv::KeyPoint& kp2, GeometricCamera* pOther,
[11.385s]       |                                                           ~~~~~~~~~~~~~~~~~~~~^~~
[11.385s] /home/romi/fawad/ORB_SLAM3/include/CameraModels/Pinhole.h:83:101: warning: unused parameter ‘pOther’ [-Wunused-parameter]
[11.385s]    83 |         bool matchAndtriangulate(const cv::KeyPoint& kp1, const cv::KeyPoint& kp2, GeometricCamera* pOther,
[11.385s]       |                                                                                    ~~~~~~~~~~~~~~~~~^~~~~~
[11.385s] /home/romi/fawad/ORB_SLAM3/include/CameraModels/Pinhole.h:84:48: warning: unused parameter ‘Tcw1’ [-Wunused-parameter]
[11.385s]    84 |                                  Sophus::SE3f& Tcw1, Sophus::SE3f& Tcw2,
[11.385s]       |                                  ~~~~~~~~~~~~~~^~~~
[11.385s] /home/romi/fawad/ORB_SLAM3/include/CameraModels/Pinhole.h:84:68: warning: unused parameter ‘Tcw2’ [-Wunused-parameter]
[11.385s]    84 |                                  Sophus::SE3f& Tcw1, Sophus::SE3f& Tcw2,
[11.385s]       |                                                      ~~~~~~~~~~~~~~^~~~
[11.385s] /home/romi/fawad/ORB_SLAM3/include/CameraModels/Pinhole.h:85:46: warning: unused parameter ‘sigmaLevel1’ [-Wunused-parameter]
[11.386s]    85 |                                  const float sigmaLevel1, const float sigmaLevel2,
[11.386s]       |                                  ~~~~~~~~~~~~^~~~~~~~~~~
[11.386s] /home/romi/fawad/ORB_SLAM3/include/CameraModels/Pinhole.h:85:71: warning: unused parameter ‘sigmaLevel2’ [-Wunused-parameter]
[11.386s]    85 |                                  const float sigmaLevel1, const float sigmaLevel2,
[11.386s]       |                                                           ~~~~~~~~~~~~^~~~~~~~~~~
[11.386s] /home/romi/fawad/ORB_SLAM3/include/CameraModels/Pinhole.h:86:51: warning: unused parameter ‘x3Dtriangulated’ [-Wunused-parameter]
[11.386s]    86 |                                  Eigen::Vector3f& x3Dtriangulated) { return false;}
[11.386s]       |                                  ~~~~~~~~~~~~~~~~~^~~~~~~~~~~~~~~
[11.386s] In file included from /home/romi/fawad/ORB_SLAM3/include/Atlas.h:27,
[11.386s]                  from /home/romi/fawad/ORB_SLAM3/include/FrameDrawer.h:25,
[11.386s]                  from /home/romi/fawad/ORB_SLAM3/include/Viewer.h:23,
[11.386s]                  from /home/romi/fawad/ORB_SLAM3/include/Tracking.h:26,
[11.386s]                  from /home/romi/fawad/ORB_SLAM3/include/System.h:31,
[11.387s]                  from /home/romi/fawad/ros2_ws/src/ORB_SLAM3_ROS2/src/rgbd/rgbd-slam-node.hpp:18,
[11.387s]                  from /home/romi/fawad/ros2_ws/src/ORB_SLAM3_ROS2/src/rgbd/rgbd.cpp:7:
[11.387s] /home/romi/fawad/ORB_SLAM3/include/CameraModels/KannalaBrandt8.h: In constructor ‘ORB_SLAM3::KannalaBrandt8::KannalaBrandt8(std::vector<float>)’:
[11.387s] /home/romi/fawad/ORB_SLAM3/include/CameraModels/KannalaBrandt8.h:102:21: warning: ‘ORB_SLAM3::KannalaBrandt8::precision’ will be initialized after [-Wreorder]
[11.387s]   102 |         const float precision;
[11.387s]       |                     ^~~~~~~~~
[11.387s] /home/romi/fawad/ORB_SLAM3/include/CameraModels/KannalaBrandt8.h:88:26: warning:   ‘std::vector<int> ORB_SLAM3::KannalaBrandt8::mvLappingArea’ [-Wreorder]
[11.387s]    88 |         std::vector<int> mvLappingArea;
[11.387s]       |                          ^~~~~~~~~~~~~
[11.387s] In file included from /home/romi/fawad/ORB_SLAM3/include/Atlas.h:27,
[11.387s]                  from /home/romi/fawad/ORB_SLAM3/include/FrameDrawer.h:25,
[11.388s]                  from /home/romi/fawad/ORB_SLAM3/include/Viewer.h:23,
[11.388s]                  from /home/romi/fawad/ORB_SLAM3/include/Tracking.h:26,
[11.388s]                  from /home/romi/fawad/ORB_SLAM3/include/System.h:31,
[11.388s]                  from /home/romi/fawad/ros2_ws/src/ORB_SLAM3_ROS2/src/rgbd/rgbd-slam-node.hpp:18,
[11.388s]                  from /home/romi/fawad/ros2_ws/src/ORB_SLAM3_ROS2/src/rgbd/rgbd.cpp:7:
[11.388s] /home/romi/fawad/ORB_SLAM3/include/CameraModels/KannalaBrandt8.h:47:9: warning:   when initialized here [-Wreorder]
[11.388s]    47 |         KannalaBrandt8(const std::vector<float> _vParameters) : GeometricCamera(_vParameters), precision(1e-6), mvLappingArea(2,0) ,tvr(nullptr) {
[11.389s]       |         ^~~~~~~~~~~~~~
[11.389s] In file included from /home/romi/fawad/ORB_SLAM3/include/Atlas.h:27,
[11.389s]                  from /home/romi/fawad/ORB_SLAM3/include/FrameDrawer.h:25,
[11.389s]                  from /home/romi/fawad/ORB_SLAM3/include/Viewer.h:23,
[11.389s]                  from /home/romi/fawad/ORB_SLAM3/include/Tracking.h:26,
[11.389s]                  from /home/romi/fawad/ORB_SLAM3/include/System.h:31,
[11.389s]                  from /home/romi/fawad/ros2_ws/src/ORB_SLAM3_ROS2/src/rgbd/rgbd-slam-node.hpp:18,
[11.389s]                  from /home/romi/fawad/ros2_ws/src/ORB_SLAM3_ROS2/src/rgbd/rgbd.cpp:7:
[11.389s] /home/romi/fawad/ORB_SLAM3/include/CameraModels/KannalaBrandt8.h: In constructor ‘ORB_SLAM3::KannalaBrandt8::KannalaBrandt8(std::vector<float>, float)’:
[11.389s] /home/romi/fawad/ORB_SLAM3/include/CameraModels/KannalaBrandt8.h:102:21: warning: ‘ORB_SLAM3::KannalaBrandt8::precision’ will be initialized after [-Wreorder]
[11.389s]   102 |         const float precision;
[11.389s]       |                     ^~~~~~~~~
[11.389s] /home/romi/fawad/ORB_SLAM3/include/CameraModels/KannalaBrandt8.h:88:26: warning:   ‘std::vector<int> ORB_SLAM3::KannalaBrandt8::mvLappingArea’ [-Wreorder]
[11.389s]    88 |         std::vector<int> mvLappingArea;
[11.389s]       |                          ^~~~~~~~~~~~~
[11.390s] /home/romi/fawad/ORB_SLAM3/include/CameraModels/KannalaBrandt8.h:53:9: warning:   when initialized here [-Wreorder]
[11.390s]    53 |         KannalaBrandt8(const std::vector<float> _vParameters, const float _precision) : GeometricCamera(_vParameters),
[11.390s]       |         ^~~~~~~~~~~~~~
[11.390s] /home/romi/fawad/ORB_SLAM3/include/CameraModels/KannalaBrandt8.h: In constructor ‘ORB_SLAM3::KannalaBrandt8::KannalaBrandt8(ORB_SLAM3::KannalaBrandt8*)’:
[11.390s] /home/romi/fawad/ORB_SLAM3/include/CameraModels/KannalaBrandt8.h:102:21: warning: ‘ORB_SLAM3::KannalaBrandt8::precision’ will be initialized after [-Wreorder]
[11.390s]   102 |         const float precision;
[11.390s]       |                     ^~~~~~~~~
[11.390s] /home/romi/fawad/ORB_SLAM3/include/CameraModels/KannalaBrandt8.h:88:26: warning:   ‘std::vector<int> ORB_SLAM3::KannalaBrandt8::mvLappingArea’ [-Wreorder]
[11.390s]    88 |         std::vector<int> mvLappingArea;
[11.390s]       |                          ^~~~~~~~~~~~~
[11.390s] /home/romi/fawad/ORB_SLAM3/include/CameraModels/KannalaBrandt8.h:59:9: warning:   when initialized here [-Wreorder]
[11.390s]    59 |         KannalaBrandt8(KannalaBrandt8* pKannala) : GeometricCamera(pKannala->mvParameters), precision(pKannala->precision), mvLappingArea(2,0) ,tvr(nullptr) {
[11.390s]       |         ^~~~~~~~~~~~~~
[11.802s] In file included from /home/romi/fawad/ORB_SLAM3/include/Atlas.h:26,
[11.802s]                  from /home/romi/fawad/ORB_SLAM3/include/FrameDrawer.h:25,
[11.802s]                  from /home/romi/fawad/ORB_SLAM3/include/Viewer.h:23,
[11.802s]                  from /home/romi/fawad/ORB_SLAM3/include/Tracking.h:26,
[11.802s]                  from /home/romi/fawad/ORB_SLAM3/include/System.h:31,
[11.803s]                  from /home/romi/fawad/ros2_ws/src/ORB_SLAM3_ROS2/src/stereo/stereo-slam-node.hpp:13,
[11.803s]                  from /home/romi/fawad/ros2_ws/src/ORB_SLAM3_ROS2/src/stereo/stereo.cpp:7:
[11.803s] /home/romi/fawad/ORB_SLAM3/include/CameraModels/Pinhole.h: In member function ‘virtual bool ORB_SLAM3::Pinhole::matchAndtriangulate(const cv::KeyPoint&, const cv::KeyPoint&, ORB_SLAM3::GeometricCamera*, Sophus::SE3f&, Sophus::SE3f&, float, float, Eigen::Vector3f&)’:
[11.803s] /home/romi/fawad/ORB_SLAM3/include/CameraModels/Pinhole.h:83:54: warning: unused parameter ‘kp1’ [-Wunused-parameter]
[11.803s]    83 |         bool matchAndtriangulate(const cv::KeyPoint& kp1, const cv::KeyPoint& kp2, GeometricCamera* pOther,
[11.803s]       |                                  ~~~~~~~~~~~~~~~~~~~~^~~
[11.803s] /home/romi/fawad/ORB_SLAM3/include/CameraModels/Pinhole.h:83:79: warning: unused parameter ‘kp2’ [-Wunused-parameter]
[11.803s]    83 |         bool matchAndtriangulate(const cv::KeyPoint& kp1, const cv::KeyPoint& kp2, GeometricCamera* pOther,
[11.804s]       |                                                           ~~~~~~~~~~~~~~~~~~~~^~~
[11.804s] /home/romi/fawad/ORB_SLAM3/include/CameraModels/Pinhole.h:83:101: warning: unused parameter ‘pOther’ [-Wunused-parameter]
[11.804s]    83 |         bool matchAndtriangulate(const cv::KeyPoint& kp1, const cv::KeyPoint& kp2, GeometricCamera* pOther,
[11.804s]       |                                                                                    ~~~~~~~~~~~~~~~~~^~~~~~
[11.804s] /home/romi/fawad/ORB_SLAM3/include/CameraModels/Pinhole.h:84:48: warning: unused parameter ‘Tcw1’ [-Wunused-parameter]
[11.804s]    84 |                                  Sophus::SE3f& Tcw1, Sophus::SE3f& Tcw2,
[11.804s]       |                                  ~~~~~~~~~~~~~~^~~~
[11.804s] /home/romi/fawad/ORB_SLAM3/include/CameraModels/Pinhole.h:84:68: warning: unused parameter ‘Tcw2’ [-Wunused-parameter]
[11.805s]    84 |                                  Sophus::SE3f& Tcw1, Sophus::SE3f& Tcw2,
[11.805s]       |                                                      ~~~~~~~~~~~~~~^~~~
[11.805s] /home/romi/fawad/ORB_SLAM3/include/CameraModels/Pinhole.h:85:46: warning: unused parameter ‘sigmaLevel1’ [-Wunused-parameter]
[11.805s]    85 |                                  const float sigmaLevel1, const float sigmaLevel2,
[11.805s]       |                                  ~~~~~~~~~~~~^~~~~~~~~~~
[11.805s] /home/romi/fawad/ORB_SLAM3/include/CameraModels/Pinhole.h:85:71: warning: unused parameter ‘sigmaLevel2’ [-Wunused-parameter]
[11.805s]    85 |                                  const float sigmaLevel1, const float sigmaLevel2,
[11.805s]       |                                                           ~~~~~~~~~~~~^~~~~~~~~~~
[11.805s] /home/romi/fawad/ORB_SLAM3/include/CameraModels/Pinhole.h:86:51: warning: unused parameter ‘x3Dtriangulated’ [-Wunused-parameter]
[11.805s]    86 |                                  Eigen::Vector3f& x3Dtriangulated) { return false;}
[11.806s]       |                                  ~~~~~~~~~~~~~~~~~^~~~~~~~~~~~~~~
[11.806s] In file included from /home/romi/fawad/ORB_SLAM3/include/Atlas.h:27,
[11.806s]                  from /home/romi/fawad/ORB_SLAM3/include/FrameDrawer.h:25,
[11.806s]                  from /home/romi/fawad/ORB_SLAM3/include/Viewer.h:23,
[11.806s]                  from /home/romi/fawad/ORB_SLAM3/include/Tracking.h:26,
[11.806s]                  from /home/romi/fawad/ORB_SLAM3/include/System.h:31,
[11.806s]                  from /home/romi/fawad/ros2_ws/src/ORB_SLAM3_ROS2/src/stereo/stereo-slam-node.hpp:13,
[11.806s]                  from /home/romi/fawad/ros2_ws/src/ORB_SLAM3_ROS2/src/stereo/stereo.cpp:7:
[11.806s] /home/romi/fawad/ORB_SLAM3/include/CameraModels/KannalaBrandt8.h: In constructor ‘ORB_SLAM3::KannalaBrandt8::KannalaBrandt8(std::vector<float>)’:
[11.807s] /home/romi/fawad/ORB_SLAM3/include/CameraModels/KannalaBrandt8.h:102:21: warning: ‘ORB_SLAM3::KannalaBrandt8::precision’ will be initialized after [-Wreorder]
[11.807s]   102 |         const float precision;
[11.807s]       |                     ^~~~~~~~~
[11.807s] /home/romi/fawad/ORB_SLAM3/include/CameraModels/KannalaBrandt8.h:88:26: warning:   ‘std::vector<int> ORB_SLAM3::KannalaBrandt8::mvLappingArea’ [-Wreorder]
[11.807s]    88 |         std::vector<int> mvLappingArea;
[11.807s]       |                          ^~~~~~~~~~~~~
[11.807s] In file included from /home/romi/fawad/ORB_SLAM3/include/Atlas.h:27,
[11.807s]                  from /home/romi/fawad/ORB_SLAM3/include/FrameDrawer.h:25,
[11.807s]                  from /home/romi/fawad/ORB_SLAM3/include/Viewer.h:23,
[11.807s]                  from /home/romi/fawad/ORB_SLAM3/include/Tracking.h:26,
[11.807s]                  from /home/romi/fawad/ORB_SLAM3/include/System.h:31,
[11.808s]                  from /home/romi/fawad/ros2_ws/src/ORB_SLAM3_ROS2/src/stereo/stereo-slam-node.hpp:13,
[11.808s]                  from /home/romi/fawad/ros2_ws/src/ORB_SLAM3_ROS2/src/stereo/stereo.cpp:7:
[11.808s] /home/romi/fawad/ORB_SLAM3/include/CameraModels/KannalaBrandt8.h:47:9: warning:   when initialized here [-Wreorder]
[11.808s]    47 |         KannalaBrandt8(const std::vector<float> _vParameters) : GeometricCamera(_vParameters), precision(1e-6), mvLappingArea(2,0) ,tvr(nullptr) {
[11.808s]       |         ^~~~~~~~~~~~~~
[11.808s] In file included from /home/romi/fawad/ORB_SLAM3/include/Atlas.h:27,
[11.808s]                  from /home/romi/fawad/ORB_SLAM3/include/FrameDrawer.h:25,
[11.808s]                  from /home/romi/fawad/ORB_SLAM3/include/Viewer.h:23,
[11.808s]                  from /home/romi/fawad/ORB_SLAM3/include/Tracking.h:26,
[11.808s]                  from /home/romi/fawad/ORB_SLAM3/include/System.h:31,
[11.808s]                  from /home/romi/fawad/ros2_ws/src/ORB_SLAM3_ROS2/src/stereo/stereo-slam-node.hpp:13,
[11.808s]                  from /home/romi/fawad/ros2_ws/src/ORB_SLAM3_ROS2/src/stereo/stereo.cpp:7:
[11.808s] /home/romi/fawad/ORB_SLAM3/include/CameraModels/KannalaBrandt8.h: In constructor ‘ORB_SLAM3::KannalaBrandt8::KannalaBrandt8(std::vector<float>, float)’:
[11.808s] /home/romi/fawad/ORB_SLAM3/include/CameraModels/KannalaBrandt8.h:102:21: warning: ‘ORB_SLAM3::KannalaBrandt8::precision’ will be initialized after [-Wreorder]
[11.809s]   102 |         const float precision;
[11.809s]       |                     ^~~~~~~~~
[11.809s] /home/romi/fawad/ORB_SLAM3/include/CameraModels/KannalaBrandt8.h:88:26: warning:   ‘std::vector<int> ORB_SLAM3::KannalaBrandt8::mvLappingArea’ [-Wreorder]
[11.809s]    88 |         std::vector<int> mvLappingArea;
[11.809s]       |                          ^~~~~~~~~~~~~
[11.809s] /home/romi/fawad/ORB_SLAM3/include/CameraModels/KannalaBrandt8.h:53:9: warning:   when initialized here [-Wreorder]
[11.809s]    53 |         KannalaBrandt8(const std::vector<float> _vParameters, const float _precision) : GeometricCamera(_vParameters),
[11.809s]       |         ^~~~~~~~~~~~~~
[11.809s] /home/romi/fawad/ORB_SLAM3/include/CameraModels/KannalaBrandt8.h: In constructor ‘ORB_SLAM3::KannalaBrandt8::KannalaBrandt8(ORB_SLAM3::KannalaBrandt8*)’:
[11.809s] /home/romi/fawad/ORB_SLAM3/include/CameraModels/KannalaBrandt8.h:102:21: warning: ‘ORB_SLAM3::KannalaBrandt8::precision’ will be initialized after [-Wreorder]
[11.809s]   102 |         const float precision;
[11.809s]       |                     ^~~~~~~~~
[11.810s] /home/romi/fawad/ORB_SLAM3/include/CameraModels/KannalaBrandt8.h:88:26: warning:   ‘std::vector<int> ORB_SLAM3::KannalaBrandt8::mvLappingArea’ [-Wreorder]
[11.810s]    88 |         std::vector<int> mvLappingArea;
[11.810s]       |                          ^~~~~~~~~~~~~
[11.810s] /home/romi/fawad/ORB_SLAM3/include/CameraModels/KannalaBrandt8.h:59:9: warning:   when initialized here [-Wreorder]
[11.810s]    59 |         KannalaBrandt8(KannalaBrandt8* pKannala) : GeometricCamera(pKannala->mvParameters), precision(pKannala->precision), mvLappingArea(2,0) ,tvr(nullptr) {
[11.810s]       |         ^~~~~~~~~~~~~~
[11.901s] In file included from /home/romi/fawad/ORB_SLAM3/include/Atlas.h:26,
[11.902s]                  from /home/romi/fawad/ORB_SLAM3/include/FrameDrawer.h:25,
[11.902s]                  from /home/romi/fawad/ORB_SLAM3/include/Viewer.h:23,
[11.902s]                  from /home/romi/fawad/ORB_SLAM3/include/Tracking.h:26,
[11.902s]                  from /home/romi/fawad/ORB_SLAM3/include/System.h:31,
[11.902s]                  from /home/romi/fawad/ros2_ws/src/ORB_SLAM3_ROS2/src/monocular/monocular-slam-node.hpp:9,
[11.902s]                  from /home/romi/fawad/ros2_ws/src/ORB_SLAM3_ROS2/src/monocular/monocular-slam-node.cpp:1:
[11.902s] /home/romi/fawad/ORB_SLAM3/include/CameraModels/Pinhole.h: In member function ‘virtual bool ORB_SLAM3::Pinhole::matchAndtriangulate(const cv::KeyPoint&, const cv::KeyPoint&, ORB_SLAM3::GeometricCamera*, Sophus::SE3f&, Sophus::SE3f&, float, float, Eigen::Vector3f&)’:
[11.902s] /home/romi/fawad/ORB_SLAM3/include/CameraModels/Pinhole.h:83:54: warning: unused parameter ‘kp1’ [-Wunused-parameter]
[11.902s]    83 |         bool matchAndtriangulate(const cv::KeyPoint& kp1, const cv::KeyPoint& kp2, GeometricCamera* pOther,
[11.902s]       |                                  ~~~~~~~~~~~~~~~~~~~~^~~
[11.903s] /home/romi/fawad/ORB_SLAM3/include/CameraModels/Pinhole.h:83:79: warning: unused parameter ‘kp2’ [-Wunused-parameter]
[11.903s]    83 |         bool matchAndtriangulate(const cv::KeyPoint& kp1, const cv::KeyPoint& kp2, GeometricCamera* pOther,
[11.903s]       |                                                           ~~~~~~~~~~~~~~~~~~~~^~~
[11.903s] /home/romi/fawad/ORB_SLAM3/include/CameraModels/Pinhole.h:83:101: warning: unused parameter ‘pOther’ [-Wunused-parameter]
[11.903s]    83 |         bool matchAndtriangulate(const cv::KeyPoint& kp1, const cv::KeyPoint& kp2, GeometricCamera* pOther,
[11.903s]       |                                                                                    ~~~~~~~~~~~~~~~~~^~~~~~
[11.903s] /home/romi/fawad/ORB_SLAM3/include/CameraModels/Pinhole.h:84:48: warning: unused parameter ‘Tcw1’ [-Wunused-parameter]
[11.903s]    84 |                                  Sophus::SE3f& Tcw1, Sophus::SE3f& Tcw2,
[11.903s]       |                                  ~~~~~~~~~~~~~~^~~~
[11.904s] /home/romi/fawad/ORB_SLAM3/include/CameraModels/Pinhole.h:84:68: warning: unused parameter ‘Tcw2’ [-Wunused-parameter]
[11.904s]    84 |                                  Sophus::SE3f& Tcw1, Sophus::SE3f& Tcw2,
[11.904s]       |                                                      ~~~~~~~~~~~~~~^~~~
[11.904s] /home/romi/fawad/ORB_SLAM3/include/CameraModels/Pinhole.h:85:46: warning: unused parameter ‘sigmaLevel1’ [-Wunused-parameter]
[11.904s]    85 |                                  const float sigmaLevel1, const float sigmaLevel2,
[11.904s]       |                                  ~~~~~~~~~~~~^~~~~~~~~~~
[11.904s] /home/romi/fawad/ORB_SLAM3/include/CameraModels/Pinhole.h:85:71: warning: unused parameter ‘sigmaLevel2’ [-Wunused-parameter]
[11.904s]    85 |                                  const float sigmaLevel1, const float sigmaLevel2,
[11.905s]       |                                                           ~~~~~~~~~~~~^~~~~~~~~~~
[11.905s] /home/romi/fawad/ORB_SLAM3/include/CameraModels/Pinhole.h:86:51: warning: unused parameter ‘x3Dtriangulated’ [-Wunused-parameter]
[11.905s]    86 |                                  Eigen::Vector3f& x3Dtriangulated) { return false;}
[11.905s]       |                                  ~~~~~~~~~~~~~~~~~^~~~~~~~~~~~~~~
[11.905s] In file included from /home/romi/fawad/ORB_SLAM3/include/Atlas.h:27,
[11.905s]                  from /home/romi/fawad/ORB_SLAM3/include/FrameDrawer.h:25,
[11.905s]                  from /home/romi/fawad/ORB_SLAM3/include/Viewer.h:23,
[11.905s]                  from /home/romi/fawad/ORB_SLAM3/include/Tracking.h:26,
[11.905s]                  from /home/romi/fawad/ORB_SLAM3/include/System.h:31,
[11.906s]                  from /home/romi/fawad/ros2_ws/src/ORB_SLAM3_ROS2/src/monocular/monocular-slam-node.hpp:9,
[11.906s]                  from /home/romi/fawad/ros2_ws/src/ORB_SLAM3_ROS2/src/monocular/monocular-slam-node.cpp:1:
[11.906s] /home/romi/fawad/ORB_SLAM3/include/CameraModels/KannalaBrandt8.h: In constructor ‘ORB_SLAM3::KannalaBrandt8::KannalaBrandt8(std::vector<float>)’:
[11.906s] /home/romi/fawad/ORB_SLAM3/include/CameraModels/KannalaBrandt8.h:102:21: warning: ‘ORB_SLAM3::KannalaBrandt8::precision’ will be initialized after [-Wreorder]
[11.906s]   102 |         const float precision;
[11.906s]       |                     ^~~~~~~~~
[11.906s] /home/romi/fawad/ORB_SLAM3/include/CameraModels/KannalaBrandt8.h:88:26: warning:   ‘std::vector<int> ORB_SLAM3::KannalaBrandt8::mvLappingArea’ [-Wreorder]
[11.906s]    88 |         std::vector<int> mvLappingArea;
[11.906s]       |                          ^~~~~~~~~~~~~
[11.906s] In file included from /home/romi/fawad/ORB_SLAM3/include/Atlas.h:27,
[11.906s]                  from /home/romi/fawad/ORB_SLAM3/include/FrameDrawer.h:25,
[11.906s]                  from /home/romi/fawad/ORB_SLAM3/include/Viewer.h:23,
[11.906s]                  from /home/romi/fawad/ORB_SLAM3/include/Tracking.h:26,
[11.907s]                  from /home/romi/fawad/ORB_SLAM3/include/System.h:31,
[11.907s]                  from /home/romi/fawad/ros2_ws/src/ORB_SLAM3_ROS2/src/monocular/monocular-slam-node.hpp:9,
[11.907s]                  from /home/romi/fawad/ros2_ws/src/ORB_SLAM3_ROS2/src/monocular/monocular-slam-node.cpp:1:
[11.907s] /home/romi/fawad/ORB_SLAM3/include/CameraModels/KannalaBrandt8.h:47:9: warning:   when initialized here [-Wreorder]
[11.907s]    47 |         KannalaBrandt8(const std::vector<float> _vParameters) : GeometricCamera(_vParameters), precision(1e-6), mvLappingArea(2,0) ,tvr(nullptr) {
[11.907s]       |         ^~~~~~~~~~~~~~
[11.907s] In file included from /home/romi/fawad/ORB_SLAM3/include/Atlas.h:27,
[11.907s]                  from /home/romi/fawad/ORB_SLAM3/include/FrameDrawer.h:25,
[11.907s]                  from /home/romi/fawad/ORB_SLAM3/include/Viewer.h:23,
[11.907s]                  from /home/romi/fawad/ORB_SLAM3/include/Tracking.h:26,
[11.907s]                  from /home/romi/fawad/ORB_SLAM3/include/System.h:31,
[11.907s]                  from /home/romi/fawad/ros2_ws/src/ORB_SLAM3_ROS2/src/monocular/monocular-slam-node.hpp:9,
[11.908s]                  from /home/romi/fawad/ros2_ws/src/ORB_SLAM3_ROS2/src/monocular/monocular-slam-node.cpp:1:
[11.908s] /home/romi/fawad/ORB_SLAM3/include/CameraModels/KannalaBrandt8.h: In constructor ‘ORB_SLAM3::KannalaBrandt8::KannalaBrandt8(std::vector<float>, float)’:
[11.908s] /home/romi/fawad/ORB_SLAM3/include/CameraModels/KannalaBrandt8.h:102:21: warning: ‘ORB_SLAM3::KannalaBrandt8::precision’ will be initialized after [-Wreorder]
[11.908s]   102 |         const float precision;
[11.908s]       |                     ^~~~~~~~~
[11.908s] /home/romi/fawad/ORB_SLAM3/include/CameraModels/KannalaBrandt8.h:88:26: warning:   ‘std::vector<int> ORB_SLAM3::KannalaBrandt8::mvLappingArea’ [-Wreorder]
[11.908s]    88 |         std::vector<int> mvLappingArea;
[11.908s]       |                          ^~~~~~~~~~~~~
[11.908s] /home/romi/fawad/ORB_SLAM3/include/CameraModels/KannalaBrandt8.h:53:9: warning:   when initialized here [-Wreorder]
[11.908s]    53 |         KannalaBrandt8(const std::vector<float> _vParameters, const float _precision) : GeometricCamera(_vParameters),
[11.908s]       |         ^~~~~~~~~~~~~~
[11.909s] /home/romi/fawad/ORB_SLAM3/include/CameraModels/KannalaBrandt8.h: In constructor ‘ORB_SLAM3::KannalaBrandt8::KannalaBrandt8(ORB_SLAM3::KannalaBrandt8*)’:
[11.909s] /home/romi/fawad/ORB_SLAM3/include/CameraModels/KannalaBrandt8.h:102:21: warning: ‘ORB_SLAM3::KannalaBrandt8::precision’ will be initialized after [-Wreorder]
[11.909s]   102 |         const float precision;
[11.909s]       |                     ^~~~~~~~~
[11.910s] /home/romi/fawad/ORB_SLAM3/include/CameraModels/KannalaBrandt8.h:88:26: warning:   ‘std::vector<int> ORB_SLAM3::KannalaBrandt8::mvLappingArea’ [-Wreorder]
[11.910s]    88 |         std::vector<int> mvLappingArea;
[11.910s]       |                          ^~~~~~~~~~~~~
[11.910s] /home/romi/fawad/ORB_SLAM3/include/CameraModels/KannalaBrandt8.h:59:9: warning:   when initialized here [-Wreorder]
[11.910s]    59 |         KannalaBrandt8(KannalaBrandt8* pKannala) : GeometricCamera(pKannala->mvParameters), precision(pKannala->precision), mvLappingArea(2,0) ,tvr(nullptr) {
[11.910s]       |         ^~~~~~~~~~~~~~
[12.206s] In file included from /home/romi/fawad/ORB_SLAM3/include/Atlas.h:26,
[12.206s]                  from /home/romi/fawad/ORB_SLAM3/include/FrameDrawer.h:25,
[12.206s]                  from /home/romi/fawad/ORB_SLAM3/include/Viewer.h:23,
[12.206s]                  from /home/romi/fawad/ORB_SLAM3/include/Tracking.h:26,
[12.206s]                  from /home/romi/fawad/ORB_SLAM3/include/System.h:31,
[12.206s]                  from /home/romi/fawad/ros2_ws/src/ORB_SLAM3_ROS2/src/stereo-inertial/stereo-inertial-node.hpp:10,
[12.206s]                  from /home/romi/fawad/ros2_ws/src/ORB_SLAM3_ROS2/src/stereo-inertial/stereo-inertial.cpp:7:
[12.206s] /home/romi/fawad/ORB_SLAM3/include/CameraModels/Pinhole.h: In member function ‘virtual bool ORB_SLAM3::Pinhole::matchAndtriangulate(const cv::KeyPoint&, const cv::KeyPoint&, ORB_SLAM3::GeometricCamera*, Sophus::SE3f&, Sophus::SE3f&, float, float, Eigen::Vector3f&)’:
[12.206s] /home/romi/fawad/ORB_SLAM3/include/CameraModels/Pinhole.h:83:54: warning: unused parameter ‘kp1’ [-Wunused-parameter]
[12.207s]    83 |         bool matchAndtriangulate(const cv::KeyPoint& kp1, const cv::KeyPoint& kp2, GeometricCamera* pOther,
[12.207s]       |                                  ~~~~~~~~~~~~~~~~~~~~^~~
[12.207s] /home/romi/fawad/ORB_SLAM3/include/CameraModels/Pinhole.h:83:79: warning: unused parameter ‘kp2’ [-Wunused-parameter]
[12.207s]    83 |         bool matchAndtriangulate(const cv::KeyPoint& kp1, const cv::KeyPoint& kp2, GeometricCamera* pOther,
[12.207s]       |                                                           ~~~~~~~~~~~~~~~~~~~~^~~
[12.207s] /home/romi/fawad/ORB_SLAM3/include/CameraModels/Pinhole.h:83:101: warning: unused parameter ‘pOther’ [-Wunused-parameter]
[12.207s]    83 |         bool matchAndtriangulate(const cv::KeyPoint& kp1, const cv::KeyPoint& kp2, GeometricCamera* pOther,
[12.207s]       |                                                                                    ~~~~~~~~~~~~~~~~~^~~~~~
[12.208s] /home/romi/fawad/ORB_SLAM3/include/CameraModels/Pinhole.h:84:48: warning: unused parameter ‘Tcw1’ [-Wunused-parameter]
[12.209s]    84 |                                  Sophus::SE3f& Tcw1, Sophus::SE3f& Tcw2,
[12.209s]       |                                  ~~~~~~~~~~~~~~^~~~
[12.209s] /home/romi/fawad/ORB_SLAM3/include/CameraModels/Pinhole.h:84:68: warning: unused parameter ‘Tcw2’ [-Wunused-parameter]
[12.209s]    84 |                                  Sophus::SE3f& Tcw1, Sophus::SE3f& Tcw2,
[12.209s]       |                                                      ~~~~~~~~~~~~~~^~~~
[12.210s] /home/romi/fawad/ORB_SLAM3/include/CameraModels/Pinhole.h:85:46: warning: unused parameter ‘sigmaLevel1’ [-Wunused-parameter]
[12.210s]    85 |                                  const float sigmaLevel1, const float sigmaLevel2,
[12.210s]       |                                  ~~~~~~~~~~~~^~~~~~~~~~~
[12.211s] /home/romi/fawad/ORB_SLAM3/include/CameraModels/Pinhole.h:85:71: warning: unused parameter ‘sigmaLevel2’ [-Wunused-parameter]
[12.211s]    85 |                                  const float sigmaLevel1, const float sigmaLevel2,
[12.211s]       |                                                           ~~~~~~~~~~~~^~~~~~~~~~~
[12.211s] /home/romi/fawad/ORB_SLAM3/include/CameraModels/Pinhole.h:86:51: warning: unused parameter ‘x3Dtriangulated’ [-Wunused-parameter]
[12.211s]    86 |                                  Eigen::Vector3f& x3Dtriangulated) { return false;}
[12.212s]       |                                  ~~~~~~~~~~~~~~~~~^~~~~~~~~~~~~~~
[12.212s] In file included from /home/romi/fawad/ORB_SLAM3/include/Atlas.h:27,
[12.212s]                  from /home/romi/fawad/ORB_SLAM3/include/FrameDrawer.h:25,
[12.212s]                  from /home/romi/fawad/ORB_SLAM3/include/Viewer.h:23,
[12.212s]                  from /home/romi/fawad/ORB_SLAM3/include/Tracking.h:26,
[12.212s]                  from /home/romi/fawad/ORB_SLAM3/include/System.h:31,
[12.213s]                  from /home/romi/fawad/ros2_ws/src/ORB_SLAM3_ROS2/src/stereo-inertial/stereo-inertial-node.hpp:10,
[12.213s]                  from /home/romi/fawad/ros2_ws/src/ORB_SLAM3_ROS2/src/stereo-inertial/stereo-inertial.cpp:7:
[12.213s] /home/romi/fawad/ORB_SLAM3/include/CameraModels/KannalaBrandt8.h: In constructor ‘ORB_SLAM3::KannalaBrandt8::KannalaBrandt8(std::vector<float>)’:
[12.213s] /home/romi/fawad/ORB_SLAM3/include/CameraModels/KannalaBrandt8.h:102:21: warning: ‘ORB_SLAM3::KannalaBrandt8::precision’ will be initialized after [-Wreorder]
[12.213s]   102 |         const float precision;
[12.213s]       |                     ^~~~~~~~~
[12.213s] /home/romi/fawad/ORB_SLAM3/include/CameraModels/KannalaBrandt8.h:88:26: warning:   ‘std::vector<int> ORB_SLAM3::KannalaBrandt8::mvLappingArea’ [-Wreorder]
[12.213s]    88 |         std::vector<int> mvLappingArea;
[12.213s]       |                          ^~~~~~~~~~~~~
[12.213s] In file included from /home/romi/fawad/ORB_SLAM3/include/Atlas.h:27,
[12.213s]                  from /home/romi/fawad/ORB_SLAM3/include/FrameDrawer.h:25,
[12.214s]                  from /home/romi/fawad/ORB_SLAM3/include/Viewer.h:23,
[12.214s]                  from /home/romi/fawad/ORB_SLAM3/include/Tracking.h:26,
[12.214s]                  from /home/romi/fawad/ORB_SLAM3/include/System.h:31,
[12.214s]                  from /home/romi/fawad/ros2_ws/src/ORB_SLAM3_ROS2/src/stereo-inertial/stereo-inertial-node.hpp:10,
[12.214s]                  from /home/romi/fawad/ros2_ws/src/ORB_SLAM3_ROS2/src/stereo-inertial/stereo-inertial.cpp:7:
[12.214s] /home/romi/fawad/ORB_SLAM3/include/CameraModels/KannalaBrandt8.h:47:9: warning:   when initialized here [-Wreorder]
[12.214s]    47 |         KannalaBrandt8(const std::vector<float> _vParameters) : GeometricCamera(_vParameters), precision(1e-6), mvLappingArea(2,0) ,tvr(nullptr) {
[12.214s]       |         ^~~~~~~~~~~~~~
[12.214s] In file included from /home/romi/fawad/ORB_SLAM3/include/Atlas.h:27,
[12.215s]                  from /home/romi/fawad/ORB_SLAM3/include/FrameDrawer.h:25,
[12.215s]                  from /home/romi/fawad/ORB_SLAM3/include/Viewer.h:23,
[12.215s]                  from /home/romi/fawad/ORB_SLAM3/include/Tracking.h:26,
[12.215s]                  from /home/romi/fawad/ORB_SLAM3/include/System.h:31,
[12.215s]                  from /home/romi/fawad/ros2_ws/src/ORB_SLAM3_ROS2/src/stereo-inertial/stereo-inertial-node.hpp:10,
[12.215s]                  from /home/romi/fawad/ros2_ws/src/ORB_SLAM3_ROS2/src/stereo-inertial/stereo-inertial.cpp:7:
[12.215s] /home/romi/fawad/ORB_SLAM3/include/CameraModels/KannalaBrandt8.h: In constructor ‘ORB_SLAM3::KannalaBrandt8::KannalaBrandt8(std::vector<float>, float)’:
[12.215s] /home/romi/fawad/ORB_SLAM3/include/CameraModels/KannalaBrandt8.h:102:21: warning: ‘ORB_SLAM3::KannalaBrandt8::precision’ will be initialized after [-Wreorder]
[12.215s]   102 |         const float precision;
[12.215s]       |                     ^~~~~~~~~
[12.216s] /home/romi/fawad/ORB_SLAM3/include/CameraModels/KannalaBrandt8.h:88:26: warning:   ‘std::vector<int> ORB_SLAM3::KannalaBrandt8::mvLappingArea’ [-Wreorder]
[12.216s]    88 |         std::vector<int> mvLappingArea;
[12.216s]       |                          ^~~~~~~~~~~~~
[12.216s] /home/romi/fawad/ORB_SLAM3/include/CameraModels/KannalaBrandt8.h:53:9: warning:   when initialized here [-Wreorder]
[12.216s]    53 |         KannalaBrandt8(const std::vector<float> _vParameters, const float _precision) : GeometricCamera(_vParameters),
[12.216s]       |         ^~~~~~~~~~~~~~
[12.216s] /home/romi/fawad/ORB_SLAM3/include/CameraModels/KannalaBrandt8.h: In constructor ‘ORB_SLAM3::KannalaBrandt8::KannalaBrandt8(ORB_SLAM3::KannalaBrandt8*)’:
[12.216s] /home/romi/fawad/ORB_SLAM3/include/CameraModels/KannalaBrandt8.h:102:21: warning: ‘ORB_SLAM3::KannalaBrandt8::precision’ will be initialized after [-Wreorder]
[12.216s]   102 |         const float precision;
[12.216s]       |                     ^~~~~~~~~
[12.216s] /home/romi/fawad/ORB_SLAM3/include/CameraModels/KannalaBrandt8.h:88:26: warning:   ‘std::vector<int> ORB_SLAM3::KannalaBrandt8::mvLappingArea’ [-Wreorder]
[12.217s]    88 |         std::vector<int> mvLappingArea;
[12.217s]       |                          ^~~~~~~~~~~~~
[12.217s] /home/romi/fawad/ORB_SLAM3/include/CameraModels/KannalaBrandt8.h:59:9: warning:   when initialized here [-Wreorder]
[12.217s]    59 |         KannalaBrandt8(KannalaBrandt8* pKannala) : GeometricCamera(pKannala->mvParameters), precision(pKannala->precision), mvLappingArea(2,0) ,tvr(nullptr) {
[12.217s]       |         ^~~~~~~~~~~~~~
[12.669s] In file included from /home/romi/fawad/ORB_SLAM3/include/Atlas.h:26,
[12.669s]                  from /home/romi/fawad/ORB_SLAM3/include/FrameDrawer.h:25,
[12.669s]                  from /home/romi/fawad/ORB_SLAM3/include/Viewer.h:23,
[12.669s]                  from /home/romi/fawad/ORB_SLAM3/include/Tracking.h:26,
[12.669s]                  from /home/romi/fawad/ORB_SLAM3/include/System.h:31,
[12.669s]                  from /home/romi/fawad/ros2_ws/src/ORB_SLAM3_ROS2/src/rgbd/rgbd-slam-node.hpp:18,
[12.670s]                  from /home/romi/fawad/ros2_ws/src/ORB_SLAM3_ROS2/src/rgbd/rgbd-slam-node.cpp:1:
[12.670s] /home/romi/fawad/ORB_SLAM3/include/CameraModels/Pinhole.h: In member function ‘virtual bool ORB_SLAM3::Pinhole::matchAndtriangulate(const cv::KeyPoint&, const cv::KeyPoint&, ORB_SLAM3::GeometricCamera*, Sophus::SE3f&, Sophus::SE3f&, float, float, Eigen::Vector3f&)’:
[12.670s] /home/romi/fawad/ORB_SLAM3/include/CameraModels/Pinhole.h:83:54: warning: unused parameter ‘kp1’ [-Wunused-parameter]
[12.670s]    83 |         bool matchAndtriangulate(const cv::KeyPoint& kp1, const cv::KeyPoint& kp2, GeometricCamera* pOther,
[12.670s]       |                                  ~~~~~~~~~~~~~~~~~~~~^~~
[12.670s] /home/romi/fawad/ORB_SLAM3/include/CameraModels/Pinhole.h:83:79: warning: unused parameter ‘kp2’ [-Wunused-parameter]
[12.670s]    83 |         bool matchAndtriangulate(const cv::KeyPoint& kp1, const cv::KeyPoint& kp2, GeometricCamera* pOther,
[12.670s]       |                                                           ~~~~~~~~~~~~~~~~~~~~^~~
[12.670s] /home/romi/fawad/ORB_SLAM3/include/CameraModels/Pinhole.h:83:101: warning: unused parameter ‘pOther’ [-Wunused-parameter]
[12.670s]    83 |         bool matchAndtriangulate(const cv::KeyPoint& kp1, const cv::KeyPoint& kp2, GeometricCamera* pOther,
[12.670s]       |                                                                                    ~~~~~~~~~~~~~~~~~^~~~~~
[12.671s] /home/romi/fawad/ORB_SLAM3/include/CameraModels/Pinhole.h:84:48: warning: unused parameter ‘Tcw1’ [-Wunused-parameter]
[12.671s]    84 |                                  Sophus::SE3f& Tcw1, Sophus::SE3f& Tcw2,
[12.671s]       |                                  ~~~~~~~~~~~~~~^~~~
[12.671s] /home/romi/fawad/ORB_SLAM3/include/CameraModels/Pinhole.h:84:68: warning: unused parameter ‘Tcw2’ [-Wunused-parameter]
[12.671s]    84 |                                  Sophus::SE3f& Tcw1, Sophus::SE3f& Tcw2,
[12.671s]       |                                                      ~~~~~~~~~~~~~~^~~~
[12.671s] /home/romi/fawad/ORB_SLAM3/include/CameraModels/Pinhole.h:85:46: warning: unused parameter ‘sigmaLevel1’ [-Wunused-parameter]
[12.671s]    85 |                                  const float sigmaLevel1, const float sigmaLevel2,
[12.671s]       |                                  ~~~~~~~~~~~~^~~~~~~~~~~
[12.671s] /home/romi/fawad/ORB_SLAM3/include/CameraModels/Pinhole.h:85:71: warning: unused parameter ‘sigmaLevel2’ [-Wunused-parameter]
[12.671s]    85 |                                  const float sigmaLevel1, const float sigmaLevel2,
[12.671s]       |                                                           ~~~~~~~~~~~~^~~~~~~~~~~
[12.672s] /home/romi/fawad/ORB_SLAM3/include/CameraModels/Pinhole.h:86:51: warning: unused parameter ‘x3Dtriangulated’ [-Wunused-parameter]
[12.672s]    86 |                                  Eigen::Vector3f& x3Dtriangulated) { return false;}
[12.672s]       |                                  ~~~~~~~~~~~~~~~~~^~~~~~~~~~~~~~~
[12.672s] In file included from /home/romi/fawad/ORB_SLAM3/include/Atlas.h:27,
[12.672s]                  from /home/romi/fawad/ORB_SLAM3/include/FrameDrawer.h:25,
[12.672s]                  from /home/romi/fawad/ORB_SLAM3/include/Viewer.h:23,
[12.673s]                  from /home/romi/fawad/ORB_SLAM3/include/Tracking.h:26,
[12.673s]                  from /home/romi/fawad/ORB_SLAM3/include/System.h:31,
[12.673s]                  from /home/romi/fawad/ros2_ws/src/ORB_SLAM3_ROS2/src/rgbd/rgbd-slam-node.hpp:18,
[12.673s]                  from /home/romi/fawad/ros2_ws/src/ORB_SLAM3_ROS2/src/rgbd/rgbd-slam-node.cpp:1:
[12.673s] /home/romi/fawad/ORB_SLAM3/include/CameraModels/KannalaBrandt8.h: In constructor ‘ORB_SLAM3::KannalaBrandt8::KannalaBrandt8(std::vector<float>)’:
[12.673s] /home/romi/fawad/ORB_SLAM3/include/CameraModels/KannalaBrandt8.h:102:21: warning: ‘ORB_SLAM3::KannalaBrandt8::precision’ will be initialized after [-Wreorder]
[12.673s]   102 |         const float precision;
[12.673s]       |                     ^~~~~~~~~
[12.673s] /home/romi/fawad/ORB_SLAM3/include/CameraModels/KannalaBrandt8.h:88:26: warning:   ‘std::vector<int> ORB_SLAM3::KannalaBrandt8::mvLappingArea’ [-Wreorder]
[12.673s]    88 |         std::vector<int> mvLappingArea;
[12.673s]       |                          ^~~~~~~~~~~~~
[12.674s] In file included from /home/romi/fawad/ORB_SLAM3/include/Atlas.h:27,
[12.674s]                  from /home/romi/fawad/ORB_SLAM3/include/FrameDrawer.h:25,
[12.674s]                  from /home/romi/fawad/ORB_SLAM3/include/Viewer.h:23,
[12.674s]                  from /home/romi/fawad/ORB_SLAM3/include/Tracking.h:26,
[12.674s]                  from /home/romi/fawad/ORB_SLAM3/include/System.h:31,
[12.674s]                  from /home/romi/fawad/ros2_ws/src/ORB_SLAM3_ROS2/src/rgbd/rgbd-slam-node.hpp:18,
[12.674s]                  from /home/romi/fawad/ros2_ws/src/ORB_SLAM3_ROS2/src/rgbd/rgbd-slam-node.cpp:1:
[12.674s] /home/romi/fawad/ORB_SLAM3/include/CameraModels/KannalaBrandt8.h:47:9: warning:   when initialized here [-Wreorder]
[12.674s]    47 |         KannalaBrandt8(const std::vector<float> _vParameters) : GeometricCamera(_vParameters), precision(1e-6), mvLappingArea(2,0) ,tvr(nullptr) {
[12.674s]       |         ^~~~~~~~~~~~~~
[12.674s] In file included from /home/romi/fawad/ORB_SLAM3/include/Atlas.h:27,
[12.675s]                  from /home/romi/fawad/ORB_SLAM3/include/FrameDrawer.h:25,
[12.675s]                  from /home/romi/fawad/ORB_SLAM3/include/Viewer.h:23,
[12.675s]                  from /home/romi/fawad/ORB_SLAM3/include/Tracking.h:26,
[12.675s]                  from /home/romi/fawad/ORB_SLAM3/include/System.h:31,
[12.675s]                  from /home/romi/fawad/ros2_ws/src/ORB_SLAM3_ROS2/src/rgbd/rgbd-slam-node.hpp:18,
[12.675s]                  from /home/romi/fawad/ros2_ws/src/ORB_SLAM3_ROS2/src/rgbd/rgbd-slam-node.cpp:1:
[12.675s] /home/romi/fawad/ORB_SLAM3/include/CameraModels/KannalaBrandt8.h: In constructor ‘ORB_SLAM3::KannalaBrandt8::KannalaBrandt8(std::vector<float>, float)’:
[12.676s] /home/romi/fawad/ORB_SLAM3/include/CameraModels/KannalaBrandt8.h:102:21: warning: ‘ORB_SLAM3::KannalaBrandt8::precision’ will be initialized after [-Wreorder]
[12.676s]   102 |         const float precision;
[12.676s]       |                     ^~~~~~~~~
[12.676s] /home/romi/fawad/ORB_SLAM3/include/CameraModels/KannalaBrandt8.h:88:26: warning:   ‘std::vector<int> ORB_SLAM3::KannalaBrandt8::mvLappingArea’ [-Wreorder]
[12.676s]    88 |         std::vector<int> mvLappingArea;
[12.676s]       |                          ^~~~~~~~~~~~~
[12.676s] /home/romi/fawad/ORB_SLAM3/include/CameraModels/KannalaBrandt8.h:53:9: warning:   when initialized here [-Wreorder]
[12.676s]    53 |         KannalaBrandt8(const std::vector<float> _vParameters, const float _precision) : GeometricCamera(_vParameters),
[12.676s]       |         ^~~~~~~~~~~~~~
[12.676s] /home/romi/fawad/ORB_SLAM3/include/CameraModels/KannalaBrandt8.h: In constructor ‘ORB_SLAM3::KannalaBrandt8::KannalaBrandt8(ORB_SLAM3::KannalaBrandt8*)’:
[12.677s] /home/romi/fawad/ORB_SLAM3/include/CameraModels/KannalaBrandt8.h:102:21: warning: ‘ORB_SLAM3::KannalaBrandt8::precision’ will be initialized after [-Wreorder]
[12.677s]   102 |         const float precision;
[12.677s]       |                     ^~~~~~~~~
[12.677s] /home/romi/fawad/ORB_SLAM3/include/CameraModels/KannalaBrandt8.h:88:26: warning:   ‘std::vector<int> ORB_SLAM3::KannalaBrandt8::mvLappingArea’ [-Wreorder]
[12.677s]    88 |         std::vector<int> mvLappingArea;
[12.677s]       |                          ^~~~~~~~~~~~~
[12.677s] /home/romi/fawad/ORB_SLAM3/include/CameraModels/KannalaBrandt8.h:59:9: warning:   when initialized here [-Wreorder]
[12.677s]    59 |         KannalaBrandt8(KannalaBrandt8* pKannala) : GeometricCamera(pKannala->mvParameters), precision(pKannala->precision), mvLappingArea(2,0) ,tvr(nullptr) {
[12.677s]       |         ^~~~~~~~~~~~~~
[12.690s] /home/romi/fawad/ros2_ws/src/ORB_SLAM3_ROS2/src/stereo-inertial/stereo-inertial.cpp: In function ‘int main(int, char**)’:
[12.690s] /home/romi/fawad/ros2_ws/src/ORB_SLAM3_ROS2/src/stereo-inertial/stereo-inertial.cpp:22:19: warning: ISO C++ forbids converting a string constant to ‘char*’ [-Wwrite-strings]
[12.690s]    22 |         argv[4] = "false";
[12.690s]       |                   ^~~~~~~
[25.764s] [ 75%] [32m[1mLinking CXX executable mono[0m
[26.741s] [ 75%] Built target mono
[27.817s] [ 83%] [32m[1mLinking CXX executable stereo[0m
[27.888s] [ 91%] [32m[1mLinking CXX executable stereo-inertial[0m
[28.570s] [100%] [32m[1mLinking CXX executable rgbd[0m
[28.980s] [100%] Built target stereo
[29.216s] [100%] Built target stereo-inertial
[29.537s] [100%] Built target rgbd
[29.548s] Invoked command in '/home/romi/fawad/ros2_ws/build/orbslam3' returned '0': CMAKE_PREFIX_PATH=/opt/ros/humble CONDA_PROMPT_MODIFIER=(base) /usr/bin/cmake --build /home/romi/fawad/ros2_ws/build/orbslam3 -- -j12 -l12
[29.558s] Invoking command in '/home/romi/fawad/ros2_ws/build/orbslam3': CMAKE_PREFIX_PATH=/opt/ros/humble CONDA_PROMPT_MODIFIER=(base) /usr/bin/cmake --install /home/romi/fawad/ros2_ws/build/orbslam3
[29.565s] -- Install configuration: ""
[29.565s] -- Installing: /home/romi/fawad/ros2_ws/install/orbslam3/lib/orbslam3/mono
[29.568s] -- Set runtime path of "/home/romi/fawad/ros2_ws/install/orbslam3/lib/orbslam3/mono" to ""
[29.568s] -- Installing: /home/romi/fawad/ros2_ws/install/orbslam3/lib/orbslam3/rgbd
[29.571s] -- Set runtime path of "/home/romi/fawad/ros2_ws/install/orbslam3/lib/orbslam3/rgbd" to ""
[29.571s] -- Installing: /home/romi/fawad/ros2_ws/install/orbslam3/lib/orbslam3/stereo
[29.574s] -- Set runtime path of "/home/romi/fawad/ros2_ws/install/orbslam3/lib/orbslam3/stereo" to ""
[29.575s] -- Installing: /home/romi/fawad/ros2_ws/install/orbslam3/lib/orbslam3/stereo-inertial
[29.579s] -- Set runtime path of "/home/romi/fawad/ros2_ws/install/orbslam3/lib/orbslam3/stereo-inertial" to ""
[29.579s] -- Installing: /home/romi/fawad/ros2_ws/install/orbslam3/share/ament_index/resource_index/package_run_dependencies/orbslam3
[29.579s] -- Installing: /home/romi/fawad/ros2_ws/install/orbslam3/share/ament_index/resource_index/parent_prefix_path/orbslam3
[29.579s] -- Installing: /home/romi/fawad/ros2_ws/install/orbslam3/share/orbslam3/environment/ament_prefix_path.sh
[29.579s] -- Installing: /home/romi/fawad/ros2_ws/install/orbslam3/share/orbslam3/environment/ament_prefix_path.dsv
[29.579s] -- Installing: /home/romi/fawad/ros2_ws/install/orbslam3/share/orbslam3/environment/path.sh
[29.579s] -- Installing: /home/romi/fawad/ros2_ws/install/orbslam3/share/orbslam3/environment/path.dsv
[29.580s] -- Installing: /home/romi/fawad/ros2_ws/install/orbslam3/share/orbslam3/local_setup.bash
[29.580s] -- Installing: /home/romi/fawad/ros2_ws/install/orbslam3/share/orbslam3/local_setup.sh
[29.580s] -- Installing: /home/romi/fawad/ros2_ws/install/orbslam3/share/orbslam3/local_setup.zsh
[29.580s] -- Installing: /home/romi/fawad/ros2_ws/install/orbslam3/share/orbslam3/local_setup.dsv
[29.580s] -- Installing: /home/romi/fawad/ros2_ws/install/orbslam3/share/orbslam3/package.dsv
[29.580s] -- Installing: /home/romi/fawad/ros2_ws/install/orbslam3/share/ament_index/resource_index/packages/orbslam3
[29.581s] -- Installing: /home/romi/fawad/ros2_ws/install/orbslam3/share/orbslam3/cmake/orbslam3Config.cmake
[29.581s] -- Installing: /home/romi/fawad/ros2_ws/install/orbslam3/share/orbslam3/cmake/orbslam3Config-version.cmake
[29.581s] -- Installing: /home/romi/fawad/ros2_ws/install/orbslam3/share/orbslam3/package.xml
[29.583s] Invoked command in '/home/romi/fawad/ros2_ws/build/orbslam3' returned '0': CMAKE_PREFIX_PATH=/opt/ros/humble CONDA_PROMPT_MODIFIER=(base) /usr/bin/cmake --install /home/romi/fawad/ros2_ws/build/orbslam3
