[0.000000] (-) TimerEvent: {}
[0.000462] (orbslam3) JobQueued: {'identifier': 'orbslam3', 'dependencies': OrderedDict()}
[0.000511] (orbslam3) JobStarted: {'identifier': 'orbslam3'}
[0.006420] (orbslam3) JobProgress: {'identifier': 'orbslam3', 'progress': 'cmake'}
[0.006650] (orbslam3) Command: {'cmd': ['/usr/bin/cmake', '/home/romi/fawad/ros2_ws/src/ORB_SLAM3_ROS2', '-DSophus_DIR=/home/romi/fawad/ORB_SLAM3/Thirdparty/Sophus/install/share/sophus/cmake', '-DCMAKE_INSTALL_PREFIX=/home/romi/fawad/ros2_ws/install/orbslam3'], 'cwd': '/home/romi/fawad/ros2_ws/build/orbslam3', 'env': OrderedDict([('GJS_DEBUG_TOPICS', 'JS ERROR;JS LOG'), ('LESSOPEN', '| /usr/bin/lesspipe %s'), ('VSCODE_CWD', '/home/romi'), ('CONDA_PROMPT_MODIFIER', '(base)'), ('USER', 'romi'), ('LC_TIME', 'ur_PK'), ('VSCODE_NLS_CONFIG', '{"userLocale":"en-us","osLocale":"en-us","resolvedLanguage":"en","defaultMessagesFile":"/usr/share/antigravity/resources/app/out/nls.messages.json","locale":"en-us","availableLanguages":{}}'), ('XDG_SESSION_TYPE', 'x11'), ('SHLVL', '0'), ('LD_LIBRARY_PATH', '/usr/lib/x86_64-linux-gnu/gazebo-11/plugins:/opt/ros/humble/opt/rviz_ogre_vendor/lib:/opt/ros/humble/lib/x86_64-linux-gnu:/opt/ros/humble/lib::/usr/local/cuda-12.1/lib64'), ('HOME', '/home/romi'), ('CHROME_DESKTOP', 'antigravity.desktop'), ('CONDA_SHLVL', '1'), ('DESKTOP_SESSION', 'ubuntu'), ('VSCODE_IPC_HOOK', '/run/user/1000/vscode-7394bb67-1.10-main.sock'), ('GIO_LAUNCHED_DESKTOP_FILE', '/usr/share/applications/antigravity.desktop'), ('ROS_PYTHON_VERSION', '3'), ('GNOME_SHELL_SESSION_MODE', 'ubuntu'), ('GTK_MODULES', 'gail:atk-bridge'), ('PAGER', 'cat'), ('LC_MONETARY', 'ur_PK'), ('MANAGERPID', '2441'), ('SYSTEMD_EXEC_PID', '2729'), ('DBUS_SESSION_BUS_ADDRESS', 'unix:path=/run/user/1000/bus'), ('_CE_M', ''), ('ANTIGRAVITY_AGENT', '1'), ('GIO_LAUNCHED_DESKTOP_FILE_PID', '166587'), ('ROS_DISTRO', 'humble'), ('GTK_IM_MODULE', 'ibus'), ('LOGNAME', 'romi'), ('JOURNAL_STREAM', '8:18647'), ('_', '/usr/bin/colcon'), ('ROS_VERSION', '2'), ('XDG_SESSION_CLASS', 'user'), ('USERNAME', 'romi'), ('TERM', 'dumb'), ('GNOME_DESKTOP_SESSION_ID', 'this-is-deprecated'), ('_CE_CONDA', ''), ('FC_FONTATIONS', '1'), ('ROS_LOCALHOST_ONLY', '0'), ('WINDOWPATH', '2'), ('ANTIGRAVITY_EDITOR_APP_ROOT', '/usr/share/antigravity/resources/app'), ('PATH', '/opt/ros/humble/bin:/home/romi/.local/bin:/home/romi/anaconda3/bin:/home/romi/anaconda3/condabin:/home/romi/.local/bin:/usr/local/sbin:/usr/local/bin:/usr/sbin:/usr/bin:/sbin:/bin:/usr/games:/usr/local/games:/snap/bin:/snap/bin:/usr/local/cuda-12.1/bin'), ('SESSION_MANAGER', 'local/romi-H370HD3:@/tmp/.ICE-unix/2700,unix/romi-H370HD3:/tmp/.ICE-unix/2700'), ('INVOCATION_ID', 'e48b6b5dd55e476a88a5092b5c1b4666'), ('XDG_MENU_PREFIX', 'gnome-'), ('LC_ADDRESS', 'ur_PK'), ('XDG_RUNTIME_DIR', '/run/user/1000'), ('GDK_BACKEND', 'x11'), ('DISPLAY', ':1'), ('LANG', 'en_US.UTF-8'), ('XDG_CURRENT_DESKTOP', 'ubuntu:GNOME'), ('LC_TELEPHONE', 'ur_PK'), ('XMODIFIERS', '@im=ibus'), ('XDG_SESSION_DESKTOP', 'ubuntu'), ('XAUTHORITY', '/run/user/1000/gdm/Xauthority'), ('LS_COLORS', ''), ('SSH_AGENT_LAUNCHER', 'gnome-keyring'), ('SSH_AUTH_SOCK', '/run/user/1000/keyring/ssh'), ('GSETTINGS_SCHEMA_DIR', '/home/romi/anaconda3/share/glib-2.0/schemas'), ('AMENT_PREFIX_PATH', '/opt/ros/humble'), ('CONDA_PYTHON_EXE', '/home/romi/anaconda3/bin/python'), ('SHELL', '/bin/bash'), ('LC_NAME', 'ur_PK'), ('QT_ACCESSIBILITY', '1'), ('GDMSESSION', 'ubuntu'), ('LESSCLOSE', '/usr/bin/lesspipe %s %s'), ('CONDA_DEFAULT_ENV', 'base'), ('LC_MEASUREMENT', 'ur_PK'), ('GPG_AGENT_INFO', '/run/user/1000/gnupg/S.gpg-agent:0:1'), ('GJS_DEBUG_OUTPUT', 'stderr'), ('LC_IDENTIFICATION', 'ur_PK'), ('QT_IM_MODULE', 'ibus'), ('ANTIGRAVITY_TRAJECTORY_ID', 'a2e887dc-b8c2-48f5-8b8e-049445c1876d'), ('PWD', '/home/romi/fawad/ros2_ws/build/orbslam3'), ('LC_ALL', 'en_US.UTF-8'), ('XDG_CONFIG_DIRS', '/etc/xdg/xdg-ubuntu:/etc/xdg'), ('CONDA_EXE', '/home/romi/anaconda3/bin/conda'), ('VSCODE_CODE_CACHE_PATH', '/home/romi/.config/Antigravity/CachedData/15487b3041e65228cae24980a3f796c905ef582c'), ('XDG_DATA_DIRS', '/usr/share/ubuntu:/usr/share/gnome:/usr/local/share/:/usr/share/:/var/lib/snapd/desktop'), ('PYTHONPATH', '/opt/ros/humble/lib/python3.10/site-packages:/opt/ros/humble/local/lib/python3.10/dist-packages'), ('LC_NUMERIC', 'ur_PK'), ('CONDA_PREFIX', '/home/romi/anaconda3'), ('GSETTINGS_SCHEMA_DIR_CONDA_BACKUP', ''), ('LC_PAPER', 'ur_PK'), ('COLCON', '1'), ('VSCODE_PID', '166587'), ('CMAKE_PREFIX_PATH', '/opt/ros/humble')]), 'shell': False}
[0.054063] (orbslam3) StdoutLine: {'line': b'-- The C compiler identification is GNU 11.4.0\n'}
[0.099795] (-) TimerEvent: {}
[0.101807] (orbslam3) StdoutLine: {'line': b'-- The CXX compiler identification is GNU 11.4.0\n'}
[0.107734] (orbslam3) StdoutLine: {'line': b'-- Detecting C compiler ABI info\n'}
[0.167537] (orbslam3) StdoutLine: {'line': b'-- Detecting C compiler ABI info - done\n'}
[0.173628] (orbslam3) StdoutLine: {'line': b'-- Check for working C compiler: /usr/bin/cc - skipped\n'}
[0.173834] (orbslam3) StdoutLine: {'line': b'-- Detecting C compile features\n'}
[0.174113] (orbslam3) StdoutLine: {'line': b'-- Detecting C compile features - done\n'}
[0.176531] (orbslam3) StdoutLine: {'line': b'-- Detecting CXX compiler ABI info\n'}
[0.199881] (-) TimerEvent: {}
[0.245988] (orbslam3) StdoutLine: {'line': b'-- Detecting CXX compiler ABI info - done\n'}
[0.253343] (orbslam3) StdoutLine: {'line': b'-- Check for working CXX compiler: /usr/bin/c++ - skipped\n'}
[0.253550] (orbslam3) StdoutLine: {'line': b'-- Detecting CXX compile features\n'}
[0.253928] (orbslam3) StdoutLine: {'line': b'-- Detecting CXX compile features - done\n'}
[0.255975] (orbslam3) StdoutLine: {'line': b'-- Found ament_cmake: 1.3.13 (/opt/ros/humble/share/ament_cmake/cmake)\n'}
[0.299991] (-) TimerEvent: {}
[0.381981] (orbslam3) StdoutLine: {'line': b'-- Found Python3: /usr/bin/python3 (found version "3.10.12") found components: Interpreter \n'}
[0.400088] (-) TimerEvent: {}
[0.458886] (orbslam3) StdoutLine: {'line': b'-- Found rclcpp: 16.0.18 (/opt/ros/humble/share/rclcpp/cmake)\n'}
[0.498263] (orbslam3) StdoutLine: {'line': b'-- Found rosidl_generator_c: 3.1.8 (/opt/ros/humble/share/rosidl_generator_c/cmake)\n'}
[0.500165] (-) TimerEvent: {}
[0.503202] (orbslam3) StdoutLine: {'line': b'-- Found rosidl_adapter: 3.1.8 (/opt/ros/humble/share/rosidl_adapter/cmake)\n'}
[0.510956] (orbslam3) StdoutLine: {'line': b'-- Found rosidl_generator_cpp: 3.1.8 (/opt/ros/humble/share/rosidl_generator_cpp/cmake)\n'}
[0.522312] (orbslam3) StdoutLine: {'line': b'-- Using all available rosidl_typesupport_c: rosidl_typesupport_fastrtps_c;rosidl_typesupport_introspection_c\n'}
[0.536824] (orbslam3) StdoutLine: {'line': b'-- Using all available rosidl_typesupport_cpp: rosidl_typesupport_fastrtps_cpp;rosidl_typesupport_introspection_cpp\n'}
[0.577088] (orbslam3) StdoutLine: {'line': b'-- Found rmw_implementation_cmake: 6.1.2 (/opt/ros/humble/share/rmw_implementation_cmake/cmake)\n'}
[0.579389] (orbslam3) StdoutLine: {'line': b'-- Found rmw_fastrtps_cpp: 6.2.10 (/opt/ros/humble/share/rmw_fastrtps_cpp/cmake)\n'}
[0.600253] (-) TimerEvent: {}
[0.656902] (orbslam3) StdoutLine: {'line': b'-- Found OpenSSL: /usr/lib/x86_64-linux-gnu/libcrypto.so (found version "3.0.2")  \n'}
[0.685872] (orbslam3) StdoutLine: {'line': b'-- Found FastRTPS: /opt/ros/humble/include  \n'}
[0.700339] (-) TimerEvent: {}
[0.729200] (orbslam3) StdoutLine: {'line': b"-- Using RMW implementation 'rmw_fastrtps_cpp' as default\n"}
[0.738436] (orbslam3) StdoutLine: {'line': b'-- Looking for pthread.h\n'}
[0.800456] (-) TimerEvent: {}
[0.802748] (orbslam3) StdoutLine: {'line': b'-- Looking for pthread.h - found\n'}
[0.803199] (orbslam3) StdoutLine: {'line': b'-- Performing Test CMAKE_HAVE_LIBC_PTHREAD\n'}
[0.872901] (orbslam3) StdoutLine: {'line': b'-- Performing Test CMAKE_HAVE_LIBC_PTHREAD - Success\n'}
[0.873993] (orbslam3) StdoutLine: {'line': b'-- Found Threads: TRUE  \n'}
[0.900541] (-) TimerEvent: {}
[0.923747] (orbslam3) StdoutLine: {'line': b'-- Found sensor_msgs: 4.9.1 (/opt/ros/humble/share/sensor_msgs/cmake)\n'}
[0.952552] (orbslam3) StdoutLine: {'line': b'-- Found cv_bridge: 3.2.1 (/opt/ros/humble/share/cv_bridge/cmake)\n'}
[0.965466] (orbslam3) StdoutLine: {'line': b'-- Found message_filters: 4.3.14 (/opt/ros/humble/share/message_filters/cmake)\n'}
[0.985569] (orbslam3) StdoutLine: {'line': b'-- Found OpenGL: /usr/lib/x86_64-linux-gnu/libOpenGL.so  found components: OpenGL \n'}
[0.988999] (orbslam3) StdoutLine: {'line': b'-- Found ORB_SLAM3: /home/romi/fawad/ORB_SLAM3/lib/libORB_SLAM3.so  \n'}
[0.990533] (orbslam3) StdoutLine: {'line': b'-- Found OpenCV: /usr (found version "4.5.4") found components: core imgproc highgui features2d calib3d imgcodecs \n'}
[1.000660] (-) TimerEvent: {}
[1.046767] (orbslam3) StdoutLine: {'line': b'-- Configuring done\n'}
[1.096698] (orbslam3) StdoutLine: {'line': b'-- Generating done\n'}
[1.100783] (-) TimerEvent: {}
[1.107048] (orbslam3) StdoutLine: {'line': b'-- Build files have been written to: /home/romi/fawad/ros2_ws/build/orbslam3\n'}
[1.116639] (orbslam3) CommandEnded: {'returncode': 0}
[1.117459] (orbslam3) JobProgress: {'identifier': 'orbslam3', 'progress': 'build'}
[1.118108] (orbslam3) Command: {'cmd': ['/usr/bin/cmake', '--build', '/home/romi/fawad/ros2_ws/build/orbslam3', '--', '-j12', '-l12'], 'cwd': '/home/romi/fawad/ros2_ws/build/orbslam3', 'env': OrderedDict([('GJS_DEBUG_TOPICS', 'JS ERROR;JS LOG'), ('LESSOPEN', '| /usr/bin/lesspipe %s'), ('VSCODE_CWD', '/home/romi'), ('CONDA_PROMPT_MODIFIER', '(base)'), ('USER', 'romi'), ('LC_TIME', 'ur_PK'), ('VSCODE_NLS_CONFIG', '{"userLocale":"en-us","osLocale":"en-us","resolvedLanguage":"en","defaultMessagesFile":"/usr/share/antigravity/resources/app/out/nls.messages.json","locale":"en-us","availableLanguages":{}}'), ('XDG_SESSION_TYPE', 'x11'), ('SHLVL', '0'), ('LD_LIBRARY_PATH', '/usr/lib/x86_64-linux-gnu/gazebo-11/plugins:/opt/ros/humble/opt/rviz_ogre_vendor/lib:/opt/ros/humble/lib/x86_64-linux-gnu:/opt/ros/humble/lib::/usr/local/cuda-12.1/lib64'), ('HOME', '/home/romi'), ('CHROME_DESKTOP', 'antigravity.desktop'), ('CONDA_SHLVL', '1'), ('DESKTOP_SESSION', 'ubuntu'), ('VSCODE_IPC_HOOK', '/run/user/1000/vscode-7394bb67-1.10-main.sock'), ('GIO_LAUNCHED_DESKTOP_FILE', '/usr/share/applications/antigravity.desktop'), ('ROS_PYTHON_VERSION', '3'), ('GNOME_SHELL_SESSION_MODE', 'ubuntu'), ('GTK_MODULES', 'gail:atk-bridge'), ('PAGER', 'cat'), ('LC_MONETARY', 'ur_PK'), ('MANAGERPID', '2441'), ('SYSTEMD_EXEC_PID', '2729'), ('DBUS_SESSION_BUS_ADDRESS', 'unix:path=/run/user/1000/bus'), ('_CE_M', ''), ('ANTIGRAVITY_AGENT', '1'), ('GIO_LAUNCHED_DESKTOP_FILE_PID', '166587'), ('ROS_DISTRO', 'humble'), ('GTK_IM_MODULE', 'ibus'), ('LOGNAME', 'romi'), ('JOURNAL_STREAM', '8:18647'), ('_', '/usr/bin/colcon'), ('ROS_VERSION', '2'), ('XDG_SESSION_CLASS', 'user'), ('USERNAME', 'romi'), ('TERM', 'dumb'), ('GNOME_DESKTOP_SESSION_ID', 'this-is-deprecated'), ('_CE_CONDA', ''), ('FC_FONTATIONS', '1'), ('ROS_LOCALHOST_ONLY', '0'), ('WINDOWPATH', '2'), ('ANTIGRAVITY_EDITOR_APP_ROOT', '/usr/share/antigravity/resources/app'), ('PATH', '/opt/ros/humble/bin:/home/romi/.local/bin:/home/romi/anaconda3/bin:/home/romi/anaconda3/condabin:/home/romi/.local/bin:/usr/local/sbin:/usr/local/bin:/usr/sbin:/usr/bin:/sbin:/bin:/usr/games:/usr/local/games:/snap/bin:/snap/bin:/usr/local/cuda-12.1/bin'), ('SESSION_MANAGER', 'local/romi-H370HD3:@/tmp/.ICE-unix/2700,unix/romi-H370HD3:/tmp/.ICE-unix/2700'), ('INVOCATION_ID', 'e48b6b5dd55e476a88a5092b5c1b4666'), ('XDG_MENU_PREFIX', 'gnome-'), ('LC_ADDRESS', 'ur_PK'), ('XDG_RUNTIME_DIR', '/run/user/1000'), ('GDK_BACKEND', 'x11'), ('DISPLAY', ':1'), ('LANG', 'en_US.UTF-8'), ('XDG_CURRENT_DESKTOP', 'ubuntu:GNOME'), ('LC_TELEPHONE', 'ur_PK'), ('XMODIFIERS', '@im=ibus'), ('XDG_SESSION_DESKTOP', 'ubuntu'), ('XAUTHORITY', '/run/user/1000/gdm/Xauthority'), ('LS_COLORS', ''), ('SSH_AGENT_LAUNCHER', 'gnome-keyring'), ('SSH_AUTH_SOCK', '/run/user/1000/keyring/ssh'), ('GSETTINGS_SCHEMA_DIR', '/home/romi/anaconda3/share/glib-2.0/schemas'), ('AMENT_PREFIX_PATH', '/opt/ros/humble'), ('CONDA_PYTHON_EXE', '/home/romi/anaconda3/bin/python'), ('SHELL', '/bin/bash'), ('LC_NAME', 'ur_PK'), ('QT_ACCESSIBILITY', '1'), ('GDMSESSION', 'ubuntu'), ('LESSCLOSE', '/usr/bin/lesspipe %s %s'), ('CONDA_DEFAULT_ENV', 'base'), ('LC_MEASUREMENT', 'ur_PK'), ('GPG_AGENT_INFO', '/run/user/1000/gnupg/S.gpg-agent:0:1'), ('GJS_DEBUG_OUTPUT', 'stderr'), ('LC_IDENTIFICATION', 'ur_PK'), ('QT_IM_MODULE', 'ibus'), ('ANTIGRAVITY_TRAJECTORY_ID', 'a2e887dc-b8c2-48f5-8b8e-049445c1876d'), ('PWD', '/home/romi/fawad/ros2_ws/build/orbslam3'), ('LC_ALL', 'en_US.UTF-8'), ('XDG_CONFIG_DIRS', '/etc/xdg/xdg-ubuntu:/etc/xdg'), ('CONDA_EXE', '/home/romi/anaconda3/bin/conda'), ('VSCODE_CODE_CACHE_PATH', '/home/romi/.config/Antigravity/CachedData/15487b3041e65228cae24980a3f796c905ef582c'), ('XDG_DATA_DIRS', '/usr/share/ubuntu:/usr/share/gnome:/usr/local/share/:/usr/share/:/var/lib/snapd/desktop'), ('PYTHONPATH', '/opt/ros/humble/lib/python3.10/site-packages:/opt/ros/humble/local/lib/python3.10/dist-packages'), ('LC_NUMERIC', 'ur_PK'), ('CONDA_PREFIX', '/home/romi/anaconda3'), ('GSETTINGS_SCHEMA_DIR_CONDA_BACKUP', ''), ('LC_PAPER', 'ur_PK'), ('COLCON', '1'), ('VSCODE_PID', '166587'), ('CMAKE_PREFIX_PATH', '/opt/ros/humble')]), 'shell': False}
[1.168240] (orbslam3) StdoutLine: {'line': b'[  8%] \x1b[32mBuilding CXX object CMakeFiles/stereo-inertial.dir/src/stereo-inertial/stereo-inertial-node.cpp.o\x1b[0m\n'}
[1.168464] (orbslam3) StdoutLine: {'line': b'[ 16%] \x1b[32mBuilding CXX object CMakeFiles/stereo-inertial.dir/src/stereo-inertial/stereo-inertial.cpp.o\x1b[0m\n'}
[1.168589] (orbslam3) StdoutLine: {'line': b'[ 25%] \x1b[32mBuilding CXX object CMakeFiles/stereo.dir/src/stereo/stereo.cpp.o\x1b[0m\n'}
[1.168764] (orbslam3) StdoutLine: {'line': b'[ 33%] \x1b[32mBuilding CXX object CMakeFiles/rgbd.dir/src/rgbd/rgbd-slam-node.cpp.o\x1b[0m\n'}
[1.168832] (orbslam3) StdoutLine: {'line': b'[ 41%] \x1b[32mBuilding CXX object CMakeFiles/mono.dir/src/monocular/mono.cpp.o\x1b[0m\n'}
[1.169088] (orbslam3) StdoutLine: {'line': b'[ 50%] \x1b[32mBuilding CXX object CMakeFiles/rgbd.dir/src/rgbd/rgbd.cpp.o\x1b[0m\n'}
[1.169789] (orbslam3) StdoutLine: {'line': b'[ 58%] \x1b[32mBuilding CXX object CMakeFiles/stereo.dir/src/stereo/stereo-slam-node.cpp.o\x1b[0m\n'}
[1.169991] (orbslam3) StdoutLine: {'line': b'[ 66%] \x1b[32mBuilding CXX object CMakeFiles/mono.dir/src/monocular/monocular-slam-node.cpp.o\x1b[0m\n'}
[1.200899] (-) TimerEvent: {}
[1.303176] (-) TimerEvent: {}
[1.403506] (-) TimerEvent: {}
[1.503780] (-) TimerEvent: {}
[1.604076] (-) TimerEvent: {}
[1.704364] (-) TimerEvent: {}
[1.804661] (-) TimerEvent: {}
[1.904944] (-) TimerEvent: {}
[2.005257] (-) TimerEvent: {}
[2.108162] (-) TimerEvent: {}
[2.208472] (-) TimerEvent: {}
[2.308793] (-) TimerEvent: {}
[2.409170] (-) TimerEvent: {}
[2.509543] (-) TimerEvent: {}
[2.609870] (-) TimerEvent: {}
[2.710163] (-) TimerEvent: {}
[2.810525] (-) TimerEvent: {}
[2.913186] (-) TimerEvent: {}
[3.013534] (-) TimerEvent: {}
[3.113906] (-) TimerEvent: {}
[3.216173] (-) TimerEvent: {}
[3.316504] (-) TimerEvent: {}
[3.417296] (-) TimerEvent: {}
[3.517939] (-) TimerEvent: {}
[3.618496] (-) TimerEvent: {}
[3.719133] (-) TimerEvent: {}
[3.819479] (-) TimerEvent: {}
[3.920038] (-) TimerEvent: {}
[4.022380] (-) TimerEvent: {}
[4.122775] (-) TimerEvent: {}
[4.223083] (-) TimerEvent: {}
[4.323618] (-) TimerEvent: {}
[4.423938] (-) TimerEvent: {}
[4.524289] (-) TimerEvent: {}
[4.624760] (-) TimerEvent: {}
[4.725069] (-) TimerEvent: {}
[4.825396] (-) TimerEvent: {}
[4.925777] (-) TimerEvent: {}
[5.026094] (-) TimerEvent: {}
[5.126595] (-) TimerEvent: {}
[5.226914] (-) TimerEvent: {}
[5.327319] (-) TimerEvent: {}
[5.427680] (-) TimerEvent: {}
[5.528049] (-) TimerEvent: {}
[5.628419] (-) TimerEvent: {}
[5.728759] (-) TimerEvent: {}
[5.829070] (-) TimerEvent: {}
[5.929389] (-) TimerEvent: {}
[6.029756] (-) TimerEvent: {}
[6.130068] (-) TimerEvent: {}
[6.230408] (-) TimerEvent: {}
[6.330722] (-) TimerEvent: {}
[6.431088] (-) TimerEvent: {}
[6.531431] (-) TimerEvent: {}
[6.631866] (-) TimerEvent: {}
[6.733176] (-) TimerEvent: {}
[6.833592] (-) TimerEvent: {}
[6.933994] (-) TimerEvent: {}
[7.034385] (-) TimerEvent: {}
[7.134769] (-) TimerEvent: {}
[7.235088] (-) TimerEvent: {}
[7.317868] (orbslam3) StderrLine: {'line': b'In file included from /home/romi/fawad/ORB_SLAM3/include/Frame.h:30,\n'}
[7.318158] (orbslam3) StderrLine: {'line': b'                 from /home/romi/fawad/ORB_SLAM3/include/KeyFrame.h:28,\n'}
[7.318298] (orbslam3) StderrLine: {'line': b'                 from /home/romi/fawad/ORB_SLAM3/include/MapPoint.h:23,\n'}
[7.318419] (orbslam3) StderrLine: {'line': b'                 from /home/romi/fawad/ORB_SLAM3/include/FrameDrawer.h:24,\n'}
[7.318774] (orbslam3) StderrLine: {'line': b'                 from /home/romi/fawad/ORB_SLAM3/include/Viewer.h:23,\n'}
[7.318898] (orbslam3) StderrLine: {'line': b'                 from /home/romi/fawad/ORB_SLAM3/include/Tracking.h:26,\n'}
[7.319021] (orbslam3) StderrLine: {'line': b'                 from /home/romi/fawad/ORB_SLAM3/include/System.h:31,\n'}
[7.319161] (orbslam3) StderrLine: {'line': b'                 from /home/romi/fawad/ros2_ws/src/ORB_SLAM3_ROS2/src/stereo/stereo-slam-node.hpp:13,\n'}
[7.319287] (orbslam3) StderrLine: {'line': b'                 from /home/romi/fawad/ros2_ws/src/ORB_SLAM3_ROS2/src/stereo/stereo-slam-node.cpp:1:\n'}
[7.319406] (orbslam3) StderrLine: {'line': b'/home/romi/fawad/ORB_SLAM3/include/ImuTypes.h: In member function \xe2\x80\x98void ORB_SLAM3::IMU::Preintegrated::printMeasurements() const\xe2\x80\x99:\n'}
[7.319526] (orbslam3) StderrLine: {'line': b'/home/romi/fawad/ORB_SLAM3/include/ImuTypes.h:204:23: warning: comparison of integer expressions of different signedness: \xe2\x80\x98int\xe2\x80\x99 and \xe2\x80\x98std::vector<ORB_SLAM3::IMU::Preintegrated::integrable>::size_type\xe2\x80\x99 {aka \xe2\x80\x98long unsigned int\xe2\x80\x99} [-Wsign-compare]\n'}
[7.319659] (orbslam3) StderrLine: {'line': b'  204 |         for(int i=0; i<mvMeasurements.size(); i++){\n'}
[7.319836] (orbslam3) StderrLine: {'line': b'      |                      ~^~~~~~~~~~~~~~~~~~~~~~\n'}
[7.335173] (-) TimerEvent: {}
[7.430055] (orbslam3) StderrLine: {'line': b'In file included from /home/romi/fawad/ORB_SLAM3/Thirdparty/g2o/g2o/types/types_six_dof_expmap.h:37,\n'}
[7.430443] (orbslam3) StderrLine: {'line': b'                 from /home/romi/fawad/ORB_SLAM3/include/Converter.h:26,\n'}
[7.430568] (orbslam3) StderrLine: {'line': b'                 from /home/romi/fawad/ORB_SLAM3/include/Frame.h:33,\n'}
[7.430668] (orbslam3) StderrLine: {'line': b'                 from /home/romi/fawad/ORB_SLAM3/include/KeyFrame.h:28,\n'}
[7.430762] (orbslam3) StderrLine: {'line': b'                 from /home/romi/fawad/ORB_SLAM3/include/MapPoint.h:23,\n'}
[7.430853] (orbslam3) StderrLine: {'line': b'                 from /home/romi/fawad/ORB_SLAM3/include/FrameDrawer.h:24,\n'}
[7.430942] (orbslam3) StderrLine: {'line': b'                 from /home/romi/fawad/ORB_SLAM3/include/Viewer.h:23,\n'}
[7.431110] (orbslam3) StderrLine: {'line': b'                 from /home/romi/fawad/ORB_SLAM3/include/Tracking.h:26,\n'}
[7.431221] (orbslam3) StderrLine: {'line': b'                 from /home/romi/fawad/ORB_SLAM3/include/System.h:31,\n'}
[7.431314] (orbslam3) StderrLine: {'line': b'                 from /home/romi/fawad/ros2_ws/src/ORB_SLAM3_ROS2/src/stereo/stereo-slam-node.hpp:13,\n'}
[7.431406] (orbslam3) StderrLine: {'line': b'                 from /home/romi/fawad/ros2_ws/src/ORB_SLAM3_ROS2/src/stereo/stereo-slam-node.cpp:1:\n'}
[7.431501] (orbslam3) StderrLine: {'line': b'/home/romi/fawad/ORB_SLAM3/Thirdparty/g2o/g2o/types/../core/base_vertex.h: At global scope:\n'}
[7.431588] (orbslam3) StderrLine: {'line': b'/home/romi/fawad/ORB_SLAM3/Thirdparty/g2o/g2o/types/../core/base_vertex.h:62:74: warning: \xe2\x80\x98Eigen::AlignedBit\xe2\x80\x99 is deprecated [-Wdeprecated-declarations]\n'}
[7.431675] (orbslam3) StderrLine: {'line': b'   62 |     typedef Eigen::Map<Matrix<double, D, D>, Matrix<double,D,D>::Flags & AlignedBit ? Aligned : Unaligned >  HessianBlockType;\n'}
[7.431767] (orbslam3) StderrLine: {'line': b'      |                                                                          ^~~~~~~~~~\n'}
[7.431865] (orbslam3) StderrLine: {'line': b'In file included from /usr/include/eigen3/Eigen/Core:161,\n'}
[7.431973] (orbslam3) StderrLine: {'line': b'                 from /usr/include/eigen3/Eigen/LU:11,\n'}
[7.432066] (orbslam3) StderrLine: {'line': b'                 from /home/romi/fawad/ORB_SLAM3/Thirdparty/Sophus/sophus/so2.hpp:12,\n'}
[7.432180] (orbslam3) StderrLine: {'line': b'                 from /home/romi/fawad/ORB_SLAM3/Thirdparty/Sophus/sophus/se2.hpp:7,\n'}
[7.432275] (orbslam3) StderrLine: {'line': b'                 from /home/romi/fawad/ORB_SLAM3/Thirdparty/Sophus/sophus/geometry.hpp:7,\n'}
[7.432366] (orbslam3) StderrLine: {'line': b'                 from /home/romi/fawad/ORB_SLAM3/include/Frame.h:28,\n'}
[7.432460] (orbslam3) StderrLine: {'line': b'                 from /home/romi/fawad/ORB_SLAM3/include/KeyFrame.h:28,\n'}
[7.432541] (orbslam3) StderrLine: {'line': b'                 from /home/romi/fawad/ORB_SLAM3/include/MapPoint.h:23,\n'}
[7.432630] (orbslam3) StderrLine: {'line': b'                 from /home/romi/fawad/ORB_SLAM3/include/FrameDrawer.h:24,\n'}
[7.432717] (orbslam3) StderrLine: {'line': b'                 from /home/romi/fawad/ORB_SLAM3/include/Viewer.h:23,\n'}
[7.432810] (orbslam3) StderrLine: {'line': b'                 from /home/romi/fawad/ORB_SLAM3/include/Tracking.h:26,\n'}
[7.432902] (orbslam3) StderrLine: {'line': b'                 from /home/romi/fawad/ORB_SLAM3/include/System.h:31,\n'}
[7.433017] (orbslam3) StderrLine: {'line': b'                 from /home/romi/fawad/ros2_ws/src/ORB_SLAM3_ROS2/src/stereo/stereo-slam-node.hpp:13,\n'}
[7.433118] (orbslam3) StderrLine: {'line': b'                 from /home/romi/fawad/ros2_ws/src/ORB_SLAM3_ROS2/src/stereo/stereo-slam-node.cpp:1:\n'}
[7.433227] (orbslam3) StderrLine: {'line': b'/usr/include/eigen3/Eigen/src/Core/util/Constants.h:167:37: note: declared here\n'}
[7.433319] (orbslam3) StderrLine: {'line': b'  167 | EIGEN_DEPRECATED const unsigned int AlignedBit = 0x80;\n'}
[7.433411] (orbslam3) StderrLine: {'line': b'      |                                     ^~~~~~~~~~\n'}
[7.435264] (-) TimerEvent: {}
[7.463070] (orbslam3) StderrLine: {'line': b'In file included from /home/romi/fawad/ORB_SLAM3/Thirdparty/g2o/g2o/types/types_six_dof_expmap.h:38,\n'}
[7.463513] (orbslam3) StderrLine: {'line': b'                 from /home/romi/fawad/ORB_SLAM3/include/Converter.h:26,\n'}
[7.463637] (orbslam3) StderrLine: {'line': b'                 from /home/romi/fawad/ORB_SLAM3/include/Frame.h:33,\n'}
[7.463739] (orbslam3) StderrLine: {'line': b'                 from /home/romi/fawad/ORB_SLAM3/include/KeyFrame.h:28,\n'}
[7.463856] (orbslam3) StderrLine: {'line': b'                 from /home/romi/fawad/ORB_SLAM3/include/MapPoint.h:23,\n'}
[7.463950] (orbslam3) StderrLine: {'line': b'                 from /home/romi/fawad/ORB_SLAM3/include/FrameDrawer.h:24,\n'}
[7.464036] (orbslam3) StderrLine: {'line': b'                 from /home/romi/fawad/ORB_SLAM3/include/Viewer.h:23,\n'}
[7.464147] (orbslam3) StderrLine: {'line': b'                 from /home/romi/fawad/ORB_SLAM3/include/Tracking.h:26,\n'}
[7.464251] (orbslam3) StderrLine: {'line': b'                 from /home/romi/fawad/ORB_SLAM3/include/System.h:31,\n'}
[7.464345] (orbslam3) StderrLine: {'line': b'                 from /home/romi/fawad/ros2_ws/src/ORB_SLAM3_ROS2/src/stereo/stereo-slam-node.hpp:13,\n'}
[7.464439] (orbslam3) StderrLine: {'line': b'                 from /home/romi/fawad/ros2_ws/src/ORB_SLAM3_ROS2/src/stereo/stereo-slam-node.cpp:1:\n'}
[7.464544] (orbslam3) StderrLine: {'line': b'/home/romi/fawad/ORB_SLAM3/Thirdparty/g2o/g2o/types/../core/base_binary_edge.h:59:82: warning: \xe2\x80\x98Eigen::AlignedBit\xe2\x80\x99 is deprecated [-Wdeprecated-declarations]\n'}
[7.464642] (orbslam3) StderrLine: {'line': b'   59 |       typedef Eigen::Map<Matrix<double, Di, Dj>, Matrix<double, Di, Dj>::Flags & AlignedBit ? Aligned : Unaligned > HessianBlockType;\n'}
[7.464740] (orbslam3) StderrLine: {'line': b'      |                                                                                  ^~~~~~~~~~\n'}
[7.464845] (orbslam3) StderrLine: {'line': b'In file included from /usr/include/eigen3/Eigen/Core:161,\n'}
[7.464943] (orbslam3) StderrLine: {'line': b'                 from /usr/include/eigen3/Eigen/LU:11,\n'}
[7.465037] (orbslam3) StderrLine: {'line': b'                 from /home/romi/fawad/ORB_SLAM3/Thirdparty/Sophus/sophus/so2.hpp:12,\n'}
[7.465143] (orbslam3) StderrLine: {'line': b'                 from /home/romi/fawad/ORB_SLAM3/Thirdparty/Sophus/sophus/se2.hpp:7,\n'}
[7.465246] (orbslam3) StderrLine: {'line': b'                 from /home/romi/fawad/ORB_SLAM3/Thirdparty/Sophus/sophus/geometry.hpp:7,\n'}
[7.465340] (orbslam3) StderrLine: {'line': b'                 from /home/romi/fawad/ORB_SLAM3/include/Frame.h:28,\n'}
[7.465434] (orbslam3) StderrLine: {'line': b'                 from /home/romi/fawad/ORB_SLAM3/include/KeyFrame.h:28,\n'}
[7.465529] (orbslam3) StderrLine: {'line': b'                 from /home/romi/fawad/ORB_SLAM3/include/MapPoint.h:23,\n'}
[7.465623] (orbslam3) StderrLine: {'line': b'                 from /home/romi/fawad/ORB_SLAM3/include/FrameDrawer.h:24,\n'}
[7.465716] (orbslam3) StderrLine: {'line': b'                 from /home/romi/fawad/ORB_SLAM3/include/Viewer.h:23,\n'}
[7.465809] (orbslam3) StderrLine: {'line': b'                 from /home/romi/fawad/ORB_SLAM3/include/Tracking.h:26,\n'}
[7.465903] (orbslam3) StderrLine: {'line': b'                 from /home/romi/fawad/ORB_SLAM3/include/System.h:31,\n'}
[7.465995] (orbslam3) StderrLine: {'line': b'                 from /home/romi/fawad/ros2_ws/src/ORB_SLAM3_ROS2/src/stereo/stereo-slam-node.hpp:13,\n'}
[7.466088] (orbslam3) StderrLine: {'line': b'                 from /home/romi/fawad/ros2_ws/src/ORB_SLAM3_ROS2/src/stereo/stereo-slam-node.cpp:1:\n'}
[7.466455] (orbslam3) StderrLine: {'line': b'/usr/include/eigen3/Eigen/src/Core/util/Constants.h:167:37: note: declared here\n'}
[7.466560] (orbslam3) StderrLine: {'line': b'  167 | EIGEN_DEPRECATED const unsigned int AlignedBit = 0x80;\n'}
[7.466658] (orbslam3) StderrLine: {'line': b'      |                                     ^~~~~~~~~~\n'}
[7.466752] (orbslam3) StderrLine: {'line': b'In file included from /home/romi/fawad/ORB_SLAM3/Thirdparty/g2o/g2o/types/types_six_dof_expmap.h:38,\n'}
[7.466847] (orbslam3) StderrLine: {'line': b'                 from /home/romi/fawad/ORB_SLAM3/include/Converter.h:26,\n'}
[7.466938] (orbslam3) StderrLine: {'line': b'                 from /home/romi/fawad/ORB_SLAM3/include/Frame.h:33,\n'}
[7.467032] (orbslam3) StderrLine: {'line': b'                 from /home/romi/fawad/ORB_SLAM3/include/KeyFrame.h:28,\n'}
[7.467144] (orbslam3) StderrLine: {'line': b'                 from /home/romi/fawad/ORB_SLAM3/include/MapPoint.h:23,\n'}
[7.467271] (orbslam3) StderrLine: {'line': b'                 from /home/romi/fawad/ORB_SLAM3/include/FrameDrawer.h:24,\n'}
[7.467367] (orbslam3) StderrLine: {'line': b'                 from /home/romi/fawad/ORB_SLAM3/include/Viewer.h:23,\n'}
[7.467461] (orbslam3) StderrLine: {'line': b'                 from /home/romi/fawad/ORB_SLAM3/include/Tracking.h:26,\n'}
[7.467552] (orbslam3) StderrLine: {'line': b'                 from /home/romi/fawad/ORB_SLAM3/include/System.h:31,\n'}
[7.467644] (orbslam3) StderrLine: {'line': b'                 from /home/romi/fawad/ros2_ws/src/ORB_SLAM3_ROS2/src/stereo/stereo-slam-node.hpp:13,\n'}
[7.467750] (orbslam3) StderrLine: {'line': b'                 from /home/romi/fawad/ros2_ws/src/ORB_SLAM3_ROS2/src/stereo/stereo-slam-node.cpp:1:\n'}
[7.467844] (orbslam3) StderrLine: {'line': b'/home/romi/fawad/ORB_SLAM3/Thirdparty/g2o/g2o/types/../core/base_binary_edge.h:60:82: warning: \xe2\x80\x98Eigen::AlignedBit\xe2\x80\x99 is deprecated [-Wdeprecated-declarations]\n'}
[7.467939] (orbslam3) StderrLine: {'line': b'   60 |       typedef Eigen::Map<Matrix<double, Dj, Di>, Matrix<double, Dj, Di>::Flags & AlignedBit ? Aligned : Unaligned > HessianBlockTransposedType;\n'}
[7.468037] (orbslam3) StderrLine: {'line': b'      |                                                                                  ^~~~~~~~~~\n'}
[7.468143] (orbslam3) StderrLine: {'line': b'In file included from /usr/include/eigen3/Eigen/Core:161,\n'}
[7.468247] (orbslam3) StderrLine: {'line': b'                 from /usr/include/eigen3/Eigen/LU:11,\n'}
[7.468396] (orbslam3) StderrLine: {'line': b'                 from /home/romi/fawad/ORB_SLAM3/Thirdparty/Sophus/sophus/so2.hpp:12,\n'}
[7.468497] (orbslam3) StderrLine: {'line': b'                 from /home/romi/fawad/ORB_SLAM3/Thirdparty/Sophus/sophus/se2.hpp:7,\n'}
[7.468590] (orbslam3) StderrLine: {'line': b'                 from /home/romi/fawad/ORB_SLAM3/Thirdparty/Sophus/sophus/geometry.hpp:7,\n'}
[7.468684] (orbslam3) StderrLine: {'line': b'                 from /home/romi/fawad/ORB_SLAM3/include/Frame.h:28,\n'}
[7.468776] (orbslam3) StderrLine: {'line': b'                 from /home/romi/fawad/ORB_SLAM3/include/KeyFrame.h:28,\n'}
[7.468880] (orbslam3) StderrLine: {'line': b'                 from /home/romi/fawad/ORB_SLAM3/include/MapPoint.h:23,\n'}
[7.468975] (orbslam3) StderrLine: {'line': b'                 from /home/romi/fawad/ORB_SLAM3/include/FrameDrawer.h:24,\n'}
[7.469068] (orbslam3) StderrLine: {'line': b'                 from /home/romi/fawad/ORB_SLAM3/include/Viewer.h:23,\n'}
[7.469180] (orbslam3) StderrLine: {'line': b'                 from /home/romi/fawad/ORB_SLAM3/include/Tracking.h:26,\n'}
[7.469277] (orbslam3) StderrLine: {'line': b'                 from /home/romi/fawad/ORB_SLAM3/include/System.h:31,\n'}
[7.469369] (orbslam3) StderrLine: {'line': b'                 from /home/romi/fawad/ros2_ws/src/ORB_SLAM3_ROS2/src/stereo/stereo-slam-node.hpp:13,\n'}
[7.469492] (orbslam3) StderrLine: {'line': b'                 from /home/romi/fawad/ros2_ws/src/ORB_SLAM3_ROS2/src/stereo/stereo-slam-node.cpp:1:\n'}
[7.469589] (orbslam3) StderrLine: {'line': b'/usr/include/eigen3/Eigen/src/Core/util/Constants.h:167:37: note: declared here\n'}
[7.469684] (orbslam3) StderrLine: {'line': b'  167 | EIGEN_DEPRECATED const unsigned int AlignedBit = 0x80;\n'}
[7.469778] (orbslam3) StderrLine: {'line': b'      |                                     ^~~~~~~~~~\n'}
[7.531537] (orbslam3) StderrLine: {'line': b'In file included from /home/romi/fawad/ORB_SLAM3/Thirdparty/g2o/g2o/types/types_six_dof_expmap.h:41,\n'}
[7.531757] (orbslam3) StderrLine: {'line': b'                 from /home/romi/fawad/ORB_SLAM3/include/Converter.h:26,\n'}
[7.531869] (orbslam3) StderrLine: {'line': b'                 from /home/romi/fawad/ORB_SLAM3/include/Frame.h:33,\n'}
[7.531966] (orbslam3) StderrLine: {'line': b'                 from /home/romi/fawad/ORB_SLAM3/include/KeyFrame.h:28,\n'}
[7.532077] (orbslam3) StderrLine: {'line': b'                 from /home/romi/fawad/ORB_SLAM3/include/MapPoint.h:23,\n'}
[7.532184] (orbslam3) StderrLine: {'line': b'                 from /home/romi/fawad/ORB_SLAM3/include/FrameDrawer.h:24,\n'}
[7.532276] (orbslam3) StderrLine: {'line': b'                 from /home/romi/fawad/ORB_SLAM3/include/Viewer.h:23,\n'}
[7.532367] (orbslam3) StderrLine: {'line': b'                 from /home/romi/fawad/ORB_SLAM3/include/Tracking.h:26,\n'}
[7.532456] (orbslam3) StderrLine: {'line': b'                 from /home/romi/fawad/ORB_SLAM3/include/System.h:31,\n'}
[7.532630] (orbslam3) StderrLine: {'line': b'                 from /home/romi/fawad/ros2_ws/src/ORB_SLAM3_ROS2/src/stereo/stereo-slam-node.hpp:13,\n'}
[7.532730] (orbslam3) StderrLine: {'line': b'                 from /home/romi/fawad/ros2_ws/src/ORB_SLAM3_ROS2/src/stereo/stereo-slam-node.cpp:1:\n'}
[7.532821] (orbslam3) StderrLine: {'line': b'/home/romi/fawad/ORB_SLAM3/Thirdparty/g2o/g2o/types/se3quat.h:43:38: warning: extra \xe2\x80\x98;\xe2\x80\x99 [-Wpedantic]\n'}
[7.532904] (orbslam3) StderrLine: {'line': b'   43 |       EIGEN_MAKE_ALIGNED_OPERATOR_NEW;\n'}
[7.532994] (orbslam3) StderrLine: {'line': b'      |                                      ^\n'}
[7.533071] (orbslam3) StderrLine: {'line': b'      |                                      -\n'}
[7.535371] (-) TimerEvent: {}
[7.638199] (-) TimerEvent: {}
[7.738558] (-) TimerEvent: {}
[7.839000] (-) TimerEvent: {}
[7.887423] (orbslam3) StderrLine: {'line': b'In file included from /home/romi/fawad/ORB_SLAM3/include/Frame.h:30,\n'}
[7.887641] (orbslam3) StderrLine: {'line': b'                 from /home/romi/fawad/ORB_SLAM3/include/KeyFrame.h:28,\n'}
[7.887752] (orbslam3) StderrLine: {'line': b'                 from /home/romi/fawad/ORB_SLAM3/include/MapPoint.h:23,\n'}
[7.887855] (orbslam3) StderrLine: {'line': b'                 from /home/romi/fawad/ORB_SLAM3/include/FrameDrawer.h:24,\n'}
[7.887949] (orbslam3) StderrLine: {'line': b'                 from /home/romi/fawad/ORB_SLAM3/include/Viewer.h:23,\n'}
[7.888037] (orbslam3) StderrLine: {'line': b'                 from /home/romi/fawad/ORB_SLAM3/include/Tracking.h:26,\n'}
[7.888158] (orbslam3) StderrLine: {'line': b'                 from /home/romi/fawad/ORB_SLAM3/include/System.h:31,\n'}
[7.888263] (orbslam3) StderrLine: {'line': b'                 from /home/romi/fawad/ros2_ws/src/ORB_SLAM3_ROS2/src/stereo-inertial/stereo-inertial-node.hpp:10,\n'}
[7.888364] (orbslam3) StderrLine: {'line': b'                 from /home/romi/fawad/ros2_ws/src/ORB_SLAM3_ROS2/src/stereo-inertial/stereo-inertial-node.cpp:1:\n'}
[7.888472] (orbslam3) StderrLine: {'line': b'/home/romi/fawad/ORB_SLAM3/include/ImuTypes.h: In member function \xe2\x80\x98void ORB_SLAM3::IMU::Preintegrated::printMeasurements() const\xe2\x80\x99:\n'}
[7.888571] (orbslam3) StderrLine: {'line': b'/home/romi/fawad/ORB_SLAM3/include/ImuTypes.h:204:23: warning: comparison of integer expressions of different signedness: \xe2\x80\x98int\xe2\x80\x99 and \xe2\x80\x98std::vector<ORB_SLAM3::IMU::Preintegrated::integrable>::size_type\xe2\x80\x99 {aka \xe2\x80\x98long unsigned int\xe2\x80\x99} [-Wsign-compare]\n'}
[7.888670] (orbslam3) StderrLine: {'line': b'  204 |         for(int i=0; i<mvMeasurements.size(); i++){\n'}
[7.888764] (orbslam3) StderrLine: {'line': b'      |                      ~^~~~~~~~~~~~~~~~~~~~~~\n'}
[7.939087] (-) TimerEvent: {}
[7.978625] (orbslam3) StderrLine: {'line': b'In file included from /home/romi/fawad/ORB_SLAM3/include/Frame.h:30,\n'}
[7.978869] (orbslam3) StderrLine: {'line': b'                 from /home/romi/fawad/ORB_SLAM3/include/KeyFrame.h:28,\n'}
[7.978983] (orbslam3) StderrLine: {'line': b'                 from /home/romi/fawad/ORB_SLAM3/include/MapPoint.h:23,\n'}
[7.979079] (orbslam3) StderrLine: {'line': b'                 from /home/romi/fawad/ORB_SLAM3/include/FrameDrawer.h:24,\n'}
[7.979180] (orbslam3) StderrLine: {'line': b'                 from /home/romi/fawad/ORB_SLAM3/include/Viewer.h:23,\n'}
[7.979271] (orbslam3) StderrLine: {'line': b'                 from /home/romi/fawad/ORB_SLAM3/include/Tracking.h:26,\n'}
[7.979353] (orbslam3) StderrLine: {'line': b'                 from /home/romi/fawad/ORB_SLAM3/include/System.h:31,\n'}
[7.979441] (orbslam3) StderrLine: {'line': b'                 from /home/romi/fawad/ros2_ws/src/ORB_SLAM3_ROS2/src/rgbd/rgbd-slam-node.hpp:18,\n'}
[7.979538] (orbslam3) StderrLine: {'line': b'                 from /home/romi/fawad/ros2_ws/src/ORB_SLAM3_ROS2/src/rgbd/rgbd.cpp:7:\n'}
[7.979633] (orbslam3) StderrLine: {'line': b'/home/romi/fawad/ORB_SLAM3/include/ImuTypes.h: In member function \xe2\x80\x98void ORB_SLAM3::IMU::Preintegrated::printMeasurements() const\xe2\x80\x99:\n'}
[7.979728] (orbslam3) StderrLine: {'line': b'/home/romi/fawad/ORB_SLAM3/include/ImuTypes.h:204:23: warning: comparison of integer expressions of different signedness: \xe2\x80\x98int\xe2\x80\x99 and \xe2\x80\x98std::vector<ORB_SLAM3::IMU::Preintegrated::integrable>::size_type\xe2\x80\x99 {aka \xe2\x80\x98long unsigned int\xe2\x80\x99} [-Wsign-compare]\n'}
[7.979851] (orbslam3) StderrLine: {'line': b'  204 |         for(int i=0; i<mvMeasurements.size(); i++){\n'}
[7.979943] (orbslam3) StderrLine: {'line': b'      |                      ~^~~~~~~~~~~~~~~~~~~~~~\n'}
[7.995930] (orbslam3) StderrLine: {'line': b'In file included from /home/romi/fawad/ORB_SLAM3/include/Frame.h:30,\n'}
[7.996220] (orbslam3) StderrLine: {'line': b'                 from /home/romi/fawad/ORB_SLAM3/include/KeyFrame.h:28,\n'}
[7.996360] (orbslam3) StderrLine: {'line': b'                 from /home/romi/fawad/ORB_SLAM3/include/MapPoint.h:23,\n'}
[7.996459] (orbslam3) StderrLine: {'line': b'                 from /home/romi/fawad/ORB_SLAM3/include/FrameDrawer.h:24,\n'}
[7.996543] (orbslam3) StderrLine: {'line': b'                 from /home/romi/fawad/ORB_SLAM3/include/Viewer.h:23,\n'}
[7.996618] (orbslam3) StderrLine: {'line': b'                 from /home/romi/fawad/ORB_SLAM3/include/Tracking.h:26,\n'}
[7.996703] (orbslam3) StderrLine: {'line': b'                 from /home/romi/fawad/ORB_SLAM3/include/System.h:31,\n'}
[7.996792] (orbslam3) StderrLine: {'line': b'                 from /home/romi/fawad/ros2_ws/src/ORB_SLAM3_ROS2/src/monocular/monocular-slam-node.hpp:9,\n'}
[7.996903] (orbslam3) StderrLine: {'line': b'                 from /home/romi/fawad/ros2_ws/src/ORB_SLAM3_ROS2/src/monocular/mono.cpp:7:\n'}
[7.996989] (orbslam3) StderrLine: {'line': b'/home/romi/fawad/ORB_SLAM3/include/ImuTypes.h: In member function \xe2\x80\x98void ORB_SLAM3::IMU::Preintegrated::printMeasurements() const\xe2\x80\x99:\n'}
[7.997089] (orbslam3) StderrLine: {'line': b'/home/romi/fawad/ORB_SLAM3/include/ImuTypes.h:204:23: warning: comparison of integer expressions of different signedness: \xe2\x80\x98int\xe2\x80\x99 and \xe2\x80\x98std::vector<ORB_SLAM3::IMU::Preintegrated::integrable>::size_type\xe2\x80\x99 {aka \xe2\x80\x98long unsigned int\xe2\x80\x99} [-Wsign-compare]\n'}
[7.997213] (orbslam3) StderrLine: {'line': b'  204 |         for(int i=0; i<mvMeasurements.size(); i++){\n'}
[7.997303] (orbslam3) StderrLine: {'line': b'      |                      ~^~~~~~~~~~~~~~~~~~~~~~\n'}
[8.020370] (orbslam3) StderrLine: {'line': b'In file included from /home/romi/fawad/ORB_SLAM3/Thirdparty/g2o/g2o/types/types_six_dof_expmap.h:37,\n'}
[8.020576] (orbslam3) StderrLine: {'line': b'                 from /home/romi/fawad/ORB_SLAM3/include/Converter.h:26,\n'}
[8.020681] (orbslam3) StderrLine: {'line': b'                 from /home/romi/fawad/ORB_SLAM3/include/Frame.h:33,\n'}
[8.020782] (orbslam3) StderrLine: {'line': b'                 from /home/romi/fawad/ORB_SLAM3/include/KeyFrame.h:28,\n'}
[8.020875] (orbslam3) StderrLine: {'line': b'                 from /home/romi/fawad/ORB_SLAM3/include/MapPoint.h:23,\n'}
[8.020964] (orbslam3) StderrLine: {'line': b'                 from /home/romi/fawad/ORB_SLAM3/include/FrameDrawer.h:24,\n'}
[8.021055] (orbslam3) StderrLine: {'line': b'                 from /home/romi/fawad/ORB_SLAM3/include/Viewer.h:23,\n'}
[8.021152] (orbslam3) StderrLine: {'line': b'                 from /home/romi/fawad/ORB_SLAM3/include/Tracking.h:26,\n'}
[8.021246] (orbslam3) StderrLine: {'line': b'                 from /home/romi/fawad/ORB_SLAM3/include/System.h:31,\n'}
[8.021333] (orbslam3) StderrLine: {'line': b'                 from /home/romi/fawad/ros2_ws/src/ORB_SLAM3_ROS2/src/stereo-inertial/stereo-inertial-node.hpp:10,\n'}
[8.021427] (orbslam3) StderrLine: {'line': b'                 from /home/romi/fawad/ros2_ws/src/ORB_SLAM3_ROS2/src/stereo-inertial/stereo-inertial-node.cpp:1:\n'}
[8.021533] (orbslam3) StderrLine: {'line': b'/home/romi/fawad/ORB_SLAM3/Thirdparty/g2o/g2o/types/../core/base_vertex.h: At global scope:\n'}
[8.021628] (orbslam3) StderrLine: {'line': b'/home/romi/fawad/ORB_SLAM3/Thirdparty/g2o/g2o/types/../core/base_vertex.h:62:74: warning: \xe2\x80\x98Eigen::AlignedBit\xe2\x80\x99 is deprecated [-Wdeprecated-declarations]\n'}
[8.021719] (orbslam3) StderrLine: {'line': b'   62 |     typedef Eigen::Map<Matrix<double, D, D>, Matrix<double,D,D>::Flags & AlignedBit ? Aligned : Unaligned >  HessianBlockType;\n'}
[8.021812] (orbslam3) StderrLine: {'line': b'      |                                                                          ^~~~~~~~~~\n'}
[8.022011] (orbslam3) StderrLine: {'line': b'In file included from /usr/include/eigen3/Eigen/Core:161,\n'}
[8.022125] (orbslam3) StderrLine: {'line': b'                 from /usr/include/eigen3/Eigen/LU:11,\n'}
[8.022228] (orbslam3) StderrLine: {'line': b'                 from /home/romi/fawad/ORB_SLAM3/Thirdparty/Sophus/sophus/so2.hpp:12,\n'}
[8.022318] (orbslam3) StderrLine: {'line': b'                 from /home/romi/fawad/ORB_SLAM3/Thirdparty/Sophus/sophus/se2.hpp:7,\n'}
[8.022412] (orbslam3) StderrLine: {'line': b'                 from /home/romi/fawad/ORB_SLAM3/Thirdparty/Sophus/sophus/geometry.hpp:7,\n'}
[8.022502] (orbslam3) StderrLine: {'line': b'                 from /home/romi/fawad/ORB_SLAM3/include/Frame.h:28,\n'}
[8.022590] (orbslam3) StderrLine: {'line': b'                 from /home/romi/fawad/ORB_SLAM3/include/KeyFrame.h:28,\n'}
[8.022683] (orbslam3) StderrLine: {'line': b'                 from /home/romi/fawad/ORB_SLAM3/include/MapPoint.h:23,\n'}
[8.022775] (orbslam3) StderrLine: {'line': b'                 from /home/romi/fawad/ORB_SLAM3/include/FrameDrawer.h:24,\n'}
[8.022867] (orbslam3) StderrLine: {'line': b'                 from /home/romi/fawad/ORB_SLAM3/include/Viewer.h:23,\n'}
[8.022960] (orbslam3) StderrLine: {'line': b'                 from /home/romi/fawad/ORB_SLAM3/include/Tracking.h:26,\n'}
[8.023051] (orbslam3) StderrLine: {'line': b'                 from /home/romi/fawad/ORB_SLAM3/include/System.h:31,\n'}
[8.023159] (orbslam3) StderrLine: {'line': b'                 from /home/romi/fawad/ros2_ws/src/ORB_SLAM3_ROS2/src/stereo-inertial/stereo-inertial-node.hpp:10,\n'}
[8.023250] (orbslam3) StderrLine: {'line': b'                 from /home/romi/fawad/ros2_ws/src/ORB_SLAM3_ROS2/src/stereo-inertial/stereo-inertial-node.cpp:1:\n'}
[8.023340] (orbslam3) StderrLine: {'line': b'/usr/include/eigen3/Eigen/src/Core/util/Constants.h:167:37: note: declared here\n'}
[8.023444] (orbslam3) StderrLine: {'line': b'  167 | EIGEN_DEPRECATED const unsigned int AlignedBit = 0x80;\n'}
[8.023541] (orbslam3) StderrLine: {'line': b'      |                                     ^~~~~~~~~~\n'}
[8.039161] (-) TimerEvent: {}
[8.053038] (orbslam3) StderrLine: {'line': b'In file included from /home/romi/fawad/ORB_SLAM3/Thirdparty/g2o/g2o/types/types_six_dof_expmap.h:38,\n'}
[8.053446] (orbslam3) StderrLine: {'line': b'                 from /home/romi/fawad/ORB_SLAM3/include/Converter.h:26,\n'}
[8.053568] (orbslam3) StderrLine: {'line': b'                 from /home/romi/fawad/ORB_SLAM3/include/Frame.h:33,\n'}
[8.053665] (orbslam3) StderrLine: {'line': b'                 from /home/romi/fawad/ORB_SLAM3/include/KeyFrame.h:28,\n'}
[8.053760] (orbslam3) StderrLine: {'line': b'                 from /home/romi/fawad/ORB_SLAM3/include/MapPoint.h:23,\n'}
[8.053850] (orbslam3) StderrLine: {'line': b'                 from /home/romi/fawad/ORB_SLAM3/include/FrameDrawer.h:24,\n'}
[8.053948] (orbslam3) StderrLine: {'line': b'                 from /home/romi/fawad/ORB_SLAM3/include/Viewer.h:23,\n'}
[8.054038] (orbslam3) StderrLine: {'line': b'                 from /home/romi/fawad/ORB_SLAM3/include/Tracking.h:26,\n'}
[8.054154] (orbslam3) StderrLine: {'line': b'                 from /home/romi/fawad/ORB_SLAM3/include/System.h:31,\n'}
[8.054248] (orbslam3) StderrLine: {'line': b'                 from /home/romi/fawad/ros2_ws/src/ORB_SLAM3_ROS2/src/stereo-inertial/stereo-inertial-node.hpp:10,\n'}
[8.054331] (orbslam3) StderrLine: {'line': b'                 from /home/romi/fawad/ros2_ws/src/ORB_SLAM3_ROS2/src/stereo-inertial/stereo-inertial-node.cpp:1:\n'}
[8.054419] (orbslam3) StderrLine: {'line': b'/home/romi/fawad/ORB_SLAM3/Thirdparty/g2o/g2o/types/../core/base_binary_edge.h:59:82: warning: \xe2\x80\x98Eigen::AlignedBit\xe2\x80\x99 is deprecated [-Wdeprecated-declarations]\n'}
[8.054522] (orbslam3) StderrLine: {'line': b'   59 |       typedef Eigen::Map<Matrix<double, Di, Dj>, Matrix<double, Di, Dj>::Flags & AlignedBit ? Aligned : Unaligned > HessianBlockType;\n'}
[8.054611] (orbslam3) StderrLine: {'line': b'      |                                                                                  ^~~~~~~~~~\n'}
[8.054704] (orbslam3) StderrLine: {'line': b'In file included from /usr/include/eigen3/Eigen/Core:161,\n'}
[8.054796] (orbslam3) StderrLine: {'line': b'                 from /usr/include/eigen3/Eigen/LU:11,\n'}
[8.054886] (orbslam3) StderrLine: {'line': b'                 from /home/romi/fawad/ORB_SLAM3/Thirdparty/Sophus/sophus/so2.hpp:12,\n'}
[8.054974] (orbslam3) StderrLine: {'line': b'                 from /home/romi/fawad/ORB_SLAM3/Thirdparty/Sophus/sophus/se2.hpp:7,\n'}
[8.055063] (orbslam3) StderrLine: {'line': b'                 from /home/romi/fawad/ORB_SLAM3/Thirdparty/Sophus/sophus/geometry.hpp:7,\n'}
[8.055170] (orbslam3) StderrLine: {'line': b'                 from /home/romi/fawad/ORB_SLAM3/include/Frame.h:28,\n'}
[8.055267] (orbslam3) StderrLine: {'line': b'                 from /home/romi/fawad/ORB_SLAM3/include/KeyFrame.h:28,\n'}
[8.055356] (orbslam3) StderrLine: {'line': b'                 from /home/romi/fawad/ORB_SLAM3/include/MapPoint.h:23,\n'}
[8.055457] (orbslam3) StderrLine: {'line': b'                 from /home/romi/fawad/ORB_SLAM3/include/FrameDrawer.h:24,\n'}
[8.055546] (orbslam3) StderrLine: {'line': b'                 from /home/romi/fawad/ORB_SLAM3/include/Viewer.h:23,\n'}
[8.055633] (orbslam3) StderrLine: {'line': b'                 from /home/romi/fawad/ORB_SLAM3/include/Tracking.h:26,\n'}
[8.055721] (orbslam3) StderrLine: {'line': b'                 from /home/romi/fawad/ORB_SLAM3/include/System.h:31,\n'}
[8.055810] (orbslam3) StderrLine: {'line': b'                 from /home/romi/fawad/ros2_ws/src/ORB_SLAM3_ROS2/src/stereo-inertial/stereo-inertial-node.hpp:10,\n'}
[8.055898] (orbslam3) StderrLine: {'line': b'                 from /home/romi/fawad/ros2_ws/src/ORB_SLAM3_ROS2/src/stereo-inertial/stereo-inertial-node.cpp:1:\n'}
[8.055991] (orbslam3) StderrLine: {'line': b'/usr/include/eigen3/Eigen/src/Core/util/Constants.h:167:37: note: declared here\n'}
[8.056082] (orbslam3) StderrLine: {'line': b'  167 | EIGEN_DEPRECATED const unsigned int AlignedBit = 0x80;\n'}
[8.056234] (orbslam3) StderrLine: {'line': b'      |                                     ^~~~~~~~~~\n'}
[8.056330] (orbslam3) StderrLine: {'line': b'In file included from /home/romi/fawad/ORB_SLAM3/Thirdparty/g2o/g2o/types/types_six_dof_expmap.h:38,\n'}
[8.056419] (orbslam3) StderrLine: {'line': b'                 from /home/romi/fawad/ORB_SLAM3/include/Converter.h:26,\n'}
[8.056509] (orbslam3) StderrLine: {'line': b'                 from /home/romi/fawad/ORB_SLAM3/include/Frame.h:33,\n'}
[8.056606] (orbslam3) StderrLine: {'line': b'                 from /home/romi/fawad/ORB_SLAM3/include/KeyFrame.h:28,\n'}
[8.056696] (orbslam3) StderrLine: {'line': b'                 from /home/romi/fawad/ORB_SLAM3/include/MapPoint.h:23,\n'}
[8.056788] (orbslam3) StderrLine: {'line': b'                 from /home/romi/fawad/ORB_SLAM3/include/FrameDrawer.h:24,\n'}
[8.056878] (orbslam3) StderrLine: {'line': b'                 from /home/romi/fawad/ORB_SLAM3/include/Viewer.h:23,\n'}
[8.056971] (orbslam3) StderrLine: {'line': b'                 from /home/romi/fawad/ORB_SLAM3/include/Tracking.h:26,\n'}
[8.057066] (orbslam3) StderrLine: {'line': b'                 from /home/romi/fawad/ORB_SLAM3/include/System.h:31,\n'}
[8.057258] (orbslam3) StderrLine: {'line': b'                 from /home/romi/fawad/ros2_ws/src/ORB_SLAM3_ROS2/src/stereo-inertial/stereo-inertial-node.hpp:10,\n'}
[8.057366] (orbslam3) StderrLine: {'line': b'                 from /home/romi/fawad/ros2_ws/src/ORB_SLAM3_ROS2/src/stereo-inertial/stereo-inertial-node.cpp:1:\n'}
[8.057461] (orbslam3) StderrLine: {'line': b'/home/romi/fawad/ORB_SLAM3/Thirdparty/g2o/g2o/types/../core/base_binary_edge.h:60:82: warning: \xe2\x80\x98Eigen::AlignedBit\xe2\x80\x99 is deprecated [-Wdeprecated-declarations]\n'}
[8.057642] (orbslam3) StderrLine: {'line': b'   60 |       typedef Eigen::Map<Matrix<double, Dj, Di>, Matrix<double, Dj, Di>::Flags & AlignedBit ? Aligned : Unaligned > HessianBlockTransposedType;\n'}
[8.057750] (orbslam3) StderrLine: {'line': b'      |                                                                                  ^~~~~~~~~~\n'}
[8.057847] (orbslam3) StderrLine: {'line': b'In file included from /usr/include/eigen3/Eigen/Core:161,\n'}
[8.057934] (orbslam3) StderrLine: {'line': b'                 from /usr/include/eigen3/Eigen/LU:11,\n'}
[8.058040] (orbslam3) StderrLine: {'line': b'                 from /home/romi/fawad/ORB_SLAM3/Thirdparty/Sophus/sophus/so2.hpp:12,\n'}
[8.058203] (orbslam3) StderrLine: {'line': b'                 from /home/romi/fawad/ORB_SLAM3/Thirdparty/Sophus/sophus/se2.hpp:7,\n'}
[8.058341] (orbslam3) StderrLine: {'line': b'                 from /home/romi/fawad/ORB_SLAM3/Thirdparty/Sophus/sophus/geometry.hpp:7,\n'}
[8.058460] (orbslam3) StderrLine: {'line': b'                 from /home/romi/fawad/ORB_SLAM3/include/Frame.h:28,\n'}
[8.058576] (orbslam3) StderrLine: {'line': b'                 from /home/romi/fawad/ORB_SLAM3/include/KeyFrame.h:28,\n'}
[8.058693] (orbslam3) StderrLine: {'line': b'                 from /home/romi/fawad/ORB_SLAM3/include/MapPoint.h:23,\n'}
[8.058819] (orbslam3) StderrLine: {'line': b'                 from /home/romi/fawad/ORB_SLAM3/include/FrameDrawer.h:24,\n'}
[8.058932] (orbslam3) StderrLine: {'line': b'                 from /home/romi/fawad/ORB_SLAM3/include/Viewer.h:23,\n'}
[8.059093] (orbslam3) StderrLine: {'line': b'                 from /home/romi/fawad/ORB_SLAM3/include/Tracking.h:26,\n'}
[8.059216] (orbslam3) StderrLine: {'line': b'                 from /home/romi/fawad/ORB_SLAM3/include/System.h:31,\n'}
[8.059317] (orbslam3) StderrLine: {'line': b'                 from /home/romi/fawad/ros2_ws/src/ORB_SLAM3_ROS2/src/stereo-inertial/stereo-inertial-node.hpp:10,\n'}
[8.059421] (orbslam3) StderrLine: {'line': b'                 from /home/romi/fawad/ros2_ws/src/ORB_SLAM3_ROS2/src/stereo-inertial/stereo-inertial-node.cpp:1:\n'}
[8.059517] (orbslam3) StderrLine: {'line': b'/usr/include/eigen3/Eigen/src/Core/util/Constants.h:167:37: note: declared here\n'}
[8.059726] (orbslam3) StderrLine: {'line': b'  167 | EIGEN_DEPRECATED const unsigned int AlignedBit = 0x80;\n'}
[8.059849] (orbslam3) StderrLine: {'line': b'      |                                     ^~~~~~~~~~\n'}
[8.076282] (orbslam3) StderrLine: {'line': b'In file included from /home/romi/fawad/ORB_SLAM3/Thirdparty/g2o/g2o/types/types_six_dof_expmap.h:37,\n'}
[8.076511] (orbslam3) StderrLine: {'line': b'                 from /home/romi/fawad/ORB_SLAM3/include/Converter.h:26,\n'}
[8.076619] (orbslam3) StderrLine: {'line': b'                 from /home/romi/fawad/ORB_SLAM3/include/Frame.h:33,\n'}
[8.076723] (orbslam3) StderrLine: {'line': b'                 from /home/romi/fawad/ORB_SLAM3/include/KeyFrame.h:28,\n'}
[8.076822] (orbslam3) StderrLine: {'line': b'                 from /home/romi/fawad/ORB_SLAM3/include/MapPoint.h:23,\n'}
[8.076926] (orbslam3) StderrLine: {'line': b'                 from /home/romi/fawad/ORB_SLAM3/include/FrameDrawer.h:24,\n'}
[8.077012] (orbslam3) StderrLine: {'line': b'                 from /home/romi/fawad/ORB_SLAM3/include/Viewer.h:23,\n'}
[8.077111] (orbslam3) StderrLine: {'line': b'                 from /home/romi/fawad/ORB_SLAM3/include/Tracking.h:26,\n'}
[8.077219] (orbslam3) StderrLine: {'line': b'                 from /home/romi/fawad/ORB_SLAM3/include/System.h:31,\n'}
[8.077313] (orbslam3) StderrLine: {'line': b'                 from /home/romi/fawad/ros2_ws/src/ORB_SLAM3_ROS2/src/stereo/stereo-slam-node.hpp:13,\n'}
[8.077407] (orbslam3) StderrLine: {'line': b'                 from /home/romi/fawad/ros2_ws/src/ORB_SLAM3_ROS2/src/stereo/stereo-slam-node.cpp:1:\n'}
[8.077502] (orbslam3) StderrLine: {'line': b'/home/romi/fawad/ORB_SLAM3/Thirdparty/g2o/g2o/types/../core/base_vertex.h: In instantiation of \xe2\x80\x98class g2o::BaseVertex<3, Eigen::Matrix<double, 3, 1> >\xe2\x80\x99:\n'}
[8.077595] (orbslam3) StderrLine: {'line': b'/home/romi/fawad/ORB_SLAM3/Thirdparty/g2o/g2o/types/types_sba.h:40:35:   required from here\n'}
[8.077687] (orbslam3) StderrLine: {'line': b'/home/romi/fawad/ORB_SLAM3/Thirdparty/g2o/g2o/types/../core/base_vertex.h:62:72: warning: \xe2\x80\x98Eigen::AlignedBit\xe2\x80\x99 is deprecated [-Wdeprecated-declarations]\n'}
[8.077781] (orbslam3) StderrLine: {'line': b'   62 |     typedef Eigen::Map<Matrix<double, D, D>, Matrix<double,D,D>::Flags & AlignedBit ? Aligned : Unaligned >  HessianBlockType;\n'}
[8.077883] (orbslam3) StderrLine: {'line': b'      |                                                                  ~~~~~~^~~~~~~~~~~~\n'}
[8.077977] (orbslam3) StderrLine: {'line': b'In file included from /usr/include/eigen3/Eigen/Core:161,\n'}
[8.078067] (orbslam3) StderrLine: {'line': b'                 from /usr/include/eigen3/Eigen/LU:11,\n'}
[8.078184] (orbslam3) StderrLine: {'line': b'                 from /home/romi/fawad/ORB_SLAM3/Thirdparty/Sophus/sophus/so2.hpp:12,\n'}
[8.078283] (orbslam3) StderrLine: {'line': b'                 from /home/romi/fawad/ORB_SLAM3/Thirdparty/Sophus/sophus/se2.hpp:7,\n'}
[8.078376] (orbslam3) StderrLine: {'line': b'                 from /home/romi/fawad/ORB_SLAM3/Thirdparty/Sophus/sophus/geometry.hpp:7,\n'}
[8.078470] (orbslam3) StderrLine: {'line': b'                 from /home/romi/fawad/ORB_SLAM3/include/Frame.h:28,\n'}
[8.078561] (orbslam3) StderrLine: {'line': b'                 from /home/romi/fawad/ORB_SLAM3/include/KeyFrame.h:28,\n'}
[8.078654] (orbslam3) StderrLine: {'line': b'                 from /home/romi/fawad/ORB_SLAM3/include/MapPoint.h:23,\n'}
[8.078730] (orbslam3) StderrLine: {'line': b'                 from /home/romi/fawad/ORB_SLAM3/include/FrameDrawer.h:24,\n'}
[8.078818] (orbslam3) StderrLine: {'line': b'                 from /home/romi/fawad/ORB_SLAM3/include/Viewer.h:23,\n'}
[8.078906] (orbslam3) StderrLine: {'line': b'                 from /home/romi/fawad/ORB_SLAM3/include/Tracking.h:26,\n'}
[8.078994] (orbslam3) StderrLine: {'line': b'                 from /home/romi/fawad/ORB_SLAM3/include/System.h:31,\n'}
[8.079112] (orbslam3) StderrLine: {'line': b'                 from /home/romi/fawad/ros2_ws/src/ORB_SLAM3_ROS2/src/stereo/stereo-slam-node.hpp:13,\n'}
[8.079220] (orbslam3) StderrLine: {'line': b'                 from /home/romi/fawad/ros2_ws/src/ORB_SLAM3_ROS2/src/stereo/stereo-slam-node.cpp:1:\n'}
[8.079317] (orbslam3) StderrLine: {'line': b'/usr/include/eigen3/Eigen/src/Core/util/Constants.h:167:37: note: declared here\n'}
[8.079412] (orbslam3) StderrLine: {'line': b'  167 | EIGEN_DEPRECATED const unsigned int AlignedBit = 0x80;\n'}
[8.079508] (orbslam3) StderrLine: {'line': b'      |                                     ^~~~~~~~~~\n'}
[8.083632] (orbslam3) StderrLine: {'line': b'In file included from /home/romi/fawad/ORB_SLAM3/Thirdparty/g2o/g2o/types/types_six_dof_expmap.h:37,\n'}
[8.083890] (orbslam3) StderrLine: {'line': b'                 from /home/romi/fawad/ORB_SLAM3/include/Converter.h:26,\n'}
[8.084037] (orbslam3) StderrLine: {'line': b'                 from /home/romi/fawad/ORB_SLAM3/include/Frame.h:33,\n'}
[8.084206] (orbslam3) StderrLine: {'line': b'                 from /home/romi/fawad/ORB_SLAM3/include/KeyFrame.h:28,\n'}
[8.084329] (orbslam3) StderrLine: {'line': b'                 from /home/romi/fawad/ORB_SLAM3/include/MapPoint.h:23,\n'}
[8.084456] (orbslam3) StderrLine: {'line': b'                 from /home/romi/fawad/ORB_SLAM3/include/FrameDrawer.h:24,\n'}
[8.084566] (orbslam3) StderrLine: {'line': b'                 from /home/romi/fawad/ORB_SLAM3/include/Viewer.h:23,\n'}
[8.084647] (orbslam3) StderrLine: {'line': b'                 from /home/romi/fawad/ORB_SLAM3/include/Tracking.h:26,\n'}
[8.084723] (orbslam3) StderrLine: {'line': b'                 from /home/romi/fawad/ORB_SLAM3/include/System.h:31,\n'}
[8.084805] (orbslam3) StderrLine: {'line': b'                 from /home/romi/fawad/ros2_ws/src/ORB_SLAM3_ROS2/src/rgbd/rgbd-slam-node.hpp:18,\n'}
[8.084889] (orbslam3) StderrLine: {'line': b'                 from /home/romi/fawad/ros2_ws/src/ORB_SLAM3_ROS2/src/rgbd/rgbd.cpp:7:\n'}
[8.084977] (orbslam3) StderrLine: {'line': b'/home/romi/fawad/ORB_SLAM3/Thirdparty/g2o/g2o/types/../core/base_vertex.h: At global scope:\n'}
[8.085068] (orbslam3) StderrLine: {'line': b'/home/romi/fawad/ORB_SLAM3/Thirdparty/g2o/g2o/types/../core/base_vertex.h:62:74: warning: \xe2\x80\x98Eigen::AlignedBit\xe2\x80\x99 is deprecated [-Wdeprecated-declarations]\n'}
[8.085183] (orbslam3) StderrLine: {'line': b'   62 |     typedef Eigen::Map<Matrix<double, D, D>, Matrix<double,D,D>::Flags & AlignedBit ? Aligned : Unaligned >  HessianBlockType;\n'}
[8.085292] (orbslam3) StderrLine: {'line': b'      |                                                                          ^~~~~~~~~~\n'}
[8.085392] (orbslam3) StderrLine: {'line': b'In file included from /usr/include/eigen3/Eigen/Core:161,\n'}
[8.085475] (orbslam3) StderrLine: {'line': b'                 from /usr/include/eigen3/Eigen/LU:11,\n'}
[8.085559] (orbslam3) StderrLine: {'line': b'                 from /home/romi/fawad/ORB_SLAM3/Thirdparty/Sophus/sophus/so2.hpp:12,\n'}
[8.085641] (orbslam3) StderrLine: {'line': b'                 from /home/romi/fawad/ORB_SLAM3/Thirdparty/Sophus/sophus/se2.hpp:7,\n'}
[8.085729] (orbslam3) StderrLine: {'line': b'                 from /home/romi/fawad/ORB_SLAM3/Thirdparty/Sophus/sophus/geometry.hpp:7,\n'}
[8.085813] (orbslam3) StderrLine: {'line': b'                 from /home/romi/fawad/ORB_SLAM3/include/Frame.h:28,\n'}
[8.085899] (orbslam3) StderrLine: {'line': b'                 from /home/romi/fawad/ORB_SLAM3/include/KeyFrame.h:28,\n'}
[8.085985] (orbslam3) StderrLine: {'line': b'                 from /home/romi/fawad/ORB_SLAM3/include/MapPoint.h:23,\n'}
[8.086082] (orbslam3) StderrLine: {'line': b'                 from /home/romi/fawad/ORB_SLAM3/include/FrameDrawer.h:24,\n'}
[8.086194] (orbslam3) StderrLine: {'line': b'                 from /home/romi/fawad/ORB_SLAM3/include/Viewer.h:23,\n'}
[8.086293] (orbslam3) StderrLine: {'line': b'                 from /home/romi/fawad/ORB_SLAM3/include/Tracking.h:26,\n'}
[8.086383] (orbslam3) StderrLine: {'line': b'                 from /home/romi/fawad/ORB_SLAM3/include/System.h:31,\n'}
[8.086474] (orbslam3) StderrLine: {'line': b'                 from /home/romi/fawad/ros2_ws/src/ORB_SLAM3_ROS2/src/rgbd/rgbd-slam-node.hpp:18,\n'}
[8.086566] (orbslam3) StderrLine: {'line': b'                 from /home/romi/fawad/ros2_ws/src/ORB_SLAM3_ROS2/src/rgbd/rgbd.cpp:7:\n'}
[8.086662] (orbslam3) StderrLine: {'line': b'/usr/include/eigen3/Eigen/src/Core/util/Constants.h:167:37: note: declared here\n'}
[8.086757] (orbslam3) StderrLine: {'line': b'  167 | EIGEN_DEPRECATED const unsigned int AlignedBit = 0x80;\n'}
[8.086853] (orbslam3) StderrLine: {'line': b'      |                                     ^~~~~~~~~~\n'}
[8.109345] (orbslam3) StderrLine: {'line': b'In file included from /home/romi/fawad/ORB_SLAM3/Thirdparty/g2o/g2o/types/types_six_dof_expmap.h:38,\n'}
[8.109785] (orbslam3) StderrLine: {'line': b'                 from /home/romi/fawad/ORB_SLAM3/include/Converter.h:26,\n'}
[8.109897] (orbslam3) StderrLine: {'line': b'                 from /home/romi/fawad/ORB_SLAM3/include/Frame.h:33,\n'}
[8.110012] (orbslam3) StderrLine: {'line': b'                 from /home/romi/fawad/ORB_SLAM3/include/KeyFrame.h:28,\n'}
[8.110117] (orbslam3) StderrLine: {'line': b'                 from /home/romi/fawad/ORB_SLAM3/include/MapPoint.h:23,\n'}
[8.110226] (orbslam3) StderrLine: {'line': b'                 from /home/romi/fawad/ORB_SLAM3/include/FrameDrawer.h:24,\n'}
[8.110323] (orbslam3) StderrLine: {'line': b'                 from /home/romi/fawad/ORB_SLAM3/include/Viewer.h:23,\n'}
[8.110415] (orbslam3) StderrLine: {'line': b'                 from /home/romi/fawad/ORB_SLAM3/include/Tracking.h:26,\n'}
[8.110512] (orbslam3) StderrLine: {'line': b'                 from /home/romi/fawad/ORB_SLAM3/include/System.h:31,\n'}
[8.110607] (orbslam3) StderrLine: {'line': b'                 from /home/romi/fawad/ros2_ws/src/ORB_SLAM3_ROS2/src/rgbd/rgbd-slam-node.hpp:18,\n'}
[8.110701] (orbslam3) StderrLine: {'line': b'                 from /home/romi/fawad/ros2_ws/src/ORB_SLAM3_ROS2/src/rgbd/rgbd.cpp:7:\n'}
[8.110795] (orbslam3) StderrLine: {'line': b'/home/romi/fawad/ORB_SLAM3/Thirdparty/g2o/g2o/types/../core/base_binary_edge.h:59:82: warning: \xe2\x80\x98Eigen::AlignedBit\xe2\x80\x99 is deprecated [-Wdeprecated-declarations]\n'}
[8.110891] (orbslam3) StderrLine: {'line': b'   59 |       typedef Eigen::Map<Matrix<double, Di, Dj>, Matrix<double, Di, Dj>::Flags & AlignedBit ? Aligned : Unaligned > HessianBlockType;\n'}
[8.111003] (orbslam3) StderrLine: {'line': b'      |                                                                                  ^~~~~~~~~~\n'}
[8.111105] (orbslam3) StderrLine: {'line': b'In file included from /usr/include/eigen3/Eigen/Core:161,\n'}
[8.111206] (orbslam3) StderrLine: {'line': b'                 from /usr/include/eigen3/Eigen/LU:11,\n'}
[8.111302] (orbslam3) StderrLine: {'line': b'                 from /home/romi/fawad/ORB_SLAM3/Thirdparty/Sophus/sophus/so2.hpp:12,\n'}
[8.111395] (orbslam3) StderrLine: {'line': b'                 from /home/romi/fawad/ORB_SLAM3/Thirdparty/Sophus/sophus/se2.hpp:7,\n'}
[8.111489] (orbslam3) StderrLine: {'line': b'                 from /home/romi/fawad/ORB_SLAM3/Thirdparty/Sophus/sophus/geometry.hpp:7,\n'}
[8.111579] (orbslam3) StderrLine: {'line': b'                 from /home/romi/fawad/ORB_SLAM3/include/Frame.h:28,\n'}
[8.111680] (orbslam3) StderrLine: {'line': b'                 from /home/romi/fawad/ORB_SLAM3/include/KeyFrame.h:28,\n'}
[8.111776] (orbslam3) StderrLine: {'line': b'                 from /home/romi/fawad/ORB_SLAM3/include/MapPoint.h:23,\n'}
[8.111872] (orbslam3) StderrLine: {'line': b'                 from /home/romi/fawad/ORB_SLAM3/include/FrameDrawer.h:24,\n'}
[8.111956] (orbslam3) StderrLine: {'line': b'                 from /home/romi/fawad/ORB_SLAM3/include/Viewer.h:23,\n'}
[8.112047] (orbslam3) StderrLine: {'line': b'                 from /home/romi/fawad/ORB_SLAM3/include/Tracking.h:26,\n'}
[8.112155] (orbslam3) StderrLine: {'line': b'                 from /home/romi/fawad/ORB_SLAM3/include/System.h:31,\n'}
[8.112256] (orbslam3) StderrLine: {'line': b'                 from /home/romi/fawad/ros2_ws/src/ORB_SLAM3_ROS2/src/rgbd/rgbd-slam-node.hpp:18,\n'}
[8.112351] (orbslam3) StderrLine: {'line': b'                 from /home/romi/fawad/ros2_ws/src/ORB_SLAM3_ROS2/src/rgbd/rgbd.cpp:7:\n'}
[8.112443] (orbslam3) StderrLine: {'line': b'/usr/include/eigen3/Eigen/src/Core/util/Constants.h:167:37: note: declared here\n'}
[8.112544] (orbslam3) StderrLine: {'line': b'  167 | EIGEN_DEPRECATED const unsigned int AlignedBit = 0x80;\n'}
[8.112644] (orbslam3) StderrLine: {'line': b'      |                                     ^~~~~~~~~~\n'}
[8.112740] (orbslam3) StderrLine: {'line': b'In file included from /home/romi/fawad/ORB_SLAM3/Thirdparty/g2o/g2o/types/types_six_dof_expmap.h:38,\n'}
[8.112836] (orbslam3) StderrLine: {'line': b'                 from /home/romi/fawad/ORB_SLAM3/include/Converter.h:26,\n'}
[8.112933] (orbslam3) StderrLine: {'line': b'                 from /home/romi/fawad/ORB_SLAM3/include/Frame.h:33,\n'}
[8.113034] (orbslam3) StderrLine: {'line': b'                 from /home/romi/fawad/ORB_SLAM3/include/KeyFrame.h:28,\n'}
[8.113158] (orbslam3) StderrLine: {'line': b'                 from /home/romi/fawad/ORB_SLAM3/include/MapPoint.h:23,\n'}
[8.113258] (orbslam3) StderrLine: {'line': b'                 from /home/romi/fawad/ORB_SLAM3/include/FrameDrawer.h:24,\n'}
[8.113351] (orbslam3) StderrLine: {'line': b'                 from /home/romi/fawad/ORB_SLAM3/include/Viewer.h:23,\n'}
[8.113443] (orbslam3) StderrLine: {'line': b'                 from /home/romi/fawad/ORB_SLAM3/include/Tracking.h:26,\n'}
[8.113601] (orbslam3) StderrLine: {'line': b'                 from /home/romi/fawad/ORB_SLAM3/include/System.h:31,\n'}
[8.113706] (orbslam3) StderrLine: {'line': b'                 from /home/romi/fawad/ros2_ws/src/ORB_SLAM3_ROS2/src/rgbd/rgbd-slam-node.hpp:18,\n'}
[8.113808] (orbslam3) StderrLine: {'line': b'                 from /home/romi/fawad/ros2_ws/src/ORB_SLAM3_ROS2/src/rgbd/rgbd.cpp:7:\n'}
[8.113911] (orbslam3) StderrLine: {'line': b'/home/romi/fawad/ORB_SLAM3/Thirdparty/g2o/g2o/types/../core/base_binary_edge.h:60:82: warning: \xe2\x80\x98Eigen::AlignedBit\xe2\x80\x99 is deprecated [-Wdeprecated-declarations]\n'}
[8.114003] (orbslam3) StderrLine: {'line': b'   60 |       typedef Eigen::Map<Matrix<double, Dj, Di>, Matrix<double, Dj, Di>::Flags & AlignedBit ? Aligned : Unaligned > HessianBlockTransposedType;\n'}
[8.114255] (orbslam3) StderrLine: {'line': b'      |                                                                                  ^~~~~~~~~~\n'}
[8.114352] (orbslam3) StderrLine: {'line': b'In file included from /usr/include/eigen3/Eigen/Core:161,\n'}
[8.114445] (orbslam3) StderrLine: {'line': b'                 from /usr/include/eigen3/Eigen/LU:11,\n'}
[8.114542] (orbslam3) StderrLine: {'line': b'                 from /home/romi/fawad/ORB_SLAM3/Thirdparty/Sophus/sophus/so2.hpp:12,\n'}
[8.114637] (orbslam3) StderrLine: {'line': b'                 from /home/romi/fawad/ORB_SLAM3/Thirdparty/Sophus/sophus/se2.hpp:7,\n'}
[8.114730] (orbslam3) StderrLine: {'line': b'                 from /home/romi/fawad/ORB_SLAM3/Thirdparty/Sophus/sophus/geometry.hpp:7,\n'}
[8.114825] (orbslam3) StderrLine: {'line': b'                 from /home/romi/fawad/ORB_SLAM3/include/Frame.h:28,\n'}
[8.114917] (orbslam3) StderrLine: {'line': b'                 from /home/romi/fawad/ORB_SLAM3/include/KeyFrame.h:28,\n'}
[8.115012] (orbslam3) StderrLine: {'line': b'                 from /home/romi/fawad/ORB_SLAM3/include/MapPoint.h:23,\n'}
[8.115111] (orbslam3) StderrLine: {'line': b'                 from /home/romi/fawad/ORB_SLAM3/include/FrameDrawer.h:24,\n'}
[8.115216] (orbslam3) StderrLine: {'line': b'                 from /home/romi/fawad/ORB_SLAM3/include/Viewer.h:23,\n'}
[8.115307] (orbslam3) StderrLine: {'line': b'                 from /home/romi/fawad/ORB_SLAM3/include/Tracking.h:26,\n'}
[8.117124] (orbslam3) StderrLine: {'line': b'                 from /home/romi/fawad/ORB_SLAM3/include/System.h:31,\n'}
[8.117279] (orbslam3) StderrLine: {'line': b'                 from /home/romi/fawad/ros2_ws/src/ORB_SLAM3_ROS2/src/rgbd/rgbd-slam-node.hpp:18,\n'}
[8.117377] (orbslam3) StderrLine: {'line': b'                 from /home/romi/fawad/ros2_ws/src/ORB_SLAM3_ROS2/src/rgbd/rgbd.cpp:7:\n'}
[8.117467] (orbslam3) StderrLine: {'line': b'/usr/include/eigen3/Eigen/src/Core/util/Constants.h:167:37: note: declared here\n'}
[8.117560] (orbslam3) StderrLine: {'line': b'  167 | EIGEN_DEPRECATED const unsigned int AlignedBit = 0x80;\n'}
[8.117657] (orbslam3) StderrLine: {'line': b'      |                                     ^~~~~~~~~~\n'}
[8.117769] (orbslam3) StderrLine: {'line': b'In file included from /home/romi/fawad/ORB_SLAM3/Thirdparty/g2o/g2o/types/types_six_dof_expmap.h:37,\n'}
[8.117863] (orbslam3) StderrLine: {'line': b'                 from /home/romi/fawad/ORB_SLAM3/include/Converter.h:26,\n'}
[8.117958] (orbslam3) StderrLine: {'line': b'                 from /home/romi/fawad/ORB_SLAM3/include/Frame.h:33,\n'}
[8.118050] (orbslam3) StderrLine: {'line': b'                 from /home/romi/fawad/ORB_SLAM3/include/KeyFrame.h:28,\n'}
[8.118164] (orbslam3) StderrLine: {'line': b'                 from /home/romi/fawad/ORB_SLAM3/include/MapPoint.h:23,\n'}
[8.118255] (orbslam3) StderrLine: {'line': b'                 from /home/romi/fawad/ORB_SLAM3/include/FrameDrawer.h:24,\n'}
[8.118343] (orbslam3) StderrLine: {'line': b'                 from /home/romi/fawad/ORB_SLAM3/include/Viewer.h:23,\n'}
[8.118432] (orbslam3) StderrLine: {'line': b'                 from /home/romi/fawad/ORB_SLAM3/include/Tracking.h:26,\n'}
[8.118521] (orbslam3) StderrLine: {'line': b'                 from /home/romi/fawad/ORB_SLAM3/include/System.h:31,\n'}
[8.118617] (orbslam3) StderrLine: {'line': b'                 from /home/romi/fawad/ros2_ws/src/ORB_SLAM3_ROS2/src/monocular/monocular-slam-node.hpp:9,\n'}
[8.118727] (orbslam3) StderrLine: {'line': b'                 from /home/romi/fawad/ros2_ws/src/ORB_SLAM3_ROS2/src/monocular/mono.cpp:7:\n'}
[8.118824] (orbslam3) StderrLine: {'line': b'/home/romi/fawad/ORB_SLAM3/Thirdparty/g2o/g2o/types/../core/base_vertex.h: At global scope:\n'}
[8.118918] (orbslam3) StderrLine: {'line': b'/home/romi/fawad/ORB_SLAM3/Thirdparty/g2o/g2o/types/../core/base_vertex.h:62:74: warning: \xe2\x80\x98Eigen::AlignedBit\xe2\x80\x99 is deprecated [-Wdeprecated-declarations]\n'}
[8.119028] (orbslam3) StderrLine: {'line': b'   62 | igen::Map<Matrix<double, D, D>, Matrix<double,D,D>::Flags & AlignedBit ? Aligned : Unaligned >  HessianBlockType;\n'}
[8.119157] (orbslam3) StderrLine: {'line': b'      |                                                             ^~~~~~~~~~\n'}
[8.119259] (orbslam3) StderrLine: {'line': b'\n'}
[8.119353] (orbslam3) StderrLine: {'line': b'In file included from /usr/include/eigen3/Eigen/Core:161,\n'}
[8.119445] (orbslam3) StderrLine: {'line': b'                 from /usr/include/eigen3/Eigen/LU:11,\n'}
[8.119539] (orbslam3) StderrLine: {'line': b'                 from /home/romi/fawad/ORB_SLAM3/Thirdparty/Sophus/sophus/so2.hpp:12,\n'}
[8.119636] (orbslam3) StderrLine: {'line': b'                 from /home/romi/fawad/ORB_SLAM3/Thirdparty/Sophus/sophus/se2.hpp:7,\n'}
[8.119746] (orbslam3) StderrLine: {'line': b'                 from /home/romi/fawad/ORB_SLAM3/Thirdparty/Sophus/sophus/geometry.hpp:7,\n'}
[8.119840] (orbslam3) StderrLine: {'line': b'                 from /home/romi/fawad/ORB_SLAM3/include/Frame.h:28,\n'}
[8.119940] (orbslam3) StderrLine: {'line': b'                 from /home/romi/fawad/ORB_SLAM3/include/KeyFrame.h:28,\n'}
[8.120046] (orbslam3) StderrLine: {'line': b'                 from /home/romi/fawad/ORB_SLAM3/include/MapPoint.h:23,\n'}
[8.120153] (orbslam3) StderrLine: {'line': b'                 from /home/romi/fawad/ORB_SLAM3/include/FrameDrawer.h:24,\n'}
[8.120252] (orbslam3) StderrLine: {'line': b'                 from /home/romi/fawad/ORB_SLAM3/include/Viewer.h:23,\n'}
[8.120344] (orbslam3) StderrLine: {'line': b'                 from /home/romi/fawad/ORB_SLAM3/include/Tracking.h:26,\n'}
[8.120437] (orbslam3) StderrLine: {'line': b'                 from /home/romi/fawad/ORB_SLAM3/include/System.h:31,\n'}
[8.120530] (orbslam3) StderrLine: {'line': b'                 from /home/romi/fawad/ros2_ws/src/ORB_SLAM3_ROS2/src/monocular/monocular-slam-node.hpp:9,\n'}
[8.120625] (orbslam3) StderrLine: {'line': b'                 from /home/romi/fawad/ros2_ws/src/ORB_SLAM3_ROS2/src/monocular/mono.cpp:7:\n'}
[8.120720] (orbslam3) StderrLine: {'line': b'/usr/include/eigen3/Eigen/src/Core/util/Constants.h:167:37: note: declared here\n'}
[8.120816] (orbslam3) StderrLine: {'line': b'  167 | EIGEN_DEPRECATED const unsigned int AlignedBit = 0x80;\n'}
[8.120910] (orbslam3) StderrLine: {'line': b'      |                                     ^~~~~~~~~~\n'}
[8.121004] (orbslam3) StderrLine: {'line': b'In file included from /home/romi/fawad/ORB_SLAM3/Thirdparty/g2o/g2o/types/types_six_dof_expmap.h:37,\n'}
[8.121105] (orbslam3) StderrLine: {'line': b'                 from /home/romi/fawad/ORB_SLAM3/include/Converter.h:26,\n'}
[8.121211] (orbslam3) StderrLine: {'line': b'                 from /home/romi/fawad/ORB_SLAM3/include/Frame.h:33,\n'}
[8.121304] (orbslam3) StderrLine: {'line': b'                 from /home/romi/fawad/ORB_SLAM3/include/KeyFrame.h:28,\n'}
[8.121398] (orbslam3) StderrLine: {'line': b'                 from /home/romi/fawad/ORB_SLAM3/include/MapPoint.h:23,\n'}
[8.121489] (orbslam3) StderrLine: {'line': b'                 from /home/romi/fawad/ORB_SLAM3/include/FrameDrawer.h:24,\n'}
[8.121585] (orbslam3) StderrLine: {'line': b'                 from /home/romi/fawad/ORB_SLAM3/include/Viewer.h:23,\n'}
[8.121680] (orbslam3) StderrLine: {'line': b'                 from /home/romi/fawad/ORB_SLAM3/include/Tracking.h:26,\n'}
[8.121768] (orbslam3) StderrLine: {'line': b'                 from /home/romi/fawad/ORB_SLAM3/include/System.h:31,\n'}
[8.121844] (orbslam3) StderrLine: {'line': b'                 from /home/romi/fawad/ros2_ws/src/ORB_SLAM3_ROS2/src/stereo/stereo-slam-node.hpp:13,\n'}
[8.121931] (orbslam3) StderrLine: {'line': b'                 from /home/romi/fawad/ros2_ws/src/ORB_SLAM3_ROS2/src/stereo/stereo-slam-node.cpp:1:\n'}
[8.122023] (orbslam3) StderrLine: {'line': b'/home/romi/fawad/ORB_SLAM3/Thirdparty/g2o/g2o/types/../core/base_vertex.h: In instantiation of \xe2\x80\x98class g2o::BaseVertex<6, g2o::SE3Quat>\xe2\x80\x99:\n'}
[8.122137] (orbslam3) StderrLine: {'line': b'/home/romi/fawad/ORB_SLAM3/Thirdparty/g2o/g2o/types/types_six_dof_expmap.h:59:33:   required from here\n'}
[8.122241] (orbslam3) StderrLine: {'line': b'/home/romi/fawad/ORB_SLAM3/Thirdparty/g2o/g2o/types/../core/base_vertex.h:62:72: warning: \xe2\x80\x98Eigen::AlignedBit\xe2\x80\x99 is deprecated [-Wdeprecated-declarations]\n'}
[8.122317] (orbslam3) StderrLine: {'line': b'   62 |     typedef Eigen::Map<Matrix<double, D, D>, Matrix<double,D,D>::Flags & AlignedBit ? Aligned : Unaligned >  HessianBlockType;\n'}
[8.122648] (orbslam3) StderrLine: {'line': b'      |                                                                  ~~~~~~^~~~~~~~~~~~\n'}
[8.122739] (orbslam3) StderrLine: {'line': b'In file included from /usr/include/eigen3/Eigen/Core:161,\n'}
[8.122836] (orbslam3) StderrLine: {'line': b'                 from /usr/include/eigen3/Eigen/LU:11,\n'}
[8.122922] (orbslam3) StderrLine: {'line': b'                 from /home/romi/fawad/ORB_SLAM3/Thirdparty/Sophus/sophus/so2.hpp:12,\n'}
[8.123017] (orbslam3) StderrLine: {'line': b'                 from /home/romi/fawad/ORB_SLAM3/Thirdparty/Sophus/sophus/se2.hpp:7,\n'}
[8.123112] (orbslam3) StderrLine: {'line': b'                 from /home/romi/fawad/ORB_SLAM3/Thirdparty/Sophus/sophus/geometry.hpp:7,\n'}
[8.123207] (orbslam3) StderrLine: {'line': b'                 from /home/romi/fawad/ORB_SLAM3/include/Frame.h:28,\n'}
[8.123288] (orbslam3) StderrLine: {'line': b'                 from /home/romi/fawad/ORB_SLAM3/include/KeyFrame.h:28,\n'}
[8.123379] (orbslam3) StderrLine: {'line': b'                 from /home/romi/fawad/ORB_SLAM3/include/MapPoint.h:23,\n'}
[8.123478] (orbslam3) StderrLine: {'line': b'                 from /home/romi/fawad/ORB_SLAM3/include/FrameDrawer.h:24,\n'}
[8.123568] (orbslam3) StderrLine: {'line': b'                 from /home/romi/fawad/ORB_SLAM3/include/Viewer.h:23,\n'}
[8.123656] (orbslam3) StderrLine: {'line': b'                 from /home/romi/fawad/ORB_SLAM3/include/Tracking.h:26,\n'}
[8.123758] (orbslam3) StderrLine: {'line': b'                 from /home/romi/fawad/ORB_SLAM3/include/System.h:31,\n'}
[8.123851] (orbslam3) StderrLine: {'line': b'                 from /home/romi/fawad/ros2_ws/src/ORB_SLAM3_ROS2/src/stereo/stereo-slam-node.hpp:13,\n'}
[8.123949] (orbslam3) StderrLine: {'line': b'                 from /home/romi/fawad/ros2_ws/src/ORB_SLAM3_ROS2/src/stereo/stereo-slam-node.cpp:1:\n'}
[8.124037] (orbslam3) StderrLine: {'line': b'/usr/include/eigen3/Eigen/src/Core/util/Constants.h:167:37: note: declared here\n'}
[8.124140] (orbslam3) StderrLine: {'line': b'  167 | EIGEN_DEPRECATED const unsigned int AlignedBit = 0x80;\n'}
[8.124238] (orbslam3) StderrLine: {'line': b'      |                                     ^~~~~~~~~~\n'}
[8.128869] (orbslam3) StderrLine: {'line': b'In file included from /home/romi/fawad/ORB_SLAM3/Thirdparty/g2o/g2o/types/types_six_dof_expmap.h:41,\n'}
[8.129093] (orbslam3) StderrLine: {'line': b'                 from /home/romi/fawad/ORB_SLAM3/include/Converter.h:26,\n'}
[8.129234] (orbslam3) StderrLine: {'line': b'                 from /home/romi/fawad/ORB_SLAM3/include/Frame.h:33,\n'}
[8.129330] (orbslam3) StderrLine: {'line': b'                 from /home/romi/fawad/ORB_SLAM3/include/KeyFrame.h:28,\n'}
[8.129424] (orbslam3) StderrLine: {'line': b'                 from /home/romi/fawad/ORB_SLAM3/include/MapPoint.h:23,\n'}
[8.129513] (orbslam3) StderrLine: {'line': b'                 from /home/romi/fawad/ORB_SLAM3/include/FrameDrawer.h:24,\n'}
[8.129604] (orbslam3) StderrLine: {'line': b'                 from /home/romi/fawad/ORB_SLAM3/include/Viewer.h:23,\n'}
[8.129708] (orbslam3) StderrLine: {'line': b'                 from /home/romi/fawad/ORB_SLAM3/include/Tracking.h:26,\n'}
[8.129798] (orbslam3) StderrLine: {'line': b'                 from /home/romi/fawad/ORB_SLAM3/include/System.h:31,\n'}
[8.129893] (orbslam3) StderrLine: {'line': b'                 from /home/romi/fawad/ros2_ws/src/ORB_SLAM3_ROS2/src/stereo-inertial/stereo-inertial-node.hpp:10,\n'}
[8.129986] (orbslam3) StderrLine: {'line': b'                 from /home/romi/fawad/ros2_ws/src/ORB_SLAM3_ROS2/src/stereo-inertial/stereo-inertial-node.cpp:1:\n'}
[8.130085] (orbslam3) StderrLine: {'line': b'/home/romi/fawad/ORB_SLAM3/Thirdparty/g2o/g2o/types/se3quat.h:43:38: warning: extra \xe2\x80\x98;\xe2\x80\x99 [-Wpedantic]\n'}
[8.130194] (orbslam3) StderrLine: {'line': b'   43 |       EIGEN_MAKE_ALIGNED_OPERATOR_NEW;\n'}
[8.130291] (orbslam3) StderrLine: {'line': b'      |                                      ^\n'}
[8.130384] (orbslam3) StderrLine: {'line': b'      |                                      -\n'}
[8.131587] (orbslam3) StderrLine: {'line': b'In file included from /home/romi/fawad/ORB_SLAM3/Thirdparty/g2o/g2o/types/types_six_dof_expmap.h:38,\n'}
[8.132379] (orbslam3) StderrLine: {'line': b'                 from /home/romi/fawad/ORB_SLAM3/include/Converter.h:26,\n'}
[8.132513] (orbslam3) StderrLine: {'line': b'                 from /home/romi/fawad/ORB_SLAM3/include/Frame.h:33,\n'}
[8.132608] (orbslam3) StderrLine: {'line': b'                 from /home/romi/fawad/ORB_SLAM3/include/KeyFrame.h:28,\n'}
[8.132706] (orbslam3) StderrLine: {'line': b'                 from /home/romi/fawad/ORB_SLAM3/include/MapPoint.h:23,\n'}
[8.132808] (orbslam3) StderrLine: {'line': b'                 from /home/romi/fawad/ORB_SLAM3/include/FrameDrawer.h:24,\n'}
[8.132892] (orbslam3) StderrLine: {'line': b'                 from /home/romi/fawad/ORB_SLAM3/include/Viewer.h:23,\n'}
[8.132968] (orbslam3) StderrLine: {'line': b'                 from /home/romi/fawad/ORB_SLAM3/include/Tracking.h:26,\n'}
[8.133041] (orbslam3) StderrLine: {'line': b'                 from /home/romi/fawad/ORB_SLAM3/include/System.h:31,\n'}
[8.133145] (orbslam3) StderrLine: {'line': b'                 from /home/romi/fawad/ros2_ws/src/ORB_SLAM3_ROS2/src/monocular/monocular-slam-node.hpp:9,\n'}
[8.133254] (orbslam3) StderrLine: {'line': b'                 from /home/romi/fawad/ros2_ws/src/ORB_SLAM3_ROS2/src/monocular/mono.cpp:7:\n'}
[8.133361] (orbslam3) StderrLine: {'line': b'/home/romi/fawad/ORB_SLAM3/Thirdparty/g2o/g2o/types/../core/base_binary_edge.h:59:82: warning: \xe2\x80\x98Eigen::AlignedBit\xe2\x80\x99 is deprecated [-Wdeprecated-declarations]\n'}
[8.134575] (orbslam3) StderrLine: {'line': b'   59 | Map<Matrix<double, Di, Dj>, Matrix<double, Di, Dj>::Flags & AlignedBit ? Aligned : Unaligned > HessianBlockType;\n'}
[8.134692] (orbslam3) StderrLine: {'line': b'      |                                                             ^~~~~~~~~~\n'}
[8.134775] (orbslam3) StderrLine: {'line': b'\n'}
[8.134855] (orbslam3) StderrLine: {'line': b'In file included from /usr/include/eigen3/Eigen/Core:161,\n'}
[8.134933] (orbslam3) StderrLine: {'line': b'                 from /usr/include/eigen3/Eigen/LU:11,\n'}
[8.135009] (orbslam3) StderrLine: {'line': b'                 from /home/romi/fawad/ORB_SLAM3/Thirdparty/Sophus/sophus/so2.hpp:12,\n'}
[8.135088] (orbslam3) StderrLine: {'line': b'                 from /home/romi/fawad/ORB_SLAM3/Thirdparty/Sophus/sophus/se2.hpp:7,\n'}
[8.135182] (orbslam3) StderrLine: {'line': b'                 from /home/romi/fawad/ORB_SLAM3/Thirdparty/Sophus/sophus/geometry.hpp:7,\n'}
[8.135257] (orbslam3) StderrLine: {'line': b'                 from /home/romi/fawad/ORB_SLAM3/include/Frame.h:28,\n'}
[8.135331] (orbslam3) StderrLine: {'line': b'                 from /home/romi/fawad/ORB_SLAM3/include/KeyFrame.h:28,\n'}
[8.135404] (orbslam3) StderrLine: {'line': b'                 from /home/romi/fawad/ORB_SLAM3/include/MapPoint.h:23,\n'}
[8.135489] (orbslam3) StderrLine: {'line': b'                 from /home/romi/fawad/ORB_SLAM3/include/FrameDrawer.h:24,\n'}
[8.135569] (orbslam3) StderrLine: {'line': b'                 from /home/romi/fawad/ORB_SLAM3/include/Viewer.h:23,\n'}
[8.135652] (orbslam3) StderrLine: {'line': b'                 from /home/romi/fawad/ORB_SLAM3/include/Tracking.h:26,\n'}
[8.135740] (orbslam3) StderrLine: {'line': b'                 from /home/romi/fawad/ORB_SLAM3/include/System.h:31,\n'}
[8.135824] (orbslam3) StderrLine: {'line': b'                 from /home/romi/fawad/ros2_ws/src/ORB_SLAM3_ROS2/src/monocular/monocular-slam-node.hpp:9,\n'}
[8.135912] (orbslam3) StderrLine: {'line': b'                 from /home/romi/fawad/ros2_ws/src/ORB_SLAM3_ROS2/src/monocular/mono.cpp:7:\n'}
[8.135993] (orbslam3) StderrLine: {'line': b'/usr/include/eigen3/Eigen/src/Core/util/Constants.h:167:37: note: declared here\n'}
[8.136074] (orbslam3) StderrLine: {'line': b'  167 | EIGEN_DEPRECATED const unsigned int AlignedBit = 0x80;\n'}
[8.136179] (orbslam3) StderrLine: {'line': b'      |                                     ^~~~~~~~~~\n'}
[8.136265] (orbslam3) StderrLine: {'line': b'In file included from /home/romi/fawad/ORB_SLAM3/Thirdparty/g2o/g2o/types/types_six_dof_expmap.h:38,\n'}
[8.136356] (orbslam3) StderrLine: {'line': b'                 from /home/romi/fawad/ORB_SLAM3/include/Converter.h:26,\n'}
[8.136451] (orbslam3) StderrLine: {'line': b'                 from /home/romi/fawad/ORB_SLAM3/include/Frame.h:33,\n'}
[8.136542] (orbslam3) StderrLine: {'line': b'                 from /home/romi/fawad/ORB_SLAM3/include/KeyFrame.h:28,\n'}
[8.136635] (orbslam3) StderrLine: {'line': b'                 from /home/romi/fawad/ORB_SLAM3/include/MapPoint.h:23,\n'}
[8.136730] (orbslam3) StderrLine: {'line': b'                 from /home/romi/fawad/ORB_SLAM3/include/FrameDrawer.h:24,\n'}
[8.136825] (orbslam3) StderrLine: {'line': b'                 from /home/romi/fawad/ORB_SLAM3/include/Viewer.h:23,\n'}
[8.136918] (orbslam3) StderrLine: {'line': b'                 from /home/romi/fawad/ORB_SLAM3/include/Tracking.h:26,\n'}
[8.137014] (orbslam3) StderrLine: {'line': b'                 from /home/romi/fawad/ORB_SLAM3/include/System.h:31,\n'}
[8.137114] (orbslam3) StderrLine: {'line': b'                 from /home/romi/fawad/ros2_ws/src/ORB_SLAM3_ROS2/src/monocular/monocular-slam-node.hpp:9,\n'}
[8.137222] (orbslam3) StderrLine: {'line': b'                 from /home/romi/fawad/ros2_ws/src/ORB_SLAM3_ROS2/src/monocular/mono.cpp:7:\n'}
[8.137322] (orbslam3) StderrLine: {'line': b'/home/romi/fawad/ORB_SLAM3/Thirdparty/g2o/g2o/types/../core/base_binary_edge.h:60:82: warning: \xe2\x80\x98Eigen::AlignedBit\xe2\x80\x99 is deprecated [-Wdeprecated-declarations]\n'}
[8.137426] (orbslam3) StderrLine: {'line': b'   60 | Map<Matrix<double, Dj, Di>, Matrix<double, Dj, Di>::Flags & AlignedBit ? Aligned : Unaligned > HessianBlockTransposedType;\n'}
[8.137520] (orbslam3) StderrLine: {'line': b'      |                                                             ^~~~~~~~~~\n'}
[8.137612] (orbslam3) StderrLine: {'line': b'\n'}
[8.137703] (orbslam3) StderrLine: {'line': b'In file included from /usr/include/eigen3/Eigen/Core:161,\n'}
[8.137798] (orbslam3) StderrLine: {'line': b'                 from /usr/include/eigen3/Eigen/LU:11,\n'}
[8.137892] (orbslam3) StderrLine: {'line': b'                 from /home/romi/fawad/ORB_SLAM3/Thirdparty/Sophus/sophus/so2.hpp:12,\n'}
[8.137988] (orbslam3) StderrLine: {'line': b'                 from /home/romi/fawad/ORB_SLAM3/Thirdparty/Sophus/sophus/se2.hpp:7,\n'}
[8.138078] (orbslam3) StderrLine: {'line': b'                 from /home/romi/fawad/ORB_SLAM3/Thirdparty/Sophus/sophus/geometry.hpp:7,\n'}
[8.138185] (orbslam3) StderrLine: {'line': b'                 from /home/romi/fawad/ORB_SLAM3/include/Frame.h:28,\n'}
[8.138281] (orbslam3) StderrLine: {'line': b'                 from /home/romi/fawad/ORB_SLAM3/include/KeyFrame.h:28,\n'}
[8.138374] (orbslam3) StderrLine: {'line': b'                 from /home/romi/fawad/ORB_SLAM3/include/MapPoint.h:23,\n'}
[8.138473] (orbslam3) StderrLine: {'line': b'                 from /home/romi/fawad/ORB_SLAM3/include/FrameDrawer.h:24,\n'}
[8.138565] (orbslam3) StderrLine: {'line': b'                 from /home/romi/fawad/ORB_SLAM3/include/Viewer.h:23,\n'}
[8.138657] (orbslam3) StderrLine: {'line': b'                 from /home/romi/fawad/ORB_SLAM3/include/Tracking.h:26,\n'}
[8.138753] (orbslam3) StderrLine: {'line': b'                 from /home/romi/fawad/ORB_SLAM3/include/System.h:31,\n'}
[8.138844] (orbslam3) StderrLine: {'line': b'                 from /home/romi/fawad/ros2_ws/src/ORB_SLAM3_ROS2/src/monocular/monocular-slam-node.hpp:9,\n'}
[8.138958] (orbslam3) StderrLine: {'line': b'                 from /home/romi/fawad/ros2_ws/src/ORB_SLAM3_ROS2/src/monocular/mono.cpp:7:\n'}
[8.139051] (orbslam3) StderrLine: {'line': b'/usr/include/eigen3/Eigen/src/Core/util/Constants.h:167:37: note: declared here\n'}
[8.139156] (-) TimerEvent: {}
[8.139290] (orbslam3) StderrLine: {'line': b'  167 | EIGEN_DEPRECATED const unsigned int AlignedBit = 0x80;\n'}
[8.139395] (orbslam3) StderrLine: {'line': b'      |                                     ^~~~~~~~~~\n'}
[8.155722] (orbslam3) StderrLine: {'line': b'In file included from /home/romi/fawad/ORB_SLAM3/Thirdparty/g2o/g2o/types/types_six_dof_expmap.h:38,\n'}
[8.156273] (orbslam3) StderrLine: {'line': b'                 from /home/romi/fawad/ORB_SLAM3/include/Converter.h:26,\n'}
[8.156390] (orbslam3) StderrLine: {'line': b'                 from /home/romi/fawad/ORB_SLAM3/include/Frame.h:33,\n'}
[8.156487] (orbslam3) StderrLine: {'line': b'                 from /home/romi/fawad/ORB_SLAM3/include/KeyFrame.h:28,\n'}
[8.156582] (orbslam3) StderrLine: {'line': b'                 from /home/romi/fawad/ORB_SLAM3/include/MapPoint.h:23,\n'}
[8.156676] (orbslam3) StderrLine: {'line': b'                 from /home/romi/fawad/ORB_SLAM3/include/FrameDrawer.h:24,\n'}
[8.156769] (orbslam3) StderrLine: {'line': b'                 from /home/romi/fawad/ORB_SLAM3/include/Viewer.h:23,\n'}
[8.156881] (orbslam3) StderrLine: {'line': b'                 from /home/romi/fawad/ORB_SLAM3/include/Tracking.h:26,\n'}
[8.156974] (orbslam3) StderrLine: {'line': b'                 from /home/romi/fawad/ORB_SLAM3/include/System.h:31,\n'}
[8.157069] (orbslam3) StderrLine: {'line': b'                 from /home/romi/fawad/ros2_ws/src/ORB_SLAM3_ROS2/src/stereo/stereo-slam-node.hpp:13,\n'}
[8.157218] (orbslam3) StderrLine: {'line': b'                 from /home/romi/fawad/ros2_ws/src/ORB_SLAM3_ROS2/src/stereo/stereo-slam-node.cpp:1:\n'}
[8.157335] (orbslam3) StderrLine: {'line': b'/home/romi/fawad/ORB_SLAM3/Thirdparty/g2o/g2o/types/../core/base_binary_edge.h: In instantiation of \xe2\x80\x98class g2o::BaseBinaryEdge<6, g2o::SE3Quat, g2o::VertexSE3Expmap, g2o::VertexSE3Expmap>\xe2\x80\x99:\n'}
[8.157441] (orbslam3) StderrLine: {'line': b'/home/romi/fawad/ORB_SLAM3/Thirdparty/g2o/g2o/types/types_six_dof_expmap.h:83:24:   required from here\n'}
[8.157542] (orbslam3) StderrLine: {'line': b'/home/romi/fawad/ORB_SLAM3/Thirdparty/g2o/g2o/types/../core/base_binary_edge.h:59:80: warning: \xe2\x80\x98Eigen::AlignedBit\xe2\x80\x99 is deprecated [-Wdeprecated-declarations]\n'}
[8.157653] (orbslam3) StderrLine: {'line': b'   59 |       typedef Eigen::Map<Matrix<double, Di, Dj>, Matrix<double, Di, Dj>::Flags & AlignedBit ? Aligned : Unaligned > HessianBlockType;\n'}
[8.157753] (orbslam3) StderrLine: {'line': b'      |                                                                          ~~~~~~^~~~~~~~~~~~\n'}
[8.157858] (orbslam3) StderrLine: {'line': b'In file included from /usr/include/eigen3/Eigen/Core:161,\n'}
[8.157952] (orbslam3) StderrLine: {'line': b'                 from /usr/include/eigen3/Eigen/LU:11,\n'}
[8.158041] (orbslam3) StderrLine: {'line': b'                 from /home/romi/fawad/ORB_SLAM3/Thirdparty/Sophus/sophus/so2.hpp:12,\n'}
[8.158148] (orbslam3) StderrLine: {'line': b'                 from /home/romi/fawad/ORB_SLAM3/Thirdparty/Sophus/sophus/se2.hpp:7,\n'}
[8.158252] (orbslam3) StderrLine: {'line': b'                 from /home/romi/fawad/ORB_SLAM3/Thirdparty/Sophus/sophus/geometry.hpp:7,\n'}
[8.158349] (orbslam3) StderrLine: {'line': b'                 from /home/romi/fawad/ORB_SLAM3/include/Frame.h:28,\n'}
[8.158448] (orbslam3) StderrLine: {'line': b'                 from /home/romi/fawad/ORB_SLAM3/include/KeyFrame.h:28,\n'}
[8.158540] (orbslam3) StderrLine: {'line': b'                 from /home/romi/fawad/ORB_SLAM3/include/MapPoint.h:23,\n'}
[8.158634] (orbslam3) StderrLine: {'line': b'                 from /home/romi/fawad/ORB_SLAM3/include/FrameDrawer.h:24,\n'}
[8.158736] (orbslam3) StderrLine: {'line': b'                 from /home/romi/fawad/ORB_SLAM3/include/Viewer.h:23,\n'}
[8.158830] (orbslam3) StderrLine: {'line': b'                 from /home/romi/fawad/ORB_SLAM3/include/Tracking.h:26,\n'}
[8.158924] (orbslam3) StderrLine: {'line': b'                 from /home/romi/fawad/ORB_SLAM3/include/System.h:31,\n'}
[8.159015] (orbslam3) StderrLine: {'line': b'                 from /home/romi/fawad/ros2_ws/src/ORB_SLAM3_ROS2/src/stereo/stereo-slam-node.hpp:13,\n'}
[8.159365] (orbslam3) StderrLine: {'line': b'                 from /home/romi/fawad/ros2_ws/src/ORB_SLAM3_ROS2/src/stereo/stereo-slam-node.cpp:1:\n'}
[8.159498] (orbslam3) StderrLine: {'line': b'/usr/include/eigen3/Eigen/src/Core/util/Constants.h:167:37: note: declared here\n'}
[8.159600] (orbslam3) StderrLine: {'line': b'  167 | EIGEN_DEPRECATED const unsigned int AlignedBit = 0x80;\n'}
[8.159689] (orbslam3) StderrLine: {'line': b'      |                                     ^~~~~~~~~~\n'}
[8.159787] (orbslam3) StderrLine: {'line': b'In file included from /home/romi/fawad/ORB_SLAM3/Thirdparty/g2o/g2o/types/types_six_dof_expmap.h:38,\n'}
[8.159884] (orbslam3) StderrLine: {'line': b'                 from /home/romi/fawad/ORB_SLAM3/include/Converter.h:26,\n'}
[8.159980] (orbslam3) StderrLine: {'line': b'                 from /home/romi/fawad/ORB_SLAM3/include/Frame.h:33,\n'}
[8.160078] (orbslam3) StderrLine: {'line': b'                 from /home/romi/fawad/ORB_SLAM3/include/KeyFrame.h:28,\n'}
[8.160196] (orbslam3) StderrLine: {'line': b'                 from /home/romi/fawad/ORB_SLAM3/include/MapPoint.h:23,\n'}
[8.160295] (orbslam3) StderrLine: {'line': b'                 from /home/romi/fawad/ORB_SLAM3/include/FrameDrawer.h:24,\n'}
[8.160390] (orbslam3) StderrLine: {'line': b'                 from /home/romi/fawad/ORB_SLAM3/include/Viewer.h:23,\n'}
[8.160480] (orbslam3) StderrLine: {'line': b'                 from /home/romi/fawad/ORB_SLAM3/include/Tracking.h:26,\n'}
[8.160559] (orbslam3) StderrLine: {'line': b'                 from /home/romi/fawad/ORB_SLAM3/include/System.h:31,\n'}
[8.160647] (orbslam3) StderrLine: {'line': b'                 from /home/romi/fawad/ros2_ws/src/ORB_SLAM3_ROS2/src/stereo/stereo-slam-node.hpp:13,\n'}
[8.160735] (orbslam3) StderrLine: {'line': b'                 from /home/romi/fawad/ros2_ws/src/ORB_SLAM3_ROS2/src/stereo/stereo-slam-node.cpp:1:\n'}
[8.160824] (orbslam3) StderrLine: {'line': b'/home/romi/fawad/ORB_SLAM3/Thirdparty/g2o/g2o/types/../core/base_binary_edge.h:60:80: warning: \xe2\x80\x98Eigen::AlignedBit\xe2\x80\x99 is deprecated [-Wdeprecated-declarations]\n'}
[8.160922] (orbslam3) StderrLine: {'line': b'   60 |       typedef Eigen::Map<Matrix<double, Dj, Di>, Matrix<double, Dj, Di>::Flags & AlignedBit ? Aligned : Unaligned > HessianBlockTransposedType;\n'}
[8.161018] (orbslam3) StderrLine: {'line': b'      |                                                                          ~~~~~~^~~~~~~~~~~~\n'}
[8.161118] (orbslam3) StderrLine: {'line': b'In file included from /usr/include/eigen3/Eigen/Core:161,\n'}
[8.161238] (orbslam3) StderrLine: {'line': b'                 from /usr/include/eigen3/Eigen/LU:11,\n'}
[8.161333] (orbslam3) StderrLine: {'line': b'                 from /home/romi/fawad/ORB_SLAM3/Thirdparty/Sophus/sophus/so2.hpp:12,\n'}
[8.161423] (orbslam3) StderrLine: {'line': b'                 from /home/romi/fawad/ORB_SLAM3/Thirdparty/Sophus/sophus/se2.hpp:7,\n'}
[8.161516] (orbslam3) StderrLine: {'line': b'                 from /home/romi/fawad/ORB_SLAM3/Thirdparty/Sophus/sophus/geometry.hpp:7,\n'}
[8.161609] (orbslam3) StderrLine: {'line': b'                 from /home/romi/fawad/ORB_SLAM3/include/Frame.h:28,\n'}
[8.161706] (orbslam3) StderrLine: {'line': b'                 from /home/romi/fawad/ORB_SLAM3/include/KeyFrame.h:28,\n'}
[8.161797] (orbslam3) StderrLine: {'line': b'                 from /home/romi/fawad/ORB_SLAM3/include/MapPoint.h:23,\n'}
[8.161891] (orbslam3) StderrLine: {'line': b'                 from /home/romi/fawad/ORB_SLAM3/include/FrameDrawer.h:24,\n'}
[8.161995] (orbslam3) StderrLine: {'line': b'                 from /home/romi/fawad/ORB_SLAM3/include/Viewer.h:23,\n'}
[8.162085] (orbslam3) StderrLine: {'line': b'                 from /home/romi/fawad/ORB_SLAM3/include/Tracking.h:26,\n'}
[8.162201] (orbslam3) StderrLine: {'line': b'                 from /home/romi/fawad/ORB_SLAM3/include/System.h:31,\n'}
[8.162305] (orbslam3) StderrLine: {'line': b'                 from /home/romi/fawad/ros2_ws/src/ORB_SLAM3_ROS2/src/stereo/stereo-slam-node.hpp:13,\n'}
[8.162397] (orbslam3) StderrLine: {'line': b'                 from /home/romi/fawad/ros2_ws/src/ORB_SLAM3_ROS2/src/stereo/stereo-slam-node.cpp:1:\n'}
[8.162494] (orbslam3) StderrLine: {'line': b'/usr/include/eigen3/Eigen/src/Core/util/Constants.h:167:37: note: declared here\n'}
[8.162582] (orbslam3) StderrLine: {'line': b'  167 | EIGEN_DEPRECATED const unsigned int AlignedBit = 0x80;\n'}
[8.162676] (orbslam3) StderrLine: {'line': b'      |                                     ^~~~~~~~~~\n'}
[8.172233] (orbslam3) StderrLine: {'line': b'In file included from /home/romi/fawad/ORB_SLAM3/Thirdparty/g2o/g2o/types/types_six_dof_expmap.h:41,\n'}
[8.172507] (orbslam3) StderrLine: {'line': b'                 from /home/romi/fawad/ORB_SLAM3/include/Converter.h:26,\n'}
[8.172630] (orbslam3) StderrLine: {'line': b'                 from /home/romi/fawad/ORB_SLAM3/include/Frame.h:33,\n'}
[8.172724] (orbslam3) StderrLine: {'line': b'                 from /home/romi/fawad/ORB_SLAM3/include/KeyFrame.h:28,\n'}
[8.172815] (orbslam3) StderrLine: {'line': b'                 from /home/romi/fawad/ORB_SLAM3/include/MapPoint.h:23,\n'}
[8.172909] (orbslam3) StderrLine: {'line': b'                 from /home/romi/fawad/ORB_SLAM3/include/FrameDrawer.h:24,\n'}
[8.173001] (orbslam3) StderrLine: {'line': b'                 from /home/romi/fawad/ORB_SLAM3/include/Viewer.h:23,\n'}
[8.173092] (orbslam3) StderrLine: {'line': b'                 from /home/romi/fawad/ORB_SLAM3/include/Tracking.h:26,\n'}
[8.173192] (orbslam3) StderrLine: {'line': b'                 from /home/romi/fawad/ORB_SLAM3/include/System.h:31,\n'}
[8.173277] (orbslam3) StderrLine: {'line': b'                 from /home/romi/fawad/ros2_ws/src/ORB_SLAM3_ROS2/src/rgbd/rgbd-slam-node.hpp:18,\n'}
[8.173366] (orbslam3) StderrLine: {'line': b'                 from /home/romi/fawad/ros2_ws/src/ORB_SLAM3_ROS2/src/rgbd/rgbd.cpp:7:\n'}
[8.173459] (orbslam3) StderrLine: {'line': b'/home/romi/fawad/ORB_SLAM3/Thirdparty/g2o/g2o/types/se3quat.h:43:38: warning: extra \xe2\x80\x98;\xe2\x80\x99 [-Wpedantic]\n'}
[8.173549] (orbslam3) StderrLine: {'line': b'   43 |       EIGEN_MAKE_ALIGNED_OPERATOR_NEW;\n'}
[8.173639] (orbslam3) StderrLine: {'line': b'      |                                      ^\n'}
[8.173728] (orbslam3) StderrLine: {'line': b'      |                                      -\n'}
[8.210637] (orbslam3) StderrLine: {'line': b'In file included from /home/romi/fawad/ORB_SLAM3/Thirdparty/g2o/g2o/types/types_six_dof_expmap.h:41,\n'}
[8.210874] (orbslam3) StderrLine: {'line': b'                 from /home/romi/fawad/ORB_SLAM3/include/Converter.h:26,\n'}
[8.210988] (orbslam3) StderrLine: {'line': b'                 from /home/romi/fawad/ORB_SLAM3/include/Frame.h:33,\n'}
[8.211084] (orbslam3) StderrLine: {'line': b'                 from /home/romi/fawad/ORB_SLAM3/include/KeyFrame.h:28,\n'}
[8.211186] (orbslam3) StderrLine: {'line': b'                 from /home/romi/fawad/ORB_SLAM3/include/MapPoint.h:23,\n'}
[8.211281] (orbslam3) StderrLine: {'line': b'                 from /home/romi/fawad/ORB_SLAM3/include/FrameDrawer.h:24,\n'}
[8.211372] (orbslam3) StderrLine: {'line': b'                 from /home/romi/fawad/ORB_SLAM3/include/Viewer.h:23,\n'}
[8.211464] (orbslam3) StderrLine: {'line': b'                 from /home/romi/fawad/ORB_SLAM3/include/Tracking.h:26,\n'}
[8.211552] (orbslam3) StderrLine: {'line': b'                 from /home/romi/fawad/ORB_SLAM3/include/System.h:31,\n'}
[8.211639] (orbslam3) StderrLine: {'line': b'                 from /home/romi/fawad/ros2_ws/src/ORB_SLAM3_ROS2/src/monocular/monocular-slam-node.hpp:9,\n'}
[8.211737] (orbslam3) StderrLine: {'line': b'                 from /home/romi/fawad/ros2_ws/src/ORB_SLAM3_ROS2/src/monocular/mono.cpp:7:\n'}
[8.211817] (orbslam3) StderrLine: {'line': b'/home/romi/fawad/ORB_SLAM3/Thirdparty/g2o/g2o/types/se3quat.h:43:38: warning: extra \xe2\x80\x98;\xe2\x80\x99 [-Wpedantic]\n'}
[8.211900] (orbslam3) StderrLine: {'line': b'   43 |       EIGEN_MAKE_ALIGNED_OPERATOR_NEW;\n'}
[8.211984] (orbslam3) StderrLine: {'line': b'      |                                      ^\n'}
[8.212114] (orbslam3) StderrLine: {'line': b'      |                                      -\n'}
[8.239276] (-) TimerEvent: {}
[8.246544] (orbslam3) StderrLine: {'line': b'In file included from /home/romi/fawad/ORB_SLAM3/Thirdparty/g2o/g2o/types/types_six_dof_expmap.h:38,\n'}
[8.246883] (orbslam3) StderrLine: {'line': b'                 from /home/romi/fawad/ORB_SLAM3/include/Converter.h:26,\n'}
[8.246997] (orbslam3) StderrLine: {'line': b'                 from /home/romi/fawad/ORB_SLAM3/include/Frame.h:33,\n'}
[8.247109] (orbslam3) StderrLine: {'line': b'                 from /home/romi/fawad/ORB_SLAM3/include/KeyFrame.h:28,\n'}
[8.247211] (orbslam3) StderrLine: {'line': b'                 from /home/romi/fawad/ORB_SLAM3/include/MapPoint.h:23,\n'}
[8.247305] (orbslam3) StderrLine: {'line': b'                 from /home/romi/fawad/ORB_SLAM3/include/FrameDrawer.h:24,\n'}
[8.247397] (orbslam3) StderrLine: {'line': b'                 from /home/romi/fawad/ORB_SLAM3/include/Viewer.h:23,\n'}
[8.247487] (orbslam3) StderrLine: {'line': b'                 from /home/romi/fawad/ORB_SLAM3/include/Tracking.h:26,\n'}
[8.247581] (orbslam3) StderrLine: {'line': b'                 from /home/romi/fawad/ORB_SLAM3/include/System.h:31,\n'}
[8.247675] (orbslam3) StderrLine: {'line': b'                 from /home/romi/fawad/ros2_ws/src/ORB_SLAM3_ROS2/src/stereo/stereo-slam-node.hpp:13,\n'}
[8.247768] (orbslam3) StderrLine: {'line': b'                 from /home/romi/fawad/ros2_ws/src/ORB_SLAM3_ROS2/src/stereo/stereo-slam-node.cpp:1:\n'}
[8.247862] (orbslam3) StderrLine: {'line': b'/home/romi/fawad/ORB_SLAM3/Thirdparty/g2o/g2o/types/../core/base_binary_edge.h: In instantiation of \xe2\x80\x98class g2o::BaseBinaryEdge<2, Eigen::Matrix<double, 2, 1>, g2o::VertexSBAPointXYZ, g2o::VertexSE3Expmap>\xe2\x80\x99:\n'}
[8.247947] (orbslam3) StderrLine: {'line': b'/home/romi/fawad/ORB_SLAM3/Thirdparty/g2o/g2o/types/types_six_dof_expmap.h:114:35:   required from here\n'}
[8.248030] (orbslam3) StderrLine: {'line': b'/home/romi/fawad/ORB_SLAM3/Thirdparty/g2o/g2o/types/../core/base_binary_edge.h:59:80: warning: \xe2\x80\x98Eigen::AlignedBit\xe2\x80\x99 is deprecated [-Wdeprecated-declarations]\n'}
[8.248136] (orbslam3) StderrLine: {'line': b'   59 |       typedef Eigen::Map<Matrix<double, Di, Dj>, Matrix<double, Di, Dj>::Flags & AlignedBit ? Aligned : Unaligned > HessianBlockType;\n'}
[8.248240] (orbslam3) StderrLine: {'line': b'      |                                                                          ~~~~~~^~~~~~~~~~~~\n'}
[8.248333] (orbslam3) StderrLine: {'line': b'In file included from /usr/include/eigen3/Eigen/Core:161,\n'}
[8.248427] (orbslam3) StderrLine: {'line': b'                 from /usr/include/eigen3/Eigen/LU:11,\n'}
[8.248522] (orbslam3) StderrLine: {'line': b'                 from /home/romi/fawad/ORB_SLAM3/Thirdparty/Sophus/sophus/so2.hpp:12,\n'}
[8.248628] (orbslam3) StderrLine: {'line': b'                 from /home/romi/fawad/ORB_SLAM3/Thirdparty/Sophus/sophus/se2.hpp:7,\n'}
[8.248725] (orbslam3) StderrLine: {'line': b'                 from /home/romi/fawad/ORB_SLAM3/Thirdparty/Sophus/sophus/geometry.hpp:7,\n'}
[8.248819] (orbslam3) StderrLine: {'line': b'                 from /home/romi/fawad/ORB_SLAM3/include/Frame.h:28,\n'}
[8.248906] (orbslam3) StderrLine: {'line': b'                 from /home/romi/fawad/ORB_SLAM3/include/KeyFrame.h:28,\n'}
[8.249002] (orbslam3) StderrLine: {'line': b'                 from /home/romi/fawad/ORB_SLAM3/include/MapPoint.h:23,\n'}
[8.249111] (orbslam3) StderrLine: {'line': b'                 from /home/romi/fawad/ORB_SLAM3/include/FrameDrawer.h:24,\n'}
[8.249218] (orbslam3) StderrLine: {'line': b'                 from /home/romi/fawad/ORB_SLAM3/include/Viewer.h:23,\n'}
[8.249313] (orbslam3) StderrLine: {'line': b'                 from /home/romi/fawad/ORB_SLAM3/include/Tracking.h:26,\n'}
[8.249409] (orbslam3) StderrLine: {'line': b'                 from /home/romi/fawad/ORB_SLAM3/include/System.h:31,\n'}
[8.249500] (orbslam3) StderrLine: {'line': b'                 from /home/romi/fawad/ros2_ws/src/ORB_SLAM3_ROS2/src/stereo/stereo-slam-node.hpp:13,\n'}
[8.249593] (orbslam3) StderrLine: {'line': b'                 from /home/romi/fawad/ros2_ws/src/ORB_SLAM3_ROS2/src/stereo/stereo-slam-node.cpp:1:\n'}
[8.249686] (orbslam3) StderrLine: {'line': b'/usr/include/eigen3/Eigen/src/Core/util/Constants.h:167:37: note: declared here\n'}
[8.249781] (orbslam3) StderrLine: {'line': b'  167 | EIGEN_DEPRECATED const unsigned int AlignedBit = 0x80;\n'}
[8.249874] (orbslam3) StderrLine: {'line': b'      |                                     ^~~~~~~~~~\n'}
[8.266356] (orbslam3) StderrLine: {'line': b'In file included from /home/romi/fawad/ORB_SLAM3/Thirdparty/g2o/g2o/types/types_six_dof_expmap.h:38,\n'}
[8.266607] (orbslam3) StderrLine: {'line': b'                 from /home/romi/fawad/ORB_SLAM3/include/Converter.h:26,\n'}
[8.266719] (orbslam3) StderrLine: {'line': b'                 from /home/romi/fawad/ORB_SLAM3/include/Frame.h:33,\n'}
[8.266832] (orbslam3) StderrLine: {'line': b'                 from /home/romi/fawad/ORB_SLAM3/include/KeyFrame.h:28,\n'}
[8.266912] (orbslam3) StderrLine: {'line': b'                 from /home/romi/fawad/ORB_SLAM3/include/MapPoint.h:23,\n'}
[8.267002] (orbslam3) StderrLine: {'line': b'                 from /home/romi/fawad/ORB_SLAM3/include/FrameDrawer.h:24,\n'}
[8.267095] (orbslam3) StderrLine: {'line': b'                 from /home/romi/fawad/ORB_SLAM3/include/Viewer.h:23,\n'}
[8.267212] (orbslam3) StderrLine: {'line': b'                 from /home/romi/fawad/ORB_SLAM3/include/Tracking.h:26,\n'}
[8.267305] (orbslam3) StderrLine: {'line': b'                 from /home/romi/fawad/ORB_SLAM3/include/System.h:31,\n'}
[8.267398] (orbslam3) StderrLine: {'line': b'                 from /home/romi/fawad/ros2_ws/src/ORB_SLAM3_ROS2/src/stereo/stereo-slam-node.hpp:13,\n'}
[8.267495] (orbslam3) StderrLine: {'line': b'                 from /home/romi/fawad/ros2_ws/src/ORB_SLAM3_ROS2/src/stereo/stereo-slam-node.cpp:1:\n'}
[8.267591] (orbslam3) StderrLine: {'line': b'/home/romi/fawad/ORB_SLAM3/Thirdparty/g2o/g2o/types/../core/base_binary_edge.h:60:80: warning: \xe2\x80\x98Eigen::AlignedBit\xe2\x80\x99 is deprecated [-Wdeprecated-declarations]\n'}
[8.267687] (orbslam3) StderrLine: {'line': b'   60 |       typedef Eigen::Map<Matrix<double, Dj, Di>, Matrix<double, Dj, Di>::Flags & AlignedBit ? Aligned : Unaligned > HessianBlockTransposedType;\n'}
[8.267825] (orbslam3) StderrLine: {'line': b'      |                                                                          ~~~~~~^~~~~~~~~~~~\n'}
[8.268224] (orbslam3) StderrLine: {'line': b'In file included from /usr/include/eigen3/Eigen/Core:161,\n'}
[8.268353] (orbslam3) StderrLine: {'line': b'                 from /usr/include/eigen3/Eigen/LU:11,\n'}
[8.268453] (orbslam3) StderrLine: {'line': b'                 from /home/romi/fawad/ORB_SLAM3/Thirdparty/Sophus/sophus/so2.hpp:12,\n'}
[8.268547] (orbslam3) StderrLine: {'line': b'                 from /home/romi/fawad/ORB_SLAM3/Thirdparty/Sophus/sophus/se2.hpp:7,\n'}
[8.268644] (orbslam3) StderrLine: {'line': b'                 from /home/romi/fawad/ORB_SLAM3/Thirdparty/Sophus/sophus/geometry.hpp:7,\n'}
[8.268739] (orbslam3) StderrLine: {'line': b'                 from /home/romi/fawad/ORB_SLAM3/include/Frame.h:28,\n'}
[8.268825] (orbslam3) StderrLine: {'line': b'                 from /home/romi/fawad/ORB_SLAM3/include/KeyFrame.h:28,\n'}
[8.268914] (orbslam3) StderrLine: {'line': b'                 from /home/romi/fawad/ORB_SLAM3/include/MapPoint.h:23,\n'}
[8.269015] (orbslam3) StderrLine: {'line': b'                 from /home/romi/fawad/ORB_SLAM3/include/FrameDrawer.h:24,\n'}
[8.269115] (orbslam3) StderrLine: {'line': b'                 from /home/romi/fawad/ORB_SLAM3/include/Viewer.h:23,\n'}
[8.269223] (orbslam3) StderrLine: {'line': b'                 from /home/romi/fawad/ORB_SLAM3/include/Tracking.h:26,\n'}
[8.269316] (orbslam3) StderrLine: {'line': b'                 from /home/romi/fawad/ORB_SLAM3/include/System.h:31,\n'}
[8.269410] (orbslam3) StderrLine: {'line': b'                 from /home/romi/fawad/ros2_ws/src/ORB_SLAM3_ROS2/src/stereo/stereo-slam-node.hpp:13,\n'}
[8.269503] (orbslam3) StderrLine: {'line': b'                 from /home/romi/fawad/ros2_ws/src/ORB_SLAM3_ROS2/src/stereo/stereo-slam-node.cpp:1:\n'}
[8.269596] (orbslam3) StderrLine: {'line': b'/usr/include/eigen3/Eigen/src/Core/util/Constants.h:167:37: note: declared here\n'}
[8.269690] (orbslam3) StderrLine: {'line': b'  167 | EIGEN_DEPRECATED const unsigned int AlignedBit = 0x80;\n'}
[8.269783] (orbslam3) StderrLine: {'line': b'      |                                     ^~~~~~~~~~\n'}
[8.339384] (-) TimerEvent: {}
[8.344168] (orbslam3) StderrLine: {'line': b'In file included from /home/romi/fawad/ORB_SLAM3/Thirdparty/g2o/g2o/types/types_six_dof_expmap.h:38,\n'}
[8.344446] (orbslam3) StderrLine: {'line': b'                 from /home/romi/fawad/ORB_SLAM3/include/Converter.h:26,\n'}
[8.344606] (orbslam3) StderrLine: {'line': b'                 from /home/romi/fawad/ORB_SLAM3/include/Frame.h:33,\n'}
[8.344753] (orbslam3) StderrLine: {'line': b'                 from /home/romi/fawad/ORB_SLAM3/include/KeyFrame.h:28,\n'}
[8.344909] (orbslam3) StderrLine: {'line': b'                 from /home/romi/fawad/ORB_SLAM3/include/MapPoint.h:23,\n'}
[8.345256] (orbslam3) StderrLine: {'line': b'                 from /home/romi/fawad/ORB_SLAM3/include/FrameDrawer.h:24,\n'}
[8.345395] (orbslam3) StderrLine: {'line': b'                 from /home/romi/fawad/ORB_SLAM3/include/Viewer.h:23,\n'}
[8.348486] (orbslam3) StderrLine: {'line': b'                 from /home/romi/fawad/ORB_SLAM3/include/Tracking.h:26,\n'}
[8.348749] (orbslam3) StderrLine: {'line': b'                 from /home/romi/fawad/ORB_SLAM3/include/System.h:31,\n'}
[8.348883] (orbslam3) StderrLine: {'line': b'                 from /home/romi/fawad/ros2_ws/src/ORB_SLAM3_ROS2/src/stereo/stereo-slam-node.hpp:13,\n'}
[8.349004] (orbslam3) StderrLine: {'line': b'                 from /home/romi/fawad/ros2_ws/src/ORB_SLAM3_ROS2/src/stereo/stereo-slam-node.cpp:1:\n'}
[8.349110] (orbslam3) StderrLine: {'line': b'/home/romi/fawad/ORB_SLAM3/Thirdparty/g2o/g2o/types/../core/base_binary_edge.h: In instantiation of \xe2\x80\x98class g2o::BaseBinaryEdge<3, Eigen::Matrix<double, 3, 1>, g2o::VertexSBAPointXYZ, g2o::VertexSE3Expmap>\xe2\x80\x99:\n'}
[8.349217] (orbslam3) StderrLine: {'line': b'/home/romi/fawad/ORB_SLAM3/Thirdparty/g2o/g2o/types/types_six_dof_expmap.h:146:41:   required from here\n'}
[8.349308] (orbslam3) StderrLine: {'line': b'/home/romi/fawad/ORB_SLAM3/Thirdparty/g2o/g2o/types/../core/base_binary_edge.h:59:80: warning: \xe2\x80\x98Eigen::AlignedBit\xe2\x80\x99 is deprecated [-Wdeprecated-declarations]\n'}
[8.349397] (orbslam3) StderrLine: {'line': b'   59 |       typedef Eigen::Map<Matrix<double, Di, Dj>, Matrix<double, Di, Dj>::Flags & AlignedBit ? Aligned : Unaligned > HessianBlockType;\n'}
[8.349487] (orbslam3) StderrLine: {'line': b'      |                                                                          ~~~~~~^~~~~~~~~~~~\n'}
[8.349575] (orbslam3) StderrLine: {'line': b'In file included from /usr/include/eigen3/Eigen/Core:161,\n'}
[8.349663] (orbslam3) StderrLine: {'line': b'                 from /usr/include/eigen3/Eigen/LU:11,\n'}
[8.349752] (orbslam3) StderrLine: {'line': b'                 from /home/romi/fawad/ORB_SLAM3/Thirdparty/Sophus/sophus/so2.hpp:12,\n'}
[8.349851] (orbslam3) StderrLine: {'line': b'                 from /home/romi/fawad/ORB_SLAM3/Thirdparty/Sophus/sophus/se2.hpp:7,\n'}
[8.349940] (orbslam3) StderrLine: {'line': b'                 from /home/romi/fawad/ORB_SLAM3/Thirdparty/Sophus/sophus/geometry.hpp:7,\n'}
[8.350033] (orbslam3) StderrLine: {'line': b'                 from /home/romi/fawad/ORB_SLAM3/include/Frame.h:28,\n'}
[8.350134] (orbslam3) StderrLine: {'line': b'                 from /home/romi/fawad/ORB_SLAM3/include/KeyFrame.h:28,\n'}
[8.350228] (orbslam3) StderrLine: {'line': b'                 from /home/romi/fawad/ORB_SLAM3/include/MapPoint.h:23,\n'}
[8.350315] (orbslam3) StderrLine: {'line': b'                 from /home/romi/fawad/ORB_SLAM3/include/FrameDrawer.h:24,\n'}
[8.350407] (orbslam3) StderrLine: {'line': b'                 from /home/romi/fawad/ORB_SLAM3/include/Viewer.h:23,\n'}
[8.350494] (orbslam3) StderrLine: {'line': b'                 from /home/romi/fawad/ORB_SLAM3/include/Tracking.h:26,\n'}
[8.350582] (orbslam3) StderrLine: {'line': b'                 from /home/romi/fawad/ORB_SLAM3/include/System.h:31,\n'}
[8.350669] (orbslam3) StderrLine: {'line': b'                 from /home/romi/fawad/ros2_ws/src/ORB_SLAM3_ROS2/src/stereo/stereo-slam-node.hpp:13,\n'}
[8.350755] (orbslam3) StderrLine: {'line': b'                 from /home/romi/fawad/ros2_ws/src/ORB_SLAM3_ROS2/src/stereo/stereo-slam-node.cpp:1:\n'}
[8.350842] (orbslam3) StderrLine: {'line': b'/usr/include/eigen3/Eigen/src/Core/util/Constants.h:167:37: note: declared here\n'}
[8.350929] (orbslam3) StderrLine: {'line': b'  167 | EIGEN_DEPRECATED const unsigned int AlignedBit = 0x80;\n'}
[8.351016] (orbslam3) StderrLine: {'line': b'      |                                     ^~~~~~~~~~\n'}
[8.351109] (orbslam3) StderrLine: {'line': b'In file included from /home/romi/fawad/ORB_SLAM3/Thirdparty/g2o/g2o/types/types_six_dof_expmap.h:38,\n'}
[8.351207] (orbslam3) StderrLine: {'line': b'                 from /home/romi/fawad/ORB_SLAM3/include/Converter.h:26,\n'}
[8.351294] (orbslam3) StderrLine: {'line': b'                 from /home/romi/fawad/ORB_SLAM3/include/Frame.h:33,\n'}
[8.351381] (orbslam3) StderrLine: {'line': b'                 from /home/romi/fawad/ORB_SLAM3/include/KeyFrame.h:28,\n'}
[8.351469] (orbslam3) StderrLine: {'line': b'                 from /home/romi/fawad/ORB_SLAM3/include/MapPoint.h:23,\n'}
[8.351555] (orbslam3) StderrLine: {'line': b'                 from /home/romi/fawad/ORB_SLAM3/include/FrameDrawer.h:24,\n'}
[8.351642] (orbslam3) StderrLine: {'line': b'                 from /home/romi/fawad/ORB_SLAM3/include/Viewer.h:23,\n'}
[8.351729] (orbslam3) StderrLine: {'line': b'                 from /home/romi/fawad/ORB_SLAM3/include/Tracking.h:26,\n'}
[8.351817] (orbslam3) StderrLine: {'line': b'                 from /home/romi/fawad/ORB_SLAM3/include/System.h:31,\n'}
[8.351904] (orbslam3) StderrLine: {'line': b'                 from /home/romi/fawad/ros2_ws/src/ORB_SLAM3_ROS2/src/stereo/stereo-slam-node.hpp:13,\n'}
[8.351992] (orbslam3) StderrLine: {'line': b'                 from /home/romi/fawad/ros2_ws/src/ORB_SLAM3_ROS2/src/stereo/stereo-slam-node.cpp:1:\n'}
[8.352079] (orbslam3) StderrLine: {'line': b'/home/romi/fawad/ORB_SLAM3/Thirdparty/g2o/g2o/types/../core/base_binary_edge.h:60:80: warning: \xe2\x80\x98Eigen::AlignedBit\xe2\x80\x99 is deprecated [-Wdeprecated-declarations]\n'}
[8.355311] (orbslam3) StderrLine: {'line': b'   60 |       typedef Eigen::Map<Matrix<double, Dj, Di>, Matrix<double, Dj, Di>::Flags & AlignedBit ? Aligned : Unaligned > HessianBlockTransposedType;\n'}
[8.355435] (orbslam3) StderrLine: {'line': b'      |                                                                          ~~~~~~^~~~~~~~~~~~\n'}
[8.355527] (orbslam3) StderrLine: {'line': b'In file included from /usr/include/eigen3/Eigen/Core:161,\n'}
[8.355616] (orbslam3) StderrLine: {'line': b'                 from /usr/include/eigen3/Eigen/LU:11,\n'}
[8.355703] (orbslam3) StderrLine: {'line': b'                 from /home/romi/fawad/ORB_SLAM3/Thirdparty/Sophus/sophus/so2.hpp:12,\n'}
[8.355792] (orbslam3) StderrLine: {'line': b'                 from /home/romi/fawad/ORB_SLAM3/Thirdparty/Sophus/sophus/se2.hpp:7,\n'}
[8.355879] (orbslam3) StderrLine: {'line': b'                 from /home/romi/fawad/ORB_SLAM3/Thirdparty/Sophus/sophus/geometry.hpp:7,\n'}
[8.355979] (orbslam3) StderrLine: {'line': b'                 from /home/romi/fawad/ORB_SLAM3/include/Frame.h:28,\n'}
[8.356068] (orbslam3) StderrLine: {'line': b'                 from /home/romi/fawad/ORB_SLAM3/include/KeyFrame.h:28,\n'}
[8.356172] (orbslam3) StderrLine: {'line': b'                 from /home/romi/fawad/ORB_SLAM3/include/MapPoint.h:23,\n'}
[8.356262] (orbslam3) StderrLine: {'line': b'                 from /home/romi/fawad/ORB_SLAM3/include/FrameDrawer.h:24,\n'}
[8.356357] (orbslam3) StderrLine: {'line': b'                 from /home/romi/fawad/ORB_SLAM3/include/Viewer.h:23,\n'}
[8.356444] (orbslam3) StderrLine: {'line': b'                 from /home/romi/fawad/ORB_SLAM3/include/Tracking.h:26,\n'}
[8.356531] (orbslam3) StderrLine: {'line': b'                 from /home/romi/fawad/ORB_SLAM3/include/System.h:31,\n'}
[8.356617] (orbslam3) StderrLine: {'line': b'                 from /home/romi/fawad/ros2_ws/src/ORB_SLAM3_ROS2/src/stereo/stereo-slam-node.hpp:13,\n'}
[8.356707] (orbslam3) StderrLine: {'line': b'                 from /home/romi/fawad/ros2_ws/src/ORB_SLAM3_ROS2/src/stereo/stereo-slam-node.cpp:1:\n'}
[8.356795] (orbslam3) StderrLine: {'line': b'/usr/include/eigen3/Eigen/src/Core/util/Constants.h:167:37: note: declared here\n'}
[8.356883] (orbslam3) StderrLine: {'line': b'  167 | EIGEN_DEPRECATED const unsigned int AlignedBit = 0x80;\n'}
[8.356971] (orbslam3) StderrLine: {'line': b'      |                                     ^~~~~~~~~~\n'}
[8.439483] (-) TimerEvent: {}
[8.539806] (-) TimerEvent: {}
[8.616222] (orbslam3) StderrLine: {'line': b'In file included from /home/romi/fawad/ORB_SLAM3/Thirdparty/g2o/g2o/types/types_six_dof_expmap.h:37,\n'}
[8.616390] (orbslam3) StderrLine: {'line': b'                 from /home/romi/fawad/ORB_SLAM3/include/Converter.h:26,\n'}
[8.616455] (orbslam3) StderrLine: {'line': b'                 from /home/romi/fawad/ORB_SLAM3/include/Frame.h:33,\n'}
[8.616512] (orbslam3) StderrLine: {'line': b'                 from /home/romi/fawad/ORB_SLAM3/include/KeyFrame.h:28,\n'}
[8.616567] (orbslam3) StderrLine: {'line': b'                 from /home/romi/fawad/ORB_SLAM3/include/MapPoint.h:23,\n'}
[8.616630] (orbslam3) StderrLine: {'line': b'                 from /home/romi/fawad/ORB_SLAM3/include/FrameDrawer.h:24,\n'}
[8.616685] (orbslam3) StderrLine: {'line': b'                 from /home/romi/fawad/ORB_SLAM3/include/Viewer.h:23,\n'}
[8.616736] (orbslam3) StderrLine: {'line': b'                 from /home/romi/fawad/ORB_SLAM3/include/Tracking.h:26,\n'}
[8.616786] (orbslam3) StderrLine: {'line': b'                 from /home/romi/fawad/ORB_SLAM3/include/System.h:31,\n'}
[8.616835] (orbslam3) StderrLine: {'line': b'                 from /home/romi/fawad/ros2_ws/src/ORB_SLAM3_ROS2/src/stereo-inertial/stereo-inertial-node.hpp:10,\n'}
[8.616885] (orbslam3) StderrLine: {'line': b'                 from /home/romi/fawad/ros2_ws/src/ORB_SLAM3_ROS2/src/stereo-inertial/stereo-inertial-node.cpp:1:\n'}
[8.616934] (orbslam3) StderrLine: {'line': b'/home/romi/fawad/ORB_SLAM3/Thirdparty/g2o/g2o/types/../core/base_vertex.h: In instantiation of \xe2\x80\x98class g2o::BaseVertex<3, Eigen::Matrix<double, 3, 1> >\xe2\x80\x99:\n'}
[8.616985] (orbslam3) StderrLine: {'line': b'/home/romi/fawad/ORB_SLAM3/Thirdparty/g2o/g2o/types/types_sba.h:40:35:   required from here\n'}
[8.617033] (orbslam3) StderrLine: {'line': b'/home/romi/fawad/ORB_SLAM3/Thirdparty/g2o/g2o/types/../core/base_vertex.h:62:72: warning: \xe2\x80\x98Eigen::AlignedBit\xe2\x80\x99 is deprecated [-Wdeprecated-declarations]\n'}
[8.617089] (orbslam3) StderrLine: {'line': b'   62 |     typedef Eigen::Map<Matrix<double, D, D>, Matrix<double,D,D>::Flags & AlignedBit ? Aligned : Unaligned >  HessianBlockType;\n'}
[8.617156] (orbslam3) StderrLine: {'line': b'      |                                                                  ~~~~~~^~~~~~~~~~~~\n'}
[8.617204] (orbslam3) StderrLine: {'line': b'In file included from /usr/include/eigen3/Eigen/Core:161,\n'}
[8.617255] (orbslam3) StderrLine: {'line': b'                 from /usr/include/eigen3/Eigen/LU:11,\n'}
[8.617301] (orbslam3) StderrLine: {'line': b'                 from /home/romi/fawad/ORB_SLAM3/Thirdparty/Sophus/sophus/so2.hpp:12,\n'}
[8.617347] (orbslam3) StderrLine: {'line': b'                 from /home/romi/fawad/ORB_SLAM3/Thirdparty/Sophus/sophus/se2.hpp:7,\n'}
[8.617392] (orbslam3) StderrLine: {'line': b'                 from /home/romi/fawad/ORB_SLAM3/Thirdparty/Sophus/sophus/geometry.hpp:7,\n'}
[8.617438] (orbslam3) StderrLine: {'line': b'                 from /home/romi/fawad/ORB_SLAM3/include/Frame.h:28,\n'}
[8.617483] (orbslam3) StderrLine: {'line': b'                 from /home/romi/fawad/ORB_SLAM3/include/KeyFrame.h:28,\n'}
[8.617527] (orbslam3) StderrLine: {'line': b'                 from /home/romi/fawad/ORB_SLAM3/include/MapPoint.h:23,\n'}
[8.617571] (orbslam3) StderrLine: {'line': b'                 from /home/romi/fawad/ORB_SLAM3/include/FrameDrawer.h:24,\n'}
[8.617615] (orbslam3) StderrLine: {'line': b'                 from /home/romi/fawad/ORB_SLAM3/include/Viewer.h:23,\n'}
[8.617659] (orbslam3) StderrLine: {'line': b'                 from /home/romi/fawad/ORB_SLAM3/include/Tracking.h:26,\n'}
[8.617703] (orbslam3) StderrLine: {'line': b'                 from /home/romi/fawad/ORB_SLAM3/include/System.h:31,\n'}
[8.617747] (orbslam3) StderrLine: {'line': b'                 from /home/romi/fawad/ros2_ws/src/ORB_SLAM3_ROS2/src/stereo-inertial/stereo-inertial-node.hpp:10,\n'}
[8.617792] (orbslam3) StderrLine: {'line': b'                 from /home/romi/fawad/ros2_ws/src/ORB_SLAM3_ROS2/src/stereo-inertial/stereo-inertial-node.cpp:1:\n'}
[8.617837] (orbslam3) StderrLine: {'line': b'/usr/include/eigen3/Eigen/src/Core/util/Constants.h:167:37: note: declared here\n'}
[8.617881] (orbslam3) StderrLine: {'line': b'  167 | EIGEN_DEPRECATED const unsigned int AlignedBit = 0x80;\n'}
[8.617925] (orbslam3) StderrLine: {'line': b'      |                                     ^~~~~~~~~~\n'}
[8.622991] (orbslam3) StderrLine: {'line': b'In file included from /home/romi/fawad/ORB_SLAM3/include/Frame.h:30,\n'}
[8.623207] (orbslam3) StderrLine: {'line': b'                 from /home/romi/fawad/ORB_SLAM3/include/KeyFrame.h:28,\n'}
[8.623266] (orbslam3) StderrLine: {'line': b'                 from /home/romi/fawad/ORB_SLAM3/include/MapPoint.h:23,\n'}
[8.623316] (orbslam3) StderrLine: {'line': b'                 from /home/romi/fawad/ORB_SLAM3/include/FrameDrawer.h:24,\n'}
[8.623362] (orbslam3) StderrLine: {'line': b'                 from /home/romi/fawad/ORB_SLAM3/include/Viewer.h:23,\n'}
[8.623408] (orbslam3) StderrLine: {'line': b'                 from /home/romi/fawad/ORB_SLAM3/include/Tracking.h:26,\n'}
[8.623453] (orbslam3) StderrLine: {'line': b'                 from /home/romi/fawad/ORB_SLAM3/include/System.h:31,\n'}
[8.623499] (orbslam3) StderrLine: {'line': b'                 from /home/romi/fawad/ros2_ws/src/ORB_SLAM3_ROS2/src/stereo-inertial/stereo-inertial-node.hpp:10,\n'}
[8.623545] (orbslam3) StderrLine: {'line': b'                 from /home/romi/fawad/ros2_ws/src/ORB_SLAM3_ROS2/src/stereo-inertial/stereo-inertial.cpp:7:\n'}
[8.623602] (orbslam3) StderrLine: {'line': b'/home/romi/fawad/ORB_SLAM3/include/ImuTypes.h: In member function \xe2\x80\x98void ORB_SLAM3::IMU::Preintegrated::printMeasurements() const\xe2\x80\x99:\n'}
[8.623648] (orbslam3) StderrLine: {'line': b'/home/romi/fawad/ORB_SLAM3/include/ImuTypes.h:204:23: warning: comparison of integer expressions of different signedness: \xe2\x80\x98int\xe2\x80\x99 and \xe2\x80\x98std::vector<ORB_SLAM3::IMU::Preintegrated::integrable>::size_type\xe2\x80\x99 {aka \xe2\x80\x98long unsigned int\xe2\x80\x99} [-Wsign-compare]\n'}
[8.623697] (orbslam3) StderrLine: {'line': b'  204 |         for(int i=0; i<mvMeasurements.size(); i++){\n'}
[8.623741] (orbslam3) StderrLine: {'line': b'      |                      ~^~~~~~~~~~~~~~~~~~~~~~\n'}
[8.639927] (-) TimerEvent: {}
[8.649307] (orbslam3) StderrLine: {'line': b'In file included from /home/romi/fawad/ORB_SLAM3/Thirdparty/g2o/g2o/types/types_six_dof_expmap.h:37,\n'}
[8.649558] (orbslam3) StderrLine: {'line': b'                 from /home/romi/fawad/ORB_SLAM3/include/Converter.h:26,\n'}
[8.649692] (orbslam3) StderrLine: {'line': b'                 from /home/romi/fawad/ORB_SLAM3/include/Frame.h:33,\n'}
[8.649803] (orbslam3) StderrLine: {'line': b'                 from /home/romi/fawad/ORB_SLAM3/include/KeyFrame.h:28,\n'}
[8.649912] (orbslam3) StderrLine: {'line': b'                 from /home/romi/fawad/ORB_SLAM3/include/MapPoint.h:23,\n'}
[8.650014] (orbslam3) StderrLine: {'line': b'                 from /home/romi/fawad/ORB_SLAM3/include/FrameDrawer.h:24,\n'}
[8.650380] (orbslam3) StderrLine: {'line': b'                 from /home/romi/fawad/ORB_SLAM3/include/Viewer.h:23,\n'}
[8.650511] (orbslam3) StderrLine: {'line': b'                 from /home/romi/fawad/ORB_SLAM3/include/Tracking.h:26,\n'}
[8.650619] (orbslam3) StderrLine: {'line': b'                 from /home/romi/fawad/ORB_SLAM3/include/System.h:31,\n'}
[8.650721] (orbslam3) StderrLine: {'line': b'                 from /home/romi/fawad/ros2_ws/src/ORB_SLAM3_ROS2/src/stereo-inertial/stereo-inertial-node.hpp:10,\n'}
[8.650827] (orbslam3) StderrLine: {'line': b'                 from /home/romi/fawad/ros2_ws/src/ORB_SLAM3_ROS2/src/stereo-inertial/stereo-inertial-node.cpp:1:\n'}
[8.650932] (orbslam3) StderrLine: {'line': b'/home/romi/fawad/ORB_SLAM3/Thirdparty/g2o/g2o/types/../core/base_vertex.h: In instantiation of \xe2\x80\x98class g2o::BaseVertex<6, g2o::SE3Quat>\xe2\x80\x99:\n'}
[8.651039] (orbslam3) StderrLine: {'line': b'/home/romi/fawad/ORB_SLAM3/Thirdparty/g2o/g2o/types/types_six_dof_expmap.h:59:33:   required from here\n'}
[8.651178] (orbslam3) StderrLine: {'line': b'/home/romi/fawad/ORB_SLAM3/Thirdparty/g2o/g2o/types/../core/base_vertex.h:62:72: warning: \xe2\x80\x98Eigen::AlignedBit\xe2\x80\x99 is deprecated [-Wdeprecated-declarations]\n'}
[8.651312] (orbslam3) StderrLine: {'line': b'   62 |     typedef Eigen::Map<Matrix<double, D, D>, Matrix<double,D,D>::Flags & AlignedBit ? Aligned : Unaligned >  HessianBlockType;\n'}
[8.651412] (orbslam3) StderrLine: {'line': b'      |                                                                  ~~~~~~^~~~~~~~~~~~\n'}
[8.651516] (orbslam3) StderrLine: {'line': b'In file included from /usr/include/eigen3/Eigen/Core:161,\n'}
[8.651616] (orbslam3) StderrLine: {'line': b'                 from /usr/include/eigen3/Eigen/LU:11,\n'}
[8.651728] (orbslam3) StderrLine: {'line': b'                 from /home/romi/fawad/ORB_SLAM3/Thirdparty/Sophus/sophus/so2.hpp:12,\n'}
[8.651831] (orbslam3) StderrLine: {'line': b'                 from /home/romi/fawad/ORB_SLAM3/Thirdparty/Sophus/sophus/se2.hpp:7,\n'}
[8.651933] (orbslam3) StderrLine: {'line': b'                 from /home/romi/fawad/ORB_SLAM3/Thirdparty/Sophus/sophus/geometry.hpp:7,\n'}
[8.652052] (orbslam3) StderrLine: {'line': b'                 from /home/romi/fawad/ORB_SLAM3/include/Frame.h:28,\n'}
[8.652181] (orbslam3) StderrLine: {'line': b'                 from /home/romi/fawad/ORB_SLAM3/include/KeyFrame.h:28,\n'}
[8.652342] (orbslam3) StderrLine: {'line': b'                 from /home/romi/fawad/ORB_SLAM3/include/MapPoint.h:23,\n'}
[8.652454] (orbslam3) StderrLine: {'line': b'                 from /home/romi/fawad/ORB_SLAM3/include/FrameDrawer.h:24,\n'}
[8.652565] (orbslam3) StderrLine: {'line': b'                 from /home/romi/fawad/ORB_SLAM3/include/Viewer.h:23,\n'}
[8.652670] (orbslam3) StderrLine: {'line': b'                 from /home/romi/fawad/ORB_SLAM3/include/Tracking.h:26,\n'}
[8.652777] (orbslam3) StderrLine: {'line': b'                 from /home/romi/fawad/ORB_SLAM3/include/System.h:31,\n'}
[8.652869] (orbslam3) StderrLine: {'line': b'                 from /home/romi/fawad/ros2_ws/src/ORB_SLAM3_ROS2/src/stereo-inertial/stereo-inertial-node.hpp:10,\n'}
[8.652963] (orbslam3) StderrLine: {'line': b'                 from /home/romi/fawad/ros2_ws/src/ORB_SLAM3_ROS2/src/stereo-inertial/stereo-inertial-node.cpp:1:\n'}
[8.653063] (orbslam3) StderrLine: {'line': b'/usr/include/eigen3/Eigen/src/Core/util/Constants.h:167:37: note: declared here\n'}
[8.653190] (orbslam3) StderrLine: {'line': b'  167 | EIGEN_DEPRECATED const unsigned int AlignedBit = 0x80;\n'}
[8.653281] (orbslam3) StderrLine: {'line': b'      |                                     ^~~~~~~~~~\n'}
[8.685140] (orbslam3) StderrLine: {'line': b'In file included from /home/romi/fawad/ORB_SLAM3/Thirdparty/g2o/g2o/types/types_six_dof_expmap.h:38,\n'}
[8.685550] (orbslam3) StderrLine: {'line': b'                 from /home/romi/fawad/ORB_SLAM3/include/Converter.h:26,\n'}
[8.685652] (orbslam3) StderrLine: {'line': b'                 from /home/romi/fawad/ORB_SLAM3/include/Frame.h:33,\n'}
[8.685740] (orbslam3) StderrLine: {'line': b'                 from /home/romi/fawad/ORB_SLAM3/include/KeyFrame.h:28,\n'}
[8.685826] (orbslam3) StderrLine: {'line': b'                 from /home/romi/fawad/ORB_SLAM3/include/MapPoint.h:23,\n'}
[8.685910] (orbslam3) StderrLine: {'line': b'                 from /home/romi/fawad/ORB_SLAM3/include/FrameDrawer.h:24,\n'}
[8.685994] (orbslam3) StderrLine: {'line': b'                 from /home/romi/fawad/ORB_SLAM3/include/Viewer.h:23,\n'}
[8.686078] (orbslam3) StderrLine: {'line': b'                 from /home/romi/fawad/ORB_SLAM3/include/Tracking.h:26,\n'}
[8.686180] (orbslam3) StderrLine: {'line': b'                 from /home/romi/fawad/ORB_SLAM3/include/System.h:31,\n'}
[8.686282] (orbslam3) StderrLine: {'line': b'                 from /home/romi/fawad/ros2_ws/src/ORB_SLAM3_ROS2/src/stereo-inertial/stereo-inertial-node.hpp:10,\n'}
[8.686368] (orbslam3) StderrLine: {'line': b'                 from /home/romi/fawad/ros2_ws/src/ORB_SLAM3_ROS2/src/stereo-inertial/stereo-inertial-node.cpp:1:\n'}
[8.686454] (orbslam3) StderrLine: {'line': b'/home/romi/fawad/ORB_SLAM3/Thirdparty/g2o/g2o/types/../core/base_binary_edge.h: In instantiation of \xe2\x80\x98class g2o::BaseBinaryEdge<6, g2o::SE3Quat, g2o::VertexSE3Expmap, g2o::VertexSE3Expmap>\xe2\x80\x99:\n'}
[8.686546] (orbslam3) StderrLine: {'line': b'/home/romi/fawad/ORB_SLAM3/Thirdparty/g2o/g2o/types/types_six_dof_expmap.h:83:24:   required from here\n'}
[8.686633] (orbslam3) StderrLine: {'line': b'/home/romi/fawad/ORB_SLAM3/Thirdparty/g2o/g2o/types/../core/base_binary_edge.h:59:80: warning: \xe2\x80\x98Eigen::AlignedBit\xe2\x80\x99 is deprecated [-Wdeprecated-declarations]\n'}
[8.686719] (orbslam3) StderrLine: {'line': b'   59 |       typedef Eigen::Map<Matrix<double, Di, Dj>, Matrix<double, Di, Dj>::Flags & AlignedBit ? Aligned : Unaligned > HessianBlockType;\n'}
[8.686806] (orbslam3) StderrLine: {'line': b'      |                                                                          ~~~~~~^~~~~~~~~~~~\n'}
[8.686891] (orbslam3) StderrLine: {'line': b'In file included from /usr/include/eigen3/Eigen/Core:161,\n'}
[8.686975] (orbslam3) StderrLine: {'line': b'                 from /usr/include/eigen3/Eigen/LU:11,\n'}
[8.687063] (orbslam3) StderrLine: {'line': b'                 from /home/romi/fawad/ORB_SLAM3/Thirdparty/Sophus/sophus/so2.hpp:12,\n'}
[8.687163] (orbslam3) StderrLine: {'line': b'                 from /home/romi/fawad/ORB_SLAM3/Thirdparty/Sophus/sophus/se2.hpp:7,\n'}
[8.687251] (orbslam3) StderrLine: {'line': b'                 from /home/romi/fawad/ORB_SLAM3/Thirdparty/Sophus/sophus/geometry.hpp:7,\n'}
[8.687336] (orbslam3) StderrLine: {'line': b'                 from /home/romi/fawad/ORB_SLAM3/include/Frame.h:28,\n'}
[8.687420] (orbslam3) StderrLine: {'line': b'                 from /home/romi/fawad/ORB_SLAM3/include/KeyFrame.h:28,\n'}
[8.687505] (orbslam3) StderrLine: {'line': b'                 from /home/romi/fawad/ORB_SLAM3/include/MapPoint.h:23,\n'}
[8.687590] (orbslam3) StderrLine: {'line': b'                 from /home/romi/fawad/ORB_SLAM3/include/FrameDrawer.h:24,\n'}
[8.687674] (orbslam3) StderrLine: {'line': b'                 from /home/romi/fawad/ORB_SLAM3/include/Viewer.h:23,\n'}
[8.687759] (orbslam3) StderrLine: {'line': b'                 from /home/romi/fawad/ORB_SLAM3/include/Tracking.h:26,\n'}
[8.687848] (orbslam3) StderrLine: {'line': b'                 from /home/romi/fawad/ORB_SLAM3/include/System.h:31,\n'}
[8.687933] (orbslam3) StderrLine: {'line': b'                 from /home/romi/fawad/ros2_ws/src/ORB_SLAM3_ROS2/src/stereo-inertial/stereo-inertial-node.hpp:10,\n'}
[8.688019] (orbslam3) StderrLine: {'line': b'                 from /home/romi/fawad/ros2_ws/src/ORB_SLAM3_ROS2/src/stereo-inertial/stereo-inertial-node.cpp:1:\n'}
[8.688110] (orbslam3) StderrLine: {'line': b'/usr/include/eigen3/Eigen/src/Core/util/Constants.h:167:37: note: declared here\n'}
[8.688205] (orbslam3) StderrLine: {'line': b'  167 | EIGEN_DEPRECATED const unsigned int AlignedBit = 0x80;\n'}
[8.688290] (orbslam3) StderrLine: {'line': b'      |                                     ^~~~~~~~~~\n'}
[8.688376] (orbslam3) StderrLine: {'line': b'In file included from /home/romi/fawad/ORB_SLAM3/Thirdparty/g2o/g2o/types/types_six_dof_expmap.h:38,\n'}
[8.688463] (orbslam3) StderrLine: {'line': b'                 from /home/romi/fawad/ORB_SLAM3/include/Converter.h:26,\n'}
[8.688549] (orbslam3) StderrLine: {'line': b'                 from /home/romi/fawad/ORB_SLAM3/include/Frame.h:33,\n'}
[8.688634] (orbslam3) StderrLine: {'line': b'                 from /home/romi/fawad/ORB_SLAM3/include/KeyFrame.h:28,\n'}
[8.688718] (orbslam3) StderrLine: {'line': b'                 from /home/romi/fawad/ORB_SLAM3/include/MapPoint.h:23,\n'}
[8.688803] (orbslam3) StderrLine: {'line': b'                 from /home/romi/fawad/ORB_SLAM3/include/FrameDrawer.h:24,\n'}
[8.688889] (orbslam3) StderrLine: {'line': b'                 from /home/romi/fawad/ORB_SLAM3/include/Viewer.h:23,\n'}
[8.688975] (orbslam3) StderrLine: {'line': b'                 from /home/romi/fawad/ORB_SLAM3/include/Tracking.h:26,\n'}
[8.689059] (orbslam3) StderrLine: {'line': b'                 from /home/romi/fawad/ORB_SLAM3/include/System.h:31,\n'}
[8.689159] (orbslam3) StderrLine: {'line': b'                 from /home/romi/fawad/ros2_ws/src/ORB_SLAM3_ROS2/src/stereo-inertial/stereo-inertial-node.hpp:10,\n'}
[8.689248] (orbslam3) StderrLine: {'line': b'                 from /home/romi/fawad/ros2_ws/src/ORB_SLAM3_ROS2/src/stereo-inertial/stereo-inertial-node.cpp:1:\n'}
[8.689333] (orbslam3) StderrLine: {'line': b'/home/romi/fawad/ORB_SLAM3/Thirdparty/g2o/g2o/types/../core/base_binary_edge.h:60:80: warning: \xe2\x80\x98Eigen::AlignedBit\xe2\x80\x99 is deprecated [-Wdeprecated-declarations]\n'}
[8.689420] (orbslam3) StderrLine: {'line': b'   60 |       typedef Eigen::Map<Matrix<double, Dj, Di>, Matrix<double, Dj, Di>::Flags & AlignedBit ? Aligned : Unaligned > HessianBlockTransposedType;\n'}
[8.689506] (orbslam3) StderrLine: {'line': b'      |                                                                          ~~~~~~^~~~~~~~~~~~\n'}
[8.689591] (orbslam3) StderrLine: {'line': b'In file included from /usr/include/eigen3/Eigen/Core:161,\n'}
[8.689676] (orbslam3) StderrLine: {'line': b'                 from /usr/include/eigen3/Eigen/LU:11,\n'}
[8.689762] (orbslam3) StderrLine: {'line': b'                 from /home/romi/fawad/ORB_SLAM3/Thirdparty/Sophus/sophus/so2.hpp:12,\n'}
[8.689849] (orbslam3) StderrLine: {'line': b'                 from /home/romi/fawad/ORB_SLAM3/Thirdparty/Sophus/sophus/se2.hpp:7,\n'}
[8.689935] (orbslam3) StderrLine: {'line': b'                 from /home/romi/fawad/ORB_SLAM3/Thirdparty/Sophus/sophus/geometry.hpp:7,\n'}
[8.690021] (orbslam3) StderrLine: {'line': b'                 from /home/romi/fawad/ORB_SLAM3/include/Frame.h:28,\n'}
[8.690113] (orbslam3) StderrLine: {'line': b'                 from /home/romi/fawad/ORB_SLAM3/include/KeyFrame.h:28,\n'}
[8.690221] (orbslam3) StderrLine: {'line': b'                 from /home/romi/fawad/ORB_SLAM3/include/MapPoint.h:23,\n'}
[8.690324] (orbslam3) StderrLine: {'line': b'                 from /home/romi/fawad/ORB_SLAM3/include/FrameDrawer.h:24,\n'}
[8.690437] (orbslam3) StderrLine: {'line': b'                 from /home/romi/fawad/ORB_SLAM3/include/Viewer.h:23,\n'}
[8.690534] (orbslam3) StderrLine: {'line': b'                 from /home/romi/fawad/ORB_SLAM3/include/Tracking.h:26,\n'}
[8.690627] (orbslam3) StderrLine: {'line': b'                 from /home/romi/fawad/ORB_SLAM3/include/System.h:31,\n'}
[8.690713] (orbslam3) StderrLine: {'line': b'                 from /home/romi/fawad/ros2_ws/src/ORB_SLAM3_ROS2/src/stereo-inertial/stereo-inertial-node.hpp:10,\n'}
[8.690808] (orbslam3) StderrLine: {'line': b'                 from /home/romi/fawad/ros2_ws/src/ORB_SLAM3_ROS2/src/stereo-inertial/stereo-inertial-node.cpp:1:\n'}
[8.690895] (orbslam3) StderrLine: {'line': b'/usr/include/eigen3/Eigen/src/Core/util/Constants.h:167:37: note: declared here\n'}
[8.690980] (orbslam3) StderrLine: {'line': b'  167 | EIGEN_DEPRECATED const unsigned int AlignedBit = 0x80;\n'}
[8.691064] (orbslam3) StderrLine: {'line': b'      |                                     ^~~~~~~~~~\n'}
[8.707255] (orbslam3) StderrLine: {'line': b'In file included from /home/romi/fawad/ORB_SLAM3/Thirdparty/g2o/g2o/types/types_six_dof_expmap.h:37,\n'}
[8.707513] (orbslam3) StderrLine: {'line': b'                 from /home/romi/fawad/ORB_SLAM3/include/Converter.h:26,\n'}
[8.707606] (orbslam3) StderrLine: {'line': b'                 from /home/romi/fawad/ORB_SLAM3/include/Frame.h:33,\n'}
[8.707691] (orbslam3) StderrLine: {'line': b'                 from /home/romi/fawad/ORB_SLAM3/include/KeyFrame.h:28,\n'}
[8.707787] (orbslam3) StderrLine: {'line': b'                 from /home/romi/fawad/ORB_SLAM3/include/MapPoint.h:23,\n'}
[8.707878] (orbslam3) StderrLine: {'line': b'                 from /home/romi/fawad/ORB_SLAM3/include/FrameDrawer.h:24,\n'}
[8.707961] (orbslam3) StderrLine: {'line': b'                 from /home/romi/fawad/ORB_SLAM3/include/Viewer.h:23,\n'}
[8.708044] (orbslam3) StderrLine: {'line': b'                 from /home/romi/fawad/ORB_SLAM3/include/Tracking.h:26,\n'}
[8.708139] (orbslam3) StderrLine: {'line': b'                 from /home/romi/fawad/ORB_SLAM3/include/System.h:31,\n'}
[8.708227] (orbslam3) StderrLine: {'line': b'                 from /home/romi/fawad/ros2_ws/src/ORB_SLAM3_ROS2/src/stereo/stereo-slam-node.hpp:13,\n'}
[8.708316] (orbslam3) StderrLine: {'line': b'                 from /home/romi/fawad/ros2_ws/src/ORB_SLAM3_ROS2/src/stereo/stereo-slam-node.cpp:1:\n'}
[8.708399] (orbslam3) StderrLine: {'line': b'/home/romi/fawad/ORB_SLAM3/Thirdparty/g2o/g2o/types/../core/base_vertex.h: In instantiation of \xe2\x80\x98class g2o::BaseVertex<7, g2o::Sim3>\xe2\x80\x99:\n'}
[8.708483] (orbslam3) StderrLine: {'line': b'/home/romi/fawad/ORB_SLAM3/Thirdparty/g2o/g2o/types/types_seven_dof_expmap.h:48:35:   required from here\n'}
[8.708567] (orbslam3) StderrLine: {'line': b'/home/romi/fawad/ORB_SLAM3/Thirdparty/g2o/g2o/types/../core/base_vertex.h:62:72: warning: \xe2\x80\x98Eigen::AlignedBit\xe2\x80\x99 is deprecated [-Wdeprecated-declarations]\n'}
[8.708652] (orbslam3) StderrLine: {'line': b'   62 |     typedef Eigen::Map<Matrix<double, D, D>, Matrix<double,D,D>::Flags & AlignedBit ? Aligned : Unaligned >  HessianBlockType;\n'}
[8.708736] (orbslam3) StderrLine: {'line': b'      |                                                                  ~~~~~~^~~~~~~~~~~~\n'}
[8.708819] (orbslam3) StderrLine: {'line': b'In file included from /usr/include/eigen3/Eigen/Core:161,\n'}
[8.708902] (orbslam3) StderrLine: {'line': b'                 from /usr/include/eigen3/Eigen/LU:11,\n'}
[8.708985] (orbslam3) StderrLine: {'line': b'                 from /home/romi/fawad/ORB_SLAM3/Thirdparty/Sophus/sophus/so2.hpp:12,\n'}
[8.709068] (orbslam3) StderrLine: {'line': b'                 from /home/romi/fawad/ORB_SLAM3/Thirdparty/Sophus/sophus/se2.hpp:7,\n'}
[8.709167] (orbslam3) StderrLine: {'line': b'                 from /home/romi/fawad/ORB_SLAM3/Thirdparty/Sophus/sophus/geometry.hpp:7,\n'}
[8.709253] (orbslam3) StderrLine: {'line': b'                 from /home/romi/fawad/ORB_SLAM3/include/Frame.h:28,\n'}
[8.709337] (orbslam3) StderrLine: {'line': b'                 from /home/romi/fawad/ORB_SLAM3/include/KeyFrame.h:28,\n'}
[8.709420] (orbslam3) StderrLine: {'line': b'                 from /home/romi/fawad/ORB_SLAM3/include/MapPoint.h:23,\n'}
[8.709514] (orbslam3) StderrLine: {'line': b'                 from /home/romi/fawad/ORB_SLAM3/include/FrameDrawer.h:24,\n'}
[8.709617] (orbslam3) StderrLine: {'line': b'                 from /home/romi/fawad/ORB_SLAM3/include/Viewer.h:23,\n'}
[8.709709] (orbslam3) StderrLine: {'line': b'                 from /home/romi/fawad/ORB_SLAM3/include/Tracking.h:26,\n'}
[8.709804] (orbslam3) StderrLine: {'line': b'                 from /home/romi/fawad/ORB_SLAM3/include/System.h:31,\n'}
[8.709906] (orbslam3) StderrLine: {'line': b'                 from /home/romi/fawad/ros2_ws/src/ORB_SLAM3_ROS2/src/stereo/stereo-slam-node.hpp:13,\n'}
[8.710005] (orbslam3) StderrLine: {'line': b'                 from /home/romi/fawad/ros2_ws/src/ORB_SLAM3_ROS2/src/stereo/stereo-slam-node.cpp:1:\n'}
[8.710110] (orbslam3) StderrLine: {'line': b'/usr/include/eigen3/Eigen/src/Core/util/Constants.h:167:37: note: declared here\n'}
[8.710207] (orbslam3) StderrLine: {'line': b'  167 | EIGEN_DEPRECATED const unsigned int AlignedBit = 0x80;\n'}
[8.710288] (orbslam3) StderrLine: {'line': b'      |                                     ^~~~~~~~~~\n'}
[8.715819] (orbslam3) StderrLine: {'line': b'In file included from /home/romi/fawad/ORB_SLAM3/Thirdparty/g2o/g2o/types/types_six_dof_expmap.h:37,\n'}
[8.716128] (orbslam3) StderrLine: {'line': b'                 from /home/romi/fawad/ORB_SLAM3/include/Converter.h:26,\n'}
[8.716242] (orbslam3) StderrLine: {'line': b'                 from /home/romi/fawad/ORB_SLAM3/include/Frame.h:33,\n'}
[8.716347] (orbslam3) StderrLine: {'line': b'                 from /home/romi/fawad/ORB_SLAM3/include/KeyFrame.h:28,\n'}
[8.716432] (orbslam3) StderrLine: {'line': b'                 from /home/romi/fawad/ORB_SLAM3/include/MapPoint.h:23,\n'}
[8.716514] (orbslam3) StderrLine: {'line': b'                 from /home/romi/fawad/ORB_SLAM3/include/FrameDrawer.h:24,\n'}
[8.716597] (orbslam3) StderrLine: {'line': b'                 from /home/romi/fawad/ORB_SLAM3/include/Viewer.h:23,\n'}
[8.716680] (orbslam3) StderrLine: {'line': b'                 from /home/romi/fawad/ORB_SLAM3/include/Tracking.h:26,\n'}
[8.716770] (orbslam3) StderrLine: {'line': b'                 from /home/romi/fawad/ORB_SLAM3/include/System.h:31,\n'}
[8.716855] (orbslam3) StderrLine: {'line': b'                 from /home/romi/fawad/ros2_ws/src/ORB_SLAM3_ROS2/src/monocular/monocular-slam-node.hpp:9,\n'}
[8.716939] (orbslam3) StderrLine: {'line': b'                 from /home/romi/fawad/ros2_ws/src/ORB_SLAM3_ROS2/src/monocular/mono.cpp:7:\n'}
[8.717023] (orbslam3) StderrLine: {'line': b'/home/romi/fawad/ORB_SLAM3/Thirdparty/g2o/g2o/types/../core/base_vertex.h: In instantiation of \xe2\x80\x98class g2o::BaseVertex<3, Eigen::Matrix<double, 3, 1> >\xe2\x80\x99:\n'}
[8.717115] (orbslam3) StderrLine: {'line': b'/home/romi/fawad/ORB_SLAM3/Thirdparty/g2o/g2o/types/types_sba.h:40:35:   required from here\n'}
[8.717210] (orbslam3) StderrLine: {'line': b'/home/romi/fawad/ORB_SLAM3/Thirdparty/g2o/g2o/types/../core/base_vertex.h:62:72: warning: \xe2\x80\x98Eigen::AlignedBit\xe2\x80\x99 is deprecated [-Wdeprecated-declarations]\n'}
[8.717295] (orbslam3) StderrLine: {'line': b'   62 |  Eigen::Map<Matrix<double, D, D>, Matrix<double,D,D>::Flags & AlignedBit ? Aligned : Unaligned >  HessianBlockType;\n'}
[8.717380] (orbslam3) StderrLine: {'line': b'      |                                                       ~~~~~~^~~~~~~~~~~~\n'}
[8.717464] (orbslam3) StderrLine: {'line': b'\n'}
[8.717549] (orbslam3) StderrLine: {'line': b'In file included from /usr/include/eigen3/Eigen/Core:161,\n'}
[8.717632] (orbslam3) StderrLine: {'line': b'                 from /usr/include/eigen3/Eigen/LU:11,\n'}
[8.717731] (orbslam3) StderrLine: {'line': b'                 from /home/romi/fawad/ORB_SLAM3/Thirdparty/Sophus/sophus/so2.hpp:12,\n'}
[8.717815] (orbslam3) StderrLine: {'line': b'                 from /home/romi/fawad/ORB_SLAM3/Thirdparty/Sophus/sophus/se2.hpp:7,\n'}
[8.717898] (orbslam3) StderrLine: {'line': b'                 from /home/romi/fawad/ORB_SLAM3/Thirdparty/Sophus/sophus/geometry.hpp:7,\n'}
[8.717986] (orbslam3) StderrLine: {'line': b'                 from /home/romi/fawad/ORB_SLAM3/include/Frame.h:28,\n'}
[8.718070] (orbslam3) StderrLine: {'line': b'                 from /home/romi/fawad/ORB_SLAM3/include/KeyFrame.h:28,\n'}
[8.718168] (orbslam3) StderrLine: {'line': b'                 from /home/romi/fawad/ORB_SLAM3/include/MapPoint.h:23,\n'}
[8.718253] (orbslam3) StderrLine: {'line': b'                 from /home/romi/fawad/ORB_SLAM3/include/FrameDrawer.h:24,\n'}
[8.718337] (orbslam3) StderrLine: {'line': b'                 from /home/romi/fawad/ORB_SLAM3/include/Viewer.h:23,\n'}
[8.718421] (orbslam3) StderrLine: {'line': b'                 from /home/romi/fawad/ORB_SLAM3/include/Tracking.h:26,\n'}
[8.718504] (orbslam3) StderrLine: {'line': b'                 from /home/romi/fawad/ORB_SLAM3/include/System.h:31,\n'}
[8.718588] (orbslam3) StderrLine: {'line': b'                 from /home/romi/fawad/ros2_ws/src/ORB_SLAM3_ROS2/src/monocular/monocular-slam-node.hpp:9,\n'}
[8.718672] (orbslam3) StderrLine: {'line': b'                 from /home/romi/fawad/ros2_ws/src/ORB_SLAM3_ROS2/src/monocular/mono.cpp:7:\n'}
[8.718756] (orbslam3) StderrLine: {'line': b'/usr/include/eigen3/Eigen/src/Core/util/Constants.h:167:37: note: declared here\n'}
[8.718838] (orbslam3) StderrLine: {'line': b'  167 | EIGEN_DEPRECATED const unsigned int AlignedBit = 0x80;\n'}
[8.718921] (orbslam3) StderrLine: {'line': b'      |                                     ^~~~~~~~~~\n'}
[8.719968] (orbslam3) StderrLine: {'line': b'In file included from /home/romi/fawad/ORB_SLAM3/Thirdparty/g2o/g2o/types/types_six_dof_expmap.h:37,\n'}
[8.720176] (orbslam3) StderrLine: {'line': b'                 from /home/romi/fawad/ORB_SLAM3/include/Converter.h:26,\n'}
[8.720269] (orbslam3) StderrLine: {'line': b'                 from /home/romi/fawad/ORB_SLAM3/include/Frame.h:33,\n'}
[8.720352] (orbslam3) StderrLine: {'line': b'                 from /home/romi/fawad/ORB_SLAM3/include/KeyFrame.h:28,\n'}
[8.720435] (orbslam3) StderrLine: {'line': b'                 from /home/romi/fawad/ORB_SLAM3/include/MapPoint.h:23,\n'}
[8.720517] (orbslam3) StderrLine: {'line': b'                 from /home/romi/fawad/ORB_SLAM3/include/FrameDrawer.h:24,\n'}
[8.720598] (orbslam3) StderrLine: {'line': b'                 from /home/romi/fawad/ORB_SLAM3/include/Viewer.h:23,\n'}
[8.720680] (orbslam3) StderrLine: {'line': b'                 from /home/romi/fawad/ORB_SLAM3/include/Tracking.h:26,\n'}
[8.720763] (orbslam3) StderrLine: {'line': b'                 from /home/romi/fawad/ORB_SLAM3/include/System.h:31,\n'}
[8.720845] (orbslam3) StderrLine: {'line': b'                 from /home/romi/fawad/ros2_ws/src/ORB_SLAM3_ROS2/src/rgbd/rgbd-slam-node.hpp:18,\n'}
[8.720929] (orbslam3) StderrLine: {'line': b'                 from /home/romi/fawad/ros2_ws/src/ORB_SLAM3_ROS2/src/rgbd/rgbd.cpp:7:\n'}
[8.721014] (orbslam3) StderrLine: {'line': b'/home/romi/fawad/ORB_SLAM3/Thirdparty/g2o/g2o/types/../core/base_vertex.h: In instantiation of \xe2\x80\x98class g2o::BaseVertex<3, Eigen::Matrix<double, 3, 1> >\xe2\x80\x99:\n'}
[8.721105] (orbslam3) StderrLine: {'line': b'/home/romi/fawad/ORB_SLAM3/Thirdparty/g2o/g2o/types/types_sba.h:40:35:   required from here\n'}
[8.721209] (orbslam3) StderrLine: {'line': b'/home/romi/fawad/ORB_SLAM3/Thirdparty/g2o/g2o/types/../core/base_vertex.h:62:72: warning: \xe2\x80\x98Eigen::AlignedBit\xe2\x80\x99 is deprecated [-Wdeprecated-declarations]\n'}
[8.721295] (orbslam3) StderrLine: {'line': b'   62 |     typedef Eigen::Map<Matrix<double, D, D>, Matrix<double,D,D>::Flags & AlignedBit ? Aligned : Unaligned >  HessianBlockType;\n'}
[8.721379] (orbslam3) StderrLine: {'line': b'      |                                                                  ~~~~~~^~~~~~~~~~~~\n'}
[8.721461] (orbslam3) StderrLine: {'line': b'In file included from /usr/include/eigen3/Eigen/Core:161,\n'}
[8.721543] (orbslam3) StderrLine: {'line': b'                 from /usr/include/eigen3/Eigen/LU:11,\n'}
[8.721625] (orbslam3) StderrLine: {'line': b'                 from /home/romi/fawad/ORB_SLAM3/Thirdparty/Sophus/sophus/so2.hpp:12,\n'}
[8.721712] (orbslam3) StderrLine: {'line': b'                 from /home/romi/fawad/ORB_SLAM3/Thirdparty/Sophus/sophus/se2.hpp:7,\n'}
[8.721804] (orbslam3) StderrLine: {'line': b'                 from /home/romi/fawad/ORB_SLAM3/Thirdparty/Sophus/sophus/geometry.hpp:7,\n'}
[8.721887] (orbslam3) StderrLine: {'line': b'                 from /home/romi/fawad/ORB_SLAM3/include/Frame.h:28,\n'}
[8.721974] (orbslam3) StderrLine: {'line': b'                 from /home/romi/fawad/ORB_SLAM3/include/KeyFrame.h:28,\n'}
[8.722056] (orbslam3) StderrLine: {'line': b'                 from /home/romi/fawad/ORB_SLAM3/include/MapPoint.h:23,\n'}
[8.722148] (orbslam3) StderrLine: {'line': b'                 from /home/romi/fawad/ORB_SLAM3/include/FrameDrawer.h:24,\n'}
[8.722234] (orbslam3) StderrLine: {'line': b'                 from /home/romi/fawad/ORB_SLAM3/include/Viewer.h:23,\n'}
[8.722316] (orbslam3) StderrLine: {'line': b'                 from /home/romi/fawad/ORB_SLAM3/include/Tracking.h:26,\n'}
[8.722399] (orbslam3) StderrLine: {'line': b'                 from /home/romi/fawad/ORB_SLAM3/include/System.h:31,\n'}
[8.722482] (orbslam3) StderrLine: {'line': b'                 from /home/romi/fawad/ros2_ws/src/ORB_SLAM3_ROS2/src/rgbd/rgbd-slam-node.hpp:18,\n'}
[8.722566] (orbslam3) StderrLine: {'line': b'                 from /home/romi/fawad/ros2_ws/src/ORB_SLAM3_ROS2/src/rgbd/rgbd.cpp:7:\n'}
[8.722649] (orbslam3) StderrLine: {'line': b'/usr/include/eigen3/Eigen/src/Core/util/Constants.h:167:37: note: declared here\n'}
[8.722732] (orbslam3) StderrLine: {'line': b'  167 | EIGEN_DEPRECATED const unsigned int AlignedBit = 0x80;\n'}
[8.722815] (orbslam3) StderrLine: {'line': b'      |                                     ^~~~~~~~~~\n'}
[8.740051] (-) TimerEvent: {}
[8.750437] (orbslam3) StderrLine: {'line': b'In file included from /home/romi/fawad/ORB_SLAM3/Thirdparty/g2o/g2o/types/types_six_dof_expmap.h:37,\n'}
[8.750664] (orbslam3) StderrLine: {'line': b'                 from /home/romi/fawad/ORB_SLAM3/include/Converter.h:26,\n'}
[8.750776] (orbslam3) StderrLine: {'line': b'                 from /home/romi/fawad/ORB_SLAM3/include/Frame.h:33,\n'}
[8.750864] (orbslam3) StderrLine: {'line': b'                 from /home/romi/fawad/ORB_SLAM3/include/KeyFrame.h:28,\n'}
[8.750950] (orbslam3) StderrLine: {'line': b'                 from /home/romi/fawad/ORB_SLAM3/include/MapPoint.h:23,\n'}
[8.751036] (orbslam3) StderrLine: {'line': b'                 from /home/romi/fawad/ORB_SLAM3/include/FrameDrawer.h:24,\n'}
[8.751130] (orbslam3) StderrLine: {'line': b'                 from /home/romi/fawad/ORB_SLAM3/include/Viewer.h:23,\n'}
[8.751220] (orbslam3) StderrLine: {'line': b'                 from /home/romi/fawad/ORB_SLAM3/include/Tracking.h:26,\n'}
[8.751303] (orbslam3) StderrLine: {'line': b'                 from /home/romi/fawad/ORB_SLAM3/include/System.h:31,\n'}
[8.751387] (orbslam3) StderrLine: {'line': b'                 from /home/romi/fawad/ros2_ws/src/ORB_SLAM3_ROS2/src/monocular/monocular-slam-node.hpp:9,\n'}
[8.751476] (orbslam3) StderrLine: {'line': b'                 from /home/romi/fawad/ros2_ws/src/ORB_SLAM3_ROS2/src/monocular/mono.cpp:7:\n'}
[8.751560] (orbslam3) StderrLine: {'line': b'/home/romi/fawad/ORB_SLAM3/Thirdparty/g2o/g2o/types/../core/base_vertex.h: In instantiation of \xe2\x80\x98class g2o::BaseVertex<6, g2o::SE3Quat>\xe2\x80\x99:\n'}
[8.751646] (orbslam3) StderrLine: {'line': b'/home/romi/fawad/ORB_SLAM3/Thirdparty/g2o/g2o/types/types_six_dof_expmap.h:59:33:   required from here\n'}
[8.751731] (orbslam3) StderrLine: {'line': b'/home/romi/fawad/ORB_SLAM3/Thirdparty/g2o/g2o/types/../core/base_vertex.h:62:72: warning: \xe2\x80\x98Eigen::AlignedBit\xe2\x80\x99 is deprecated [-Wdeprecated-declarations]\n'}
[8.751815] (orbslam3) StderrLine: {'line': b'   62 |  Eigen::Map<Matrix<double, D, D>, Matrix<double,D,D>::Flags & AlignedBit ? Aligned : Unaligned >  HessianBlockType;\n'}
[8.751901] (orbslam3) StderrLine: {'line': b'      |                                                       ~~~~~~^~~~~~~~~~~~\n'}
[8.751992] (orbslam3) StderrLine: {'line': b'\n'}
[8.752076] (orbslam3) StderrLine: {'line': b'In file included from /usr/include/eigen3/Eigen/Core:161,\n'}
[8.752174] (orbslam3) StderrLine: {'line': b'                 from /usr/include/eigen3/Eigen/LU:11,\n'}
[8.752259] (orbslam3) StderrLine: {'line': b'                 from /home/romi/fawad/ORB_SLAM3/Thirdparty/Sophus/sophus/so2.hpp:12,\n'}
[8.752341] (orbslam3) StderrLine: {'line': b'                 from /home/romi/fawad/ORB_SLAM3/Thirdparty/Sophus/sophus/se2.hpp:7,\n'}
[8.752423] (orbslam3) StderrLine: {'line': b'                 from /home/romi/fawad/ORB_SLAM3/Thirdparty/Sophus/sophus/geometry.hpp:7,\n'}
[8.752507] (orbslam3) StderrLine: {'line': b'                 from /home/romi/fawad/ORB_SLAM3/include/Frame.h:28,\n'}
[8.752590] (orbslam3) StderrLine: {'line': b'                 from /home/romi/fawad/ORB_SLAM3/include/KeyFrame.h:28,\n'}
[8.752678] (orbslam3) StderrLine: {'line': b'                 from /home/romi/fawad/ORB_SLAM3/include/MapPoint.h:23,\n'}
[8.752762] (orbslam3) StderrLine: {'line': b'                 from /home/romi/fawad/ORB_SLAM3/include/FrameDrawer.h:24,\n'}
[8.752844] (orbslam3) StderrLine: {'line': b'                 from /home/romi/fawad/ORB_SLAM3/include/Viewer.h:23,\n'}
[8.752927] (orbslam3) StderrLine: {'line': b'                 from /home/romi/fawad/ORB_SLAM3/include/Tracking.h:26,\n'}
[8.753010] (orbslam3) StderrLine: {'line': b'                 from /home/romi/fawad/ORB_SLAM3/include/System.h:31,\n'}
[8.753093] (orbslam3) StderrLine: {'line': b'                 from /home/romi/fawad/ros2_ws/src/ORB_SLAM3_ROS2/src/monocular/monocular-slam-node.hpp:9,\n'}
[8.753193] (orbslam3) StderrLine: {'line': b'                 from /home/romi/fawad/ros2_ws/src/ORB_SLAM3_ROS2/src/monocular/mono.cpp:7:\n'}
[8.753277] (orbslam3) StderrLine: {'line': b'/usr/include/eigen3/Eigen/src/Core/util/Constants.h:167:37: note: declared here\n'}
[8.753360] (orbslam3) StderrLine: {'line': b'  167 | EIGEN_DEPRECATED const unsigned int AlignedBit = 0x80;\n'}
[8.753443] (orbslam3) StderrLine: {'line': b'      |                                     ^~~~~~~~~~\n'}
[8.761518] (orbslam3) StderrLine: {'line': b'In file included from /home/romi/fawad/ORB_SLAM3/Thirdparty/g2o/g2o/types/types_six_dof_expmap.h:38,\n'}
[8.761951] (orbslam3) StderrLine: {'line': b'                 from /home/romi/fawad/ORB_SLAM3/include/Converter.h:26,\n'}
[8.762199] (orbslam3) StderrLine: {'line': b'                 from /home/romi/fawad/ORB_SLAM3/include/Frame.h:33,\n'}
[8.762299] (orbslam3) StderrLine: {'line': b'                 from /home/romi/fawad/ORB_SLAM3/include/KeyFrame.h:28,\n'}
[8.762391] (orbslam3) StderrLine: {'line': b'                 from /home/romi/fawad/ORB_SLAM3/include/MapPoint.h:23,\n'}
[8.762481] (orbslam3) StderrLine: {'line': b'                 from /home/romi/fawad/ORB_SLAM3/include/FrameDrawer.h:24,\n'}
[8.762569] (orbslam3) StderrLine: {'line': b'                 from /home/romi/fawad/ORB_SLAM3/include/Viewer.h:23,\n'}
[8.762673] (orbslam3) StderrLine: {'line': b'                 from /home/romi/fawad/ORB_SLAM3/include/Tracking.h:26,\n'}
[8.762762] (orbslam3) StderrLine: {'line': b'                 from /home/romi/fawad/ORB_SLAM3/include/System.h:31,\n'}
[8.762850] (orbslam3) StderrLine: {'line': b'                 from /home/romi/fawad/ros2_ws/src/ORB_SLAM3_ROS2/src/stereo/stereo-slam-node.hpp:13,\n'}
[8.762939] (orbslam3) StderrLine: {'line': b'                 from /home/romi/fawad/ros2_ws/src/ORB_SLAM3_ROS2/src/stereo/stereo-slam-node.cpp:1:\n'}
[8.763028] (orbslam3) StderrLine: {'line': b'/home/romi/fawad/ORB_SLAM3/Thirdparty/g2o/g2o/types/../core/base_binary_edge.h: In instantiation of \xe2\x80\x98class g2o::BaseBinaryEdge<7, g2o::Sim3, g2o::VertexSim3Expmap, g2o::VertexSim3Expmap>\xe2\x80\x99:\n'}
[8.763132] (orbslam3) StderrLine: {'line': b'/home/romi/fawad/ORB_SLAM3/Thirdparty/g2o/g2o/types/types_seven_dof_expmap.h:99:27:   required from here\n'}
[8.763228] (orbslam3) StderrLine: {'line': b'/home/romi/fawad/ORB_SLAM3/Thirdparty/g2o/g2o/types/../core/base_binary_edge.h:59:80: warning: \xe2\x80\x98Eigen::AlignedBit\xe2\x80\x99 is deprecated [-Wdeprecated-declarations]\n'}
[8.763328] (orbslam3) StderrLine: {'line': b'   59 |       typedef Eigen::Map<Matrix<double, Di, Dj>, Matrix<double, Di, Dj>::Flags & AlignedBit ? Aligned : Unaligned > HessianBlockType;\n'}
[8.763417] (orbslam3) StderrLine: {'line': b'      |                                                                          ~~~~~~^~~~~~~~~~~~\n'}
[8.763498] (orbslam3) StderrLine: {'line': b'In file included from /usr/include/eigen3/Eigen/Core:161,\n'}
[8.763586] (orbslam3) StderrLine: {'line': b'                 from /usr/include/eigen3/Eigen/LU:11,\n'}
[8.763674] (orbslam3) StderrLine: {'line': b'                 from /home/romi/fawad/ORB_SLAM3/Thirdparty/Sophus/sophus/so2.hpp:12,\n'}
[8.763760] (orbslam3) StderrLine: {'line': b'                 from /home/romi/fawad/ORB_SLAM3/Thirdparty/Sophus/sophus/se2.hpp:7,\n'}
[8.763838] (orbslam3) StderrLine: {'line': b'                 from /home/romi/fawad/ORB_SLAM3/Thirdparty/Sophus/sophus/geometry.hpp:7,\n'}
[8.763912] (orbslam3) StderrLine: {'line': b'                 from /home/romi/fawad/ORB_SLAM3/include/Frame.h:28,\n'}
[8.763999] (orbslam3) StderrLine: {'line': b'                 from /home/romi/fawad/ORB_SLAM3/include/KeyFrame.h:28,\n'}
[8.764082] (orbslam3) StderrLine: {'line': b'                 from /home/romi/fawad/ORB_SLAM3/include/MapPoint.h:23,\n'}
[8.764192] (orbslam3) StderrLine: {'line': b'                 from /home/romi/fawad/ORB_SLAM3/include/FrameDrawer.h:24,\n'}
[8.764283] (orbslam3) StderrLine: {'line': b'                 from /home/romi/fawad/ORB_SLAM3/include/Viewer.h:23,\n'}
[8.764361] (orbslam3) StderrLine: {'line': b'                 from /home/romi/fawad/ORB_SLAM3/include/Tracking.h:26,\n'}
[8.764439] (orbslam3) StderrLine: {'line': b'                 from /home/romi/fawad/ORB_SLAM3/include/System.h:31,\n'}
[8.764525] (orbslam3) StderrLine: {'line': b'                 from /home/romi/fawad/ros2_ws/src/ORB_SLAM3_ROS2/src/stereo/stereo-slam-node.hpp:13,\n'}
[8.764610] (orbslam3) StderrLine: {'line': b'                 from /home/romi/fawad/ros2_ws/src/ORB_SLAM3_ROS2/src/stereo/stereo-slam-node.cpp:1:\n'}
[8.764699] (orbslam3) StderrLine: {'line': b'/usr/include/eigen3/Eigen/src/Core/util/Constants.h:167:37: note: declared here\n'}
[8.764786] (orbslam3) StderrLine: {'line': b'  167 | EIGEN_DEPRECATED const unsigned int AlignedBit = 0x80;\n'}
[8.764876] (orbslam3) StderrLine: {'line': b'      |                                     ^~~~~~~~~~\n'}
[8.764965] (orbslam3) StderrLine: {'line': b'In file included from /home/romi/fawad/ORB_SLAM3/Thirdparty/g2o/g2o/types/types_six_dof_expmap.h:38,\n'}
[8.765191] (orbslam3) StderrLine: {'line': b'                 from /home/romi/fawad/ORB_SLAM3/include/Converter.h:26,\n'}
[8.765307] (orbslam3) StderrLine: {'line': b'                 from /home/romi/fawad/ORB_SLAM3/include/Frame.h:33,\n'}
[8.765397] (orbslam3) StderrLine: {'line': b'                 from /home/romi/fawad/ORB_SLAM3/include/KeyFrame.h:28,\n'}
[8.765480] (orbslam3) StderrLine: {'line': b'                 from /home/romi/fawad/ORB_SLAM3/include/MapPoint.h:23,\n'}
[8.765573] (orbslam3) StderrLine: {'line': b'                 from /home/romi/fawad/ORB_SLAM3/include/FrameDrawer.h:24,\n'}
[8.765664] (orbslam3) StderrLine: {'line': b'                 from /home/romi/fawad/ORB_SLAM3/include/Viewer.h:23,\n'}
[8.765757] (orbslam3) StderrLine: {'line': b'                 from /home/romi/fawad/ORB_SLAM3/include/Tracking.h:26,\n'}
[8.765852] (orbslam3) StderrLine: {'line': b'                 from /home/romi/fawad/ORB_SLAM3/include/System.h:31,\n'}
[8.765946] (orbslam3) StderrLine: {'line': b'                 from /home/romi/fawad/ros2_ws/src/ORB_SLAM3_ROS2/src/stereo/stereo-slam-node.hpp:13,\n'}
[8.766037] (orbslam3) StderrLine: {'line': b'                 from /home/romi/fawad/ros2_ws/src/ORB_SLAM3_ROS2/src/stereo/stereo-slam-node.cpp:1:\n'}
[8.766148] (orbslam3) StderrLine: {'line': b'/home/romi/fawad/ORB_SLAM3/Thirdparty/g2o/g2o/types/../core/base_binary_edge.h:60:80: warning: \xe2\x80\x98Eigen::AlignedBit\xe2\x80\x99 is deprecated [-Wdeprecated-declarations]\n'}
[8.766267] (orbslam3) StderrLine: {'line': b'   60 |       typedef Eigen::Map<Matrix<double, Dj, Di>, Matrix<double, Dj, Di>::Flags & AlignedBit ? Aligned : Unaligned > HessianBlockTransposedType;\n'}
[8.766359] (orbslam3) StderrLine: {'line': b'      |                                                                          ~~~~~~^~~~~~~~~~~~\n'}
[8.766442] (orbslam3) StderrLine: {'line': b'In file included from /usr/include/eigen3/Eigen/Core:161,\n'}
[8.766534] (orbslam3) StderrLine: {'line': b'                 from /usr/include/eigen3/Eigen/LU:11,\n'}
[8.766624] (orbslam3) StderrLine: {'line': b'                 from /home/romi/fawad/ORB_SLAM3/Thirdparty/Sophus/sophus/so2.hpp:12,\n'}
[8.766715] (orbslam3) StderrLine: {'line': b'                 from /home/romi/fawad/ORB_SLAM3/Thirdparty/Sophus/sophus/se2.hpp:7,\n'}
[8.766808] (orbslam3) StderrLine: {'line': b'                 from /home/romi/fawad/ORB_SLAM3/Thirdparty/Sophus/sophus/geometry.hpp:7,\n'}
[8.766896] (orbslam3) StderrLine: {'line': b'                 from /home/romi/fawad/ORB_SLAM3/include/Frame.h:28,\n'}
[8.766986] (orbslam3) StderrLine: {'line': b'                 from /home/romi/fawad/ORB_SLAM3/include/KeyFrame.h:28,\n'}
[8.767085] (orbslam3) StderrLine: {'line': b'                 from /home/romi/fawad/ORB_SLAM3/include/MapPoint.h:23,\n'}
[8.767193] (orbslam3) StderrLine: {'line': b'                 from /home/romi/fawad/ORB_SLAM3/include/FrameDrawer.h:24,\n'}
[8.767281] (orbslam3) StderrLine: {'line': b'                 from /home/romi/fawad/ORB_SLAM3/include/Viewer.h:23,\n'}
[8.767357] (orbslam3) StderrLine: {'line': b'                 from /home/romi/fawad/ORB_SLAM3/include/Tracking.h:26,\n'}
[8.767432] (orbslam3) StderrLine: {'line': b'                 from /home/romi/fawad/ORB_SLAM3/include/System.h:31,\n'}
[8.767516] (orbslam3) StderrLine: {'line': b'                 from /home/romi/fawad/ros2_ws/src/ORB_SLAM3_ROS2/src/stereo/stereo-slam-node.hpp:13,\n'}
[8.767601] (orbslam3) StderrLine: {'line': b'                 from /home/romi/fawad/ros2_ws/src/ORB_SLAM3_ROS2/src/stereo/stereo-slam-node.cpp:1:\n'}
[8.767693] (orbslam3) StderrLine: {'line': b'/usr/include/eigen3/Eigen/src/Core/util/Constants.h:167:37: note: declared here\n'}
[8.767782] (orbslam3) StderrLine: {'line': b'  167 | EIGEN_DEPRECATED const unsigned int AlignedBit = 0x80;\n'}
[8.768337] (orbslam3) StderrLine: {'line': b'      |                                     ^~~~~~~~~~\n'}
[8.768886] (orbslam3) StderrLine: {'line': b'In file included from /home/romi/fawad/ORB_SLAM3/Thirdparty/g2o/g2o/types/types_six_dof_expmap.h:37,\n'}
[8.768992] (orbslam3) StderrLine: {'line': b'                 from /home/romi/fawad/ORB_SLAM3/include/Converter.h:26,\n'}
[8.769085] (orbslam3) StderrLine: {'line': b'                 from /home/romi/fawad/ORB_SLAM3/include/Frame.h:33,\n'}
[8.769208] (orbslam3) StderrLine: {'line': b'                 from /home/romi/fawad/ORB_SLAM3/include/KeyFrame.h:28,\n'}
[8.769303] (orbslam3) StderrLine: {'line': b'                 from /home/romi/fawad/ORB_SLAM3/include/MapPoint.h:23,\n'}
[8.769391] (orbslam3) StderrLine: {'line': b'                 from /home/romi/fawad/ORB_SLAM3/include/FrameDrawer.h:24,\n'}
[8.769480] (orbslam3) StderrLine: {'line': b'                 from /home/romi/fawad/ORB_SLAM3/include/Viewer.h:23,\n'}
[8.769568] (orbslam3) StderrLine: {'line': b'                 from /home/romi/fawad/ORB_SLAM3/include/Tracking.h:26,\n'}
[8.769663] (orbslam3) StderrLine: {'line': b'                 from /home/romi/fawad/ORB_SLAM3/include/System.h:31,\n'}
[8.769750] (orbslam3) StderrLine: {'line': b'                 from /home/romi/fawad/ros2_ws/src/ORB_SLAM3_ROS2/src/stereo-inertial/stereo-inertial-node.hpp:10,\n'}
[8.769839] (orbslam3) StderrLine: {'line': b'                 from /home/romi/fawad/ros2_ws/src/ORB_SLAM3_ROS2/src/stereo-inertial/stereo-inertial.cpp:7:\n'}
[8.769932] (orbslam3) StderrLine: {'line': b'/home/romi/fawad/ORB_SLAM3/Thirdparty/g2o/g2o/types/../core/base_vertex.h: At global scope:\n'}
[8.770023] (orbslam3) StderrLine: {'line': b'/home/romi/fawad/ORB_SLAM3/Thirdparty/g2o/g2o/types/../core/base_vertex.h:62:74: warning: \xe2\x80\x98Eigen::AlignedBit\xe2\x80\x99 is deprecated [-Wdeprecated-declarations]\n'}
[8.770120] (orbslam3) StderrLine: {'line': b'   62 |     typedef Eigen::Map<Matrix<double, D, D>, Matrix<double,D,D>::Flags & AlignedBit ? Aligned : Unaligned >  HessianBlockType;\n'}
[8.770228] (orbslam3) StderrLine: {'line': b'      |                                                                          ^~~~~~~~~~\n'}
[8.770316] (orbslam3) StderrLine: {'line': b'In file included from /home/romi/fawad/ORB_SLAM3/Thirdparty/g2o/g2o/types/types_six_dof_expmap.h:37,\n'}
[8.770406] (orbslam3) StderrLine: {'line': b'                 from /home/romi/fawad/ORB_SLAM3/include/Converter.h:26,\n'}
[8.770497] (orbslam3) StderrLine: {'line': b'                 from /home/romi/fawad/ORB_SLAM3/include/Frame.h:33,\n'}
[8.770578] (orbslam3) StderrLine: {'line': b'                 from /home/romi/fawad/ORB_SLAM3/include/KeyFrame.h:28,\n'}
[8.770651] (orbslam3) StderrLine: {'line': b'                 from /home/romi/fawad/ORB_SLAM3/include/MapPoint.h:23,\n'}
[8.770730] (orbslam3) StderrLine: {'line': b'                 from /home/romi/fawad/ORB_SLAM3/include/FrameDrawer.h:24,\n'}
[8.770817] (orbslam3) StderrLine: {'line': b'                 from /home/romi/fawad/ORB_SLAM3/include/Viewer.h:23,\n'}
[8.770892] (orbslam3) StderrLine: {'line': b'                 from /home/romi/fawad/ORB_SLAM3/include/Tracking.h:26,\n'}
[8.770970] (orbslam3) StderrLine: {'line': b'                 from /home/romi/fawad/ORB_SLAM3/include/System.h:31,\n'}
[8.771059] (orbslam3) StderrLine: {'line': b'                 from /home/romi/fawad/ros2_ws/src/ORB_SLAM3_ROS2/src/rgbd/rgbd-slam-node.hpp:18,\n'}
[8.771164] (orbslam3) StderrLine: {'line': b'                 from /home/romi/fawad/ros2_ws/src/ORB_SLAM3_ROS2/src/rgbd/rgbd.cpp:7:\n'}
[8.771255] (orbslam3) StderrLine: {'line': b'/home/romi/fawad/ORB_SLAM3/Thirdparty/g2o/g2o/types/../core/base_vertex.h: In instantiation of \xe2\x80\x98class g2o::BaseVertex<6, g2o::SE3Quat>\xe2\x80\x99:\n'}
[8.771347] (orbslam3) StderrLine: {'line': b'/home/romi/fawad/ORB_SLAM3/Thirdparty/g2o/g2o/types/types_six_dof_expmap.h:59:33:   required from here\n'}
[8.771438] (orbslam3) StderrLine: {'line': b'/home/romi/fawad/ORB_SLAM3/Thirdparty/g2o/g2o/types/../core/base_vertex.h:62:72: warning: \xe2\x80\x98Eigen::AlignedBit\xe2\x80\x99 is deprecated [-Wdeprecated-declarations]\n'}
[8.771527] (orbslam3) StderrLine: {'line': b'   62 |     typedef Eigen::Map<Matrix<double, D, D>, Matrix<double,D,D>::Flags & AlignedBit ? Aligned : Unaligned >  HessianBlockType;\n'}
[8.771616] (orbslam3) StderrLine: {'line': b'      |                                                                  ~~~~~~^~~~~~~~~~~~\n'}
[8.771703] (orbslam3) StderrLine: {'line': b'In file included from /usr/include/eigen3/Eigen/Core:161,\n'}
[8.771792] (orbslam3) StderrLine: {'line': b'                 from /usr/include/eigen3/Eigen/LU:11,\n'}
[8.771881] (orbslam3) StderrLine: {'line': b'                 from /home/romi/fawad/ORB_SLAM3/Thirdparty/Sophus/sophus/so2.hpp:12,\n'}
[8.771969] (orbslam3) StderrLine: {'line': b'                 from /home/romi/fawad/ORB_SLAM3/Thirdparty/Sophus/sophus/se2.hpp:7,\n'}
[8.772056] (orbslam3) StderrLine: {'line': b'                 from /home/romi/fawad/ORB_SLAM3/Thirdparty/Sophus/sophus/geometry.hpp:7,\n'}
[8.772151] (orbslam3) StderrLine: {'line': b'                 from /home/romi/fawad/ORB_SLAM3/include/Frame.h:28,\n'}
[8.772246] (orbslam3) StderrLine: {'line': b'                 from /home/romi/fawad/ORB_SLAM3/include/KeyFrame.h:28,\n'}
[8.772329] (orbslam3) StderrLine: {'line': b'                 from /home/romi/fawad/ORB_SLAM3/include/MapPoint.h:23,\n'}
[8.772418] (orbslam3) StderrLine: {'line': b'                 from /home/romi/fawad/ORB_SLAM3/include/FrameDrawer.h:24,\n'}
[8.772505] (orbslam3) StderrLine: {'line': b'                 from /home/romi/fawad/ORB_SLAM3/include/Viewer.h:23,\n'}
[8.772601] (orbslam3) StderrLine: {'line': b'                 from /home/romi/fawad/ORB_SLAM3/include/Tracking.h:26,\n'}
[8.772685] (orbslam3) StderrLine: {'line': b'                 from /home/romi/fawad/ORB_SLAM3/include/System.h:31,\n'}
[8.772771] (orbslam3) StderrLine: {'line': b'                 from /home/romi/fawad/ros2_ws/src/ORB_SLAM3_ROS2/src/rgbd/rgbd-slam-node.hpp:18,\n'}
[8.772857] (orbslam3) StderrLine: {'line': b'                 from /home/romi/fawad/ros2_ws/src/ORB_SLAM3_ROS2/src/rgbd/rgbd.cpp:7:\n'}
[8.772948] (orbslam3) StderrLine: {'line': b'/usr/include/eigen3/Eigen/src/Core/util/Constants.h:167:37: note: declared here\n'}
[8.773035] (orbslam3) StderrLine: {'line': b'  167 | EIGEN_DEPRECATED const unsigned int AlignedBit = 0x80;\n'}
[8.773136] (orbslam3) StderrLine: {'line': b'      |                                     ^~~~~~~~~~\n'}
[8.773234] (orbslam3) StderrLine: {'line': b'In file included from /usr/include/eigen3/Eigen/Core:161,\n'}
[8.773324] (orbslam3) StderrLine: {'line': b'                 from /usr/include/eigen3/Eigen/LU:11,\n'}
[8.773408] (orbslam3) StderrLine: {'line': b'                 from /home/romi/fawad/ORB_SLAM3/Thirdparty/Sophus/sophus/so2.hpp:12,\n'}
[8.773510] (orbslam3) StderrLine: {'line': b'                 from /home/romi/fawad/ORB_SLAM3/Thirdparty/Sophus/sophus/se2.hpp:7,\n'}
[8.773601] (orbslam3) StderrLine: {'line': b'                 from /home/romi/fawad/ORB_SLAM3/Thirdparty/Sophus/sophus/geometry.hpp:7,\n'}
[8.773691] (orbslam3) StderrLine: {'line': b'                 from /home/romi/fawad/ORB_SLAM3/include/Frame.h:28,\n'}
[8.773781] (orbslam3) StderrLine: {'line': b'                 from /home/romi/fawad/ORB_SLAM3/include/KeyFrame.h:28,\n'}
[8.773871] (orbslam3) StderrLine: {'line': b'                 from /home/romi/fawad/ORB_SLAM3/include/MapPoint.h:23,\n'}
[8.773963] (orbslam3) StderrLine: {'line': b'                 from /home/romi/fawad/ORB_SLAM3/include/FrameDrawer.h:24,\n'}
[8.774052] (orbslam3) StderrLine: {'line': b'                 from /home/romi/fawad/ORB_SLAM3/include/Viewer.h:23,\n'}
[8.774158] (orbslam3) StderrLine: {'line': b'                 from /home/romi/fawad/ORB_SLAM3/include/Tracking.h:26,\n'}
[8.774259] (orbslam3) StderrLine: {'line': b'                 from /home/romi/fawad/ORB_SLAM3/include/System.h:31,\n'}
[8.774347] (orbslam3) StderrLine: {'line': b'                 from /home/romi/fawad/ros2_ws/src/ORB_SLAM3_ROS2/src/stereo-inertial/stereo-inertial-node.hpp:10,\n'}
[8.774530] (orbslam3) StderrLine: {'line': b'                 from /home/romi/fawad/ros2_ws/src/ORB_SLAM3_ROS2/src/stereo-inertial/stereo-inertial.cpp:7:\n'}
[8.774624] (orbslam3) StderrLine: {'line': b'/usr/include/eigen3/Eigen/src/Core/util/Constants.h:167:37: note: declared here\n'}
[8.774797] (orbslam3) StderrLine: {'line': b'  167 | EIGEN_DEPRECATED const unsigned int AlignedBit = 0x80;\n'}
[8.774890] (orbslam3) StderrLine: {'line': b'      |                                     ^~~~~~~~~~\n'}
[8.776721] (orbslam3) StderrLine: {'line': b'In file included from /home/romi/fawad/ORB_SLAM3/Thirdparty/g2o/g2o/types/types_six_dof_expmap.h:38,\n'}
[8.776900] (orbslam3) StderrLine: {'line': b'                 from /home/romi/fawad/ORB_SLAM3/include/Converter.h:26,\n'}
[8.777004] (orbslam3) StderrLine: {'line': b'                 from /home/romi/fawad/ORB_SLAM3/include/Frame.h:33,\n'}
[8.777092] (orbslam3) StderrLine: {'line': b'                 from /home/romi/fawad/ORB_SLAM3/include/KeyFrame.h:28,\n'}
[8.777184] (orbslam3) StderrLine: {'line': b'                 from /home/romi/fawad/ORB_SLAM3/include/MapPoint.h:23,\n'}
[8.777272] (orbslam3) StderrLine: {'line': b'                 from /home/romi/fawad/ORB_SLAM3/include/FrameDrawer.h:24,\n'}
[8.777358] (orbslam3) StderrLine: {'line': b'                 from /home/romi/fawad/ORB_SLAM3/include/Viewer.h:23,\n'}
[8.777446] (orbslam3) StderrLine: {'line': b'                 from /home/romi/fawad/ORB_SLAM3/include/Tracking.h:26,\n'}
[8.777550] (orbslam3) StderrLine: {'line': b'                 from /home/romi/fawad/ORB_SLAM3/include/System.h:31,\n'}
[8.777638] (orbslam3) StderrLine: {'line': b'                 from /home/romi/fawad/ros2_ws/src/ORB_SLAM3_ROS2/src/stereo-inertial/stereo-inertial-node.hpp:10,\n'}
[8.777728] (orbslam3) StderrLine: {'line': b'                 from /home/romi/fawad/ros2_ws/src/ORB_SLAM3_ROS2/src/stereo-inertial/stereo-inertial-node.cpp:1:\n'}
[8.777818] (orbslam3) StderrLine: {'line': b'/home/romi/fawad/ORB_SLAM3/Thirdparty/g2o/g2o/types/../core/base_binary_edge.h: In instantiation of \xe2\x80\x98class g2o::BaseBinaryEdge<2, Eigen::Matrix<double, 2, 1>, g2o::VertexSBAPointXYZ, g2o::VertexSE3Expmap>\xe2\x80\x99:\n'}
[8.777909] (orbslam3) StderrLine: {'line': b'/home/romi/fawad/ORB_SLAM3/Thirdparty/g2o/g2o/types/types_six_dof_expmap.h:114:35:   required from here\n'}
[8.777994] (orbslam3) StderrLine: {'line': b'/home/romi/fawad/ORB_SLAM3/Thirdparty/g2o/g2o/types/../core/base_binary_edge.h:59:80: warning: \xe2\x80\x98Eigen::AlignedBit\xe2\x80\x99 is deprecated [-Wdeprecated-declarations]\n'}
[8.778070] (orbslam3) StderrLine: {'line': b'   59 |       typedef Eigen::Map<Matrix<double, Di, Dj>, Matrix<double, Di, Dj>::Flags & AlignedBit ? Aligned : Unaligned > HessianBlockType;\n'}
[8.778168] (orbslam3) StderrLine: {'line': b'      |                                                                          ~~~~~~^~~~~~~~~~~~\n'}
[8.778256] (orbslam3) StderrLine: {'line': b'In file included from /usr/include/eigen3/Eigen/Core:161,\n'}
[8.778343] (orbslam3) StderrLine: {'line': b'                 from /usr/include/eigen3/Eigen/LU:11,\n'}
[8.778430] (orbslam3) StderrLine: {'line': b'                 from /home/romi/fawad/ORB_SLAM3/Thirdparty/Sophus/sophus/so2.hpp:12,\n'}
[8.778513] (orbslam3) StderrLine: {'line': b'                 from /home/romi/fawad/ORB_SLAM3/Thirdparty/Sophus/sophus/se2.hpp:7,\n'}
[8.778599] (orbslam3) StderrLine: {'line': b'                 from /home/romi/fawad/ORB_SLAM3/Thirdparty/Sophus/sophus/geometry.hpp:7,\n'}
[8.778808] (orbslam3) StderrLine: {'line': b'                 from /home/romi/fawad/ORB_SLAM3/include/Frame.h:28,\n'}
[8.778903] (orbslam3) StderrLine: {'line': b'                 from /home/romi/fawad/ORB_SLAM3/include/KeyFrame.h:28,\n'}
[8.778994] (orbslam3) StderrLine: {'line': b'                 from /home/romi/fawad/ORB_SLAM3/include/MapPoint.h:23,\n'}
[8.779078] (orbslam3) StderrLine: {'line': b'                 from /home/romi/fawad/ORB_SLAM3/include/FrameDrawer.h:24,\n'}
[8.779177] (orbslam3) StderrLine: {'line': b'                 from /home/romi/fawad/ORB_SLAM3/include/Viewer.h:23,\n'}
[8.779261] (orbslam3) StderrLine: {'line': b'                 from /home/romi/fawad/ORB_SLAM3/include/Tracking.h:26,\n'}
[8.779340] (orbslam3) StderrLine: {'line': b'                 from /home/romi/fawad/ORB_SLAM3/include/System.h:31,\n'}
[8.779424] (orbslam3) StderrLine: {'line': b'                 from /home/romi/fawad/ros2_ws/src/ORB_SLAM3_ROS2/src/stereo-inertial/stereo-inertial-node.hpp:10,\n'}
[8.779513] (orbslam3) StderrLine: {'line': b'                 from /home/romi/fawad/ros2_ws/src/ORB_SLAM3_ROS2/src/stereo-inertial/stereo-inertial-node.cpp:1:\n'}
[8.779601] (orbslam3) StderrLine: {'line': b'/usr/include/eigen3/Eigen/src/Core/util/Constants.h:167:37: note: declared here\n'}
[8.779686] (orbslam3) StderrLine: {'line': b'  167 | EIGEN_DEPRECATED const unsigned int AlignedBit = 0x80;\n'}
[8.779772] (orbslam3) StderrLine: {'line': b'      |                                     ^~~~~~~~~~\n'}
[8.787845] (orbslam3) StderrLine: {'line': b'In file included from /home/romi/fawad/ORB_SLAM3/Thirdparty/g2o/g2o/types/types_six_dof_expmap.h:38,\n'}
[8.788067] (orbslam3) StderrLine: {'line': b'                 from /home/romi/fawad/ORB_SLAM3/include/Converter.h:26,\n'}
[8.788191] (orbslam3) StderrLine: {'line': b'                 from /home/romi/fawad/ORB_SLAM3/include/Frame.h:33,\n'}
[8.788287] (orbslam3) StderrLine: {'line': b'                 from /home/romi/fawad/ORB_SLAM3/include/KeyFrame.h:28,\n'}
[8.788391] (orbslam3) StderrLine: {'line': b'                 from /home/romi/fawad/ORB_SLAM3/include/MapPoint.h:23,\n'}
[8.788481] (orbslam3) StderrLine: {'line': b'                 from /home/romi/fawad/ORB_SLAM3/include/FrameDrawer.h:24,\n'}
[8.788568] (orbslam3) StderrLine: {'line': b'                 from /home/romi/fawad/ORB_SLAM3/include/Viewer.h:23,\n'}
[8.788660] (orbslam3) StderrLine: {'line': b'                 from /home/romi/fawad/ORB_SLAM3/include/Tracking.h:26,\n'}
[8.788748] (orbslam3) StderrLine: {'line': b'                 from /home/romi/fawad/ORB_SLAM3/include/System.h:31,\n'}
[8.788835] (orbslam3) StderrLine: {'line': b'                 from /home/romi/fawad/ros2_ws/src/ORB_SLAM3_ROS2/src/monocular/monocular-slam-node.hpp:9,\n'}
[8.788915] (orbslam3) StderrLine: {'line': b'                 from /home/romi/fawad/ros2_ws/src/ORB_SLAM3_ROS2/src/monocular/mono.cpp:7:\n'}
[8.789004] (orbslam3) StderrLine: {'line': b'/home/romi/fawad/ORB_SLAM3/Thirdparty/g2o/g2o/types/../core/base_binary_edge.h: In instantiation of \xe2\x80\x98class g2o::BaseBinaryEdge<6, g2o::SE3Quat, g2o::VertexSE3Expmap, g2o::VertexSE3Expmap>\xe2\x80\x99:\n'}
[8.789094] (orbslam3) StderrLine: {'line': b'/home/romi/fawad/ORB_SLAM3/Thirdparty/g2o/g2o/types/types_six_dof_expmap.h:83:24:   required from here\n'}
[8.789205] (orbslam3) StderrLine: {'line': b'/home/romi/fawad/ORB_SLAM3/Thirdparty/g2o/g2o/types/../core/base_binary_edge.h:59:80: warning: \xe2\x80\x98Eigen::AlignedBit\xe2\x80\x99 is deprecated [-Wdeprecated-declarations]\n'}
[8.789300] (orbslam3) StderrLine: {'line': b'   59 | ::Map<Matrix<double, Di, Dj>, Matrix<double, Di, Dj>::Flags & AlignedBit ? Aligned : Unaligned > HessianBlockType;\n'}
[8.789390] (orbslam3) StderrLine: {'line': b'      |                                                       ~~~~~~^~~~~~~~~~~~\n'}
[8.789482] (orbslam3) StderrLine: {'line': b'\n'}
[8.789570] (orbslam3) StderrLine: {'line': b'In file included from /usr/include/eigen3/Eigen/Core:161,\n'}
[8.789659] (orbslam3) StderrLine: {'line': b'                 from /usr/include/eigen3/Eigen/LU:11,\n'}
[8.789745] (orbslam3) StderrLine: {'line': b'                 from /home/romi/fawad/ORB_SLAM3/Thirdparty/Sophus/sophus/so2.hpp:12,\n'}
[8.789823] (orbslam3) StderrLine: {'line': b'                 from /home/romi/fawad/ORB_SLAM3/Thirdparty/Sophus/sophus/se2.hpp:7,\n'}
[8.789908] (orbslam3) StderrLine: {'line': b'                 from /home/romi/fawad/ORB_SLAM3/Thirdparty/Sophus/sophus/geometry.hpp:7,\n'}
[8.789996] (orbslam3) StderrLine: {'line': b'                 from /home/romi/fawad/ORB_SLAM3/include/Frame.h:28,\n'}
[8.790086] (orbslam3) StderrLine: {'line': b'                 from /home/romi/fawad/ORB_SLAM3/include/KeyFrame.h:28,\n'}
[8.790194] (orbslam3) StderrLine: {'line': b'                 from /home/romi/fawad/ORB_SLAM3/include/MapPoint.h:23,\n'}
[8.790286] (orbslam3) StderrLine: {'line': b'                 from /home/romi/fawad/ORB_SLAM3/include/FrameDrawer.h:24,\n'}
[8.790377] (orbslam3) StderrLine: {'line': b'                 from /home/romi/fawad/ORB_SLAM3/include/Viewer.h:23,\n'}
[8.790463] (orbslam3) StderrLine: {'line': b'                 from /home/romi/fawad/ORB_SLAM3/include/Tracking.h:26,\n'}
[8.790552] (orbslam3) StderrLine: {'line': b'                 from /home/romi/fawad/ORB_SLAM3/include/System.h:31,\n'}
[8.790642] (orbslam3) StderrLine: {'line': b'                 from /home/romi/fawad/ros2_ws/src/ORB_SLAM3_ROS2/src/monocular/monocular-slam-node.hpp:9,\n'}
[8.790732] (orbslam3) StderrLine: {'line': b'                 from /home/romi/fawad/ros2_ws/src/ORB_SLAM3_ROS2/src/monocular/mono.cpp:7:\n'}
[8.790824] (orbslam3) StderrLine: {'line': b'/usr/include/eigen3/Eigen/src/Core/util/Constants.h:167:37: note: declared here\n'}
[8.790915] (orbslam3) StderrLine: {'line': b'  167 | EIGEN_DEPRECATED const unsigned int AlignedBit = 0x80;\n'}
[8.791002] (orbslam3) StderrLine: {'line': b'      |                                     ^~~~~~~~~~\n'}
[8.791456] (orbslam3) StderrLine: {'line': b'In file included from /home/romi/fawad/ORB_SLAM3/Thirdparty/g2o/g2o/types/types_six_dof_expmap.h:38,\n'}
[8.791603] (orbslam3) StderrLine: {'line': b'                 from /home/romi/fawad/ORB_SLAM3/include/Converter.h:26,\n'}
[8.791708] (orbslam3) StderrLine: {'line': b'                 from /home/romi/fawad/ORB_SLAM3/include/Frame.h:33,\n'}
[8.791801] (orbslam3) StderrLine: {'line': b'                 from /home/romi/fawad/ORB_SLAM3/include/KeyFrame.h:28,\n'}
[8.791897] (orbslam3) StderrLine: {'line': b'                 from /home/romi/fawad/ORB_SLAM3/include/MapPoint.h:23,\n'}
[8.791999] (orbslam3) StderrLine: {'line': b'                 from /home/romi/fawad/ORB_SLAM3/include/FrameDrawer.h:24,\n'}
[8.792105] (orbslam3) StderrLine: {'line': b'                 from /home/romi/fawad/ORB_SLAM3/include/Viewer.h:23,\n'}
[8.792204] (orbslam3) StderrLine: {'line': b'                 from /home/romi/fawad/ORB_SLAM3/include/Tracking.h:26,\n'}
[8.792374] (orbslam3) StderrLine: {'line': b'                 from /home/romi/fawad/ORB_SLAM3/include/System.h:31,\n'}
[8.792464] (orbslam3) StderrLine: {'line': b'                 from /home/romi/fawad/ros2_ws/src/ORB_SLAM3_ROS2/src/monocular/monocular-slam-node.hpp:9,\n'}
[8.792554] (orbslam3) StderrLine: {'line': b'                 from /home/romi/fawad/ros2_ws/src/ORB_SLAM3_ROS2/src/monocular/mono.cpp:7:\n'}
[8.792643] (orbslam3) StderrLine: {'line': b'/home/romi/fawad/ORB_SLAM3/Thirdparty/g2o/g2o/types/../core/base_binary_edge.h:60:80: warning: \xe2\x80\x98Eigen::AlignedBit\xe2\x80\x99 is deprecated [-Wdeprecated-declarations]\n'}
[8.792734] (orbslam3) StderrLine: {'line': b'   60 | ::Map<Matrix<double, Dj, Di>, Matrix<double, Dj, Di>::Flags & AlignedBit ? Aligned : Unaligned > HessianBlockTransposedType;\n'}
[8.792898] (orbslam3) StderrLine: {'line': b'      |                                                       ~~~~~~^~~~~~~~~~~~\n'}
[8.792990] (orbslam3) StderrLine: {'line': b'\n'}
[8.793066] (orbslam3) StderrLine: {'line': b'In file included from /usr/include/eigen3/Eigen/Core:161,\n'}
[8.793171] (orbslam3) StderrLine: {'line': b'                 from /usr/include/eigen3/Eigen/LU:11,\n'}
[8.793265] (orbslam3) StderrLine: {'line': b'                 from /home/romi/fawad/ORB_SLAM3/Thirdparty/Sophus/sophus/so2.hpp:12,\n'}
[8.793342] (orbslam3) StderrLine: {'line': b'                 from /home/romi/fawad/ORB_SLAM3/Thirdparty/Sophus/sophus/se2.hpp:7,\n'}
[8.793423] (orbslam3) StderrLine: {'line': b'                 from /home/romi/fawad/ORB_SLAM3/Thirdparty/Sophus/sophus/geometry.hpp:7,\n'}
[8.793508] (orbslam3) StderrLine: {'line': b'                 from /home/romi/fawad/ORB_SLAM3/include/Frame.h:28,\n'}
[8.793594] (orbslam3) StderrLine: {'line': b'                 from /home/romi/fawad/ORB_SLAM3/include/KeyFrame.h:28,\n'}
[8.793682] (orbslam3) StderrLine: {'line': b'                 from /home/romi/fawad/ORB_SLAM3/include/MapPoint.h:23,\n'}
[8.793770] (orbslam3) StderrLine: {'line': b'                 from /home/romi/fawad/ORB_SLAM3/include/FrameDrawer.h:24,\n'}
[8.793859] (orbslam3) StderrLine: {'line': b'                 from /home/romi/fawad/ORB_SLAM3/include/Viewer.h:23,\n'}
[8.793944] (orbslam3) StderrLine: {'line': b'                 from /home/romi/fawad/ORB_SLAM3/include/Tracking.h:26,\n'}
[8.794034] (orbslam3) StderrLine: {'line': b'                 from /home/romi/fawad/ORB_SLAM3/include/System.h:31,\n'}
[8.794135] (orbslam3) StderrLine: {'line': b'                 from /home/romi/fawad/ros2_ws/src/ORB_SLAM3_ROS2/src/monocular/monocular-slam-node.hpp:9,\n'}
[8.794235] (orbslam3) StderrLine: {'line': b'                 from /home/romi/fawad/ros2_ws/src/ORB_SLAM3_ROS2/src/monocular/mono.cpp:7:\n'}
[8.794326] (orbslam3) StderrLine: {'line': b'/usr/include/eigen3/Eigen/src/Core/util/Constants.h:167:37: note: declared here\n'}
[8.794413] (orbslam3) StderrLine: {'line': b'  167 | EIGEN_DEPRECATED const unsigned int AlignedBit = 0x80;\n'}
[8.794498] (orbslam3) StderrLine: {'line': b'      |                                     ^~~~~~~~~~\n'}
[8.797946] (orbslam3) StderrLine: {'line': b'In file included from /home/romi/fawad/ORB_SLAM3/Thirdparty/g2o/g2o/types/types_six_dof_expmap.h:38,\n'}
[8.798232] (orbslam3) StderrLine: {'line': b'                 from /home/romi/fawad/ORB_SLAM3/include/Converter.h:26,\n'}
[8.798341] (orbslam3) StderrLine: {'line': b'                 from /home/romi/fawad/ORB_SLAM3/include/Frame.h:33,\n'}
[8.798422] (orbslam3) StderrLine: {'line': b'                 from /home/romi/fawad/ORB_SLAM3/include/KeyFrame.h:28,\n'}
[8.798511] (orbslam3) StderrLine: {'line': b'                 from /home/romi/fawad/ORB_SLAM3/include/MapPoint.h:23,\n'}
[8.798597] (orbslam3) StderrLine: {'line': b'                 from /home/romi/fawad/ORB_SLAM3/include/FrameDrawer.h:24,\n'}
[8.798685] (orbslam3) StderrLine: {'line': b'                 from /home/romi/fawad/ORB_SLAM3/include/Viewer.h:23,\n'}
[8.798773] (orbslam3) StderrLine: {'line': b'                 from /home/romi/fawad/ORB_SLAM3/include/Tracking.h:26,\n'}
[8.798863] (orbslam3) StderrLine: {'line': b'                 from /home/romi/fawad/ORB_SLAM3/include/System.h:31,\n'}
[8.798953] (orbslam3) StderrLine: {'line': b'                 from /home/romi/fawad/ros2_ws/src/ORB_SLAM3_ROS2/src/stereo-inertial/stereo-inertial-node.hpp:10,\n'}
[8.799044] (orbslam3) StderrLine: {'line': b'                 from /home/romi/fawad/ros2_ws/src/ORB_SLAM3_ROS2/src/stereo-inertial/stereo-inertial-node.cpp:1:\n'}
[8.799149] (orbslam3) StderrLine: {'line': b'/home/romi/fawad/ORB_SLAM3/Thirdparty/g2o/g2o/types/../core/base_binary_edge.h:60:80: warning: \xe2\x80\x98Eigen::AlignedBit\xe2\x80\x99 is deprecated [-Wdeprecated-declarations]\n'}
[8.799251] (orbslam3) StderrLine: {'line': b'   60 |       typedef Eigen::Map<Matrix<double, Dj, Di>, Matrix<double, Dj, Di>::Flags & AlignedBit ? Aligned : Unaligned > HessianBlockTransposedType;\n'}
[8.799342] (orbslam3) StderrLine: {'line': b'      |                                                                          ~~~~~~^~~~~~~~~~~~\n'}
[8.799433] (orbslam3) StderrLine: {'line': b'In file included from /usr/include/eigen3/Eigen/Core:161,\n'}
[8.799522] (orbslam3) StderrLine: {'line': b'                 from /usr/include/eigen3/Eigen/LU:11,\n'}
[8.799609] (orbslam3) StderrLine: {'line': b'                 from /home/romi/fawad/ORB_SLAM3/Thirdparty/Sophus/sophus/so2.hpp:12,\n'}
[8.799697] (orbslam3) StderrLine: {'line': b'                 from /home/romi/fawad/ORB_SLAM3/Thirdparty/Sophus/sophus/se2.hpp:7,\n'}
[8.799786] (orbslam3) StderrLine: {'line': b'                 from /home/romi/fawad/ORB_SLAM3/Thirdparty/Sophus/sophus/geometry.hpp:7,\n'}
[8.799875] (orbslam3) StderrLine: {'line': b'                 from /home/romi/fawad/ORB_SLAM3/include/Frame.h:28,\n'}
[8.799964] (orbslam3) StderrLine: {'line': b'                 from /home/romi/fawad/ORB_SLAM3/include/KeyFrame.h:28,\n'}
[8.800054] (orbslam3) StderrLine: {'line': b'                 from /home/romi/fawad/ORB_SLAM3/include/MapPoint.h:23,\n'}
[8.800174] (orbslam3) StderrLine: {'line': b'                 from /home/romi/fawad/ORB_SLAM3/include/FrameDrawer.h:24,\n'}
[8.800264] (orbslam3) StderrLine: {'line': b'                 from /home/romi/fawad/ORB_SLAM3/include/Viewer.h:23,\n'}
[8.800345] (orbslam3) StderrLine: {'line': b'                 from /home/romi/fawad/ORB_SLAM3/include/Tracking.h:26,\n'}
[8.800428] (orbslam3) StderrLine: {'line': b'                 from /home/romi/fawad/ORB_SLAM3/include/System.h:31,\n'}
[8.800514] (orbslam3) StderrLine: {'line': b'                 from /home/romi/fawad/ros2_ws/src/ORB_SLAM3_ROS2/src/stereo-inertial/stereo-inertial-node.hpp:10,\n'}
[8.800603] (orbslam3) StderrLine: {'line': b'                 from /home/romi/fawad/ros2_ws/src/ORB_SLAM3_ROS2/src/stereo-inertial/stereo-inertial-node.cpp:1:\n'}
[8.800702] (orbslam3) StderrLine: {'line': b'/usr/include/eigen3/Eigen/src/Core/util/Constants.h:167:37: note: declared here\n'}
[8.800792] (orbslam3) StderrLine: {'line': b'  167 | EIGEN_DEPRECATED const unsigned int AlignedBit = 0x80;\n'}
[8.800881] (orbslam3) StderrLine: {'line': b'      |                                     ^~~~~~~~~~\n'}
[8.803858] (orbslam3) StderrLine: {'line': b'In file included from /home/romi/fawad/ORB_SLAM3/Thirdparty/g2o/g2o/types/types_six_dof_expmap.h:38,\n'}
[8.804157] (orbslam3) StderrLine: {'line': b'                 from /home/romi/fawad/ORB_SLAM3/include/Converter.h:26,\n'}
[8.804275] (orbslam3) StderrLine: {'line': b'                 from /home/romi/fawad/ORB_SLAM3/include/Frame.h:33,\n'}
[8.804368] (orbslam3) StderrLine: {'line': b'                 from /home/romi/fawad/ORB_SLAM3/include/KeyFrame.h:28,\n'}
[8.804467] (orbslam3) StderrLine: {'line': b'                 from /home/romi/fawad/ORB_SLAM3/include/MapPoint.h:23,\n'}
[8.804560] (orbslam3) StderrLine: {'line': b'                 from /home/romi/fawad/ORB_SLAM3/include/FrameDrawer.h:24,\n'}
[8.804652] (orbslam3) StderrLine: {'line': b'                 from /home/romi/fawad/ORB_SLAM3/include/Viewer.h:23,\n'}
[8.804744] (orbslam3) StderrLine: {'line': b'                 from /home/romi/fawad/ORB_SLAM3/include/Tracking.h:26,\n'}
[8.804835] (orbslam3) StderrLine: {'line': b'                 from /home/romi/fawad/ORB_SLAM3/include/System.h:31,\n'}
[8.804926] (orbslam3) StderrLine: {'line': b'                 from /home/romi/fawad/ros2_ws/src/ORB_SLAM3_ROS2/src/stereo-inertial/stereo-inertial-node.hpp:10,\n'}
[8.805017] (orbslam3) StderrLine: {'line': b'                 from /home/romi/fawad/ros2_ws/src/ORB_SLAM3_ROS2/src/stereo-inertial/stereo-inertial.cpp:7:\n'}
[8.805113] (orbslam3) StderrLine: {'line': b'/home/romi/fawad/ORB_SLAM3/Thirdparty/g2o/g2o/types/../core/base_binary_edge.h:59:82: warning: \xe2\x80\x98Eigen::AlignedBit\xe2\x80\x99 is deprecated [-Wdeprecated-declarations]\n'}
[8.805220] (orbslam3) StderrLine: {'line': b'   59 |       typedef Eigen::Map<Matrix<double, Di, Dj>, Matrix<double, Di, Dj>::Flags & AlignedBit ? Aligned : Unaligned > HessianBlockType;\n'}
[8.805314] (orbslam3) StderrLine: {'line': b'      |                                                                                  ^~~~~~~~~~\n'}
[8.805402] (orbslam3) StderrLine: {'line': b'In file included from /usr/include/eigen3/Eigen/Core:161,\n'}
[8.805490] (orbslam3) StderrLine: {'line': b'                 from /usr/include/eigen3/Eigen/LU:11,\n'}
[8.805579] (orbslam3) StderrLine: {'line': b'                 from /home/romi/fawad/ORB_SLAM3/Thirdparty/Sophus/sophus/so2.hpp:12,\n'}
[8.805666] (orbslam3) StderrLine: {'line': b'                 from /home/romi/fawad/ORB_SLAM3/Thirdparty/Sophus/sophus/se2.hpp:7,\n'}
[8.805747] (orbslam3) StderrLine: {'line': b'                 from /home/romi/fawad/ORB_SLAM3/Thirdparty/Sophus/sophus/geometry.hpp:7,\n'}
[8.805820] (orbslam3) StderrLine: {'line': b'                 from /home/romi/fawad/ORB_SLAM3/include/Frame.h:28,\n'}
[8.805909] (orbslam3) StderrLine: {'line': b'                 from /home/romi/fawad/ORB_SLAM3/include/KeyFrame.h:28,\n'}
[8.805990] (orbslam3) StderrLine: {'line': b'                 from /home/romi/fawad/ORB_SLAM3/include/MapPoint.h:23,\n'}
[8.806079] (orbslam3) StderrLine: {'line': b'                 from /home/romi/fawad/ORB_SLAM3/include/FrameDrawer.h:24,\n'}
[8.806370] (orbslam3) StderrLine: {'line': b'                 from /home/romi/fawad/ORB_SLAM3/include/Viewer.h:23,\n'}
[8.806479] (orbslam3) StderrLine: {'line': b'                 from /home/romi/fawad/ORB_SLAM3/include/Tracking.h:26,\n'}
[8.806576] (orbslam3) StderrLine: {'line': b'                 from /home/romi/fawad/ORB_SLAM3/include/System.h:31,\n'}
[8.806669] (orbslam3) StderrLine: {'line': b'                 from /home/romi/fawad/ros2_ws/src/ORB_SLAM3_ROS2/src/stereo-inertial/stereo-inertial-node.hpp:10,\n'}
[8.806761] (orbslam3) StderrLine: {'line': b'                 from /home/romi/fawad/ros2_ws/src/ORB_SLAM3_ROS2/src/stereo-inertial/stereo-inertial.cpp:7:\n'}
[8.806852] (orbslam3) StderrLine: {'line': b'/usr/include/eigen3/Eigen/src/Core/util/Constants.h:167:37: note: declared here\n'}
[8.806932] (orbslam3) StderrLine: {'line': b'  167 | EIGEN_DEPRECATED const unsigned int AlignedBit = 0x80;\n'}
[8.807018] (orbslam3) StderrLine: {'line': b'      |                                     ^~~~~~~~~~\n'}
[8.807135] (orbslam3) StderrLine: {'line': b'In file included from /home/romi/fawad/ORB_SLAM3/Thirdparty/g2o/g2o/types/types_six_dof_expmap.h:38,\n'}
[8.807238] (orbslam3) StderrLine: {'line': b'                 from /home/romi/fawad/ORB_SLAM3/include/Converter.h:26,\n'}
[8.807332] (orbslam3) StderrLine: {'line': b'                 from /home/romi/fawad/ORB_SLAM3/include/Frame.h:33,\n'}
[8.807422] (orbslam3) StderrLine: {'line': b'                 from /home/romi/fawad/ORB_SLAM3/include/KeyFrame.h:28,\n'}
[8.807511] (orbslam3) StderrLine: {'line': b'                 from /home/romi/fawad/ORB_SLAM3/include/MapPoint.h:23,\n'}
[8.807614] (orbslam3) StderrLine: {'line': b'                 from /home/romi/fawad/ORB_SLAM3/include/FrameDrawer.h:24,\n'}
[8.807704] (orbslam3) StderrLine: {'line': b'                 from /home/romi/fawad/ORB_SLAM3/include/Viewer.h:23,\n'}
[8.807794] (orbslam3) StderrLine: {'line': b'                 from /home/romi/fawad/ORB_SLAM3/include/Tracking.h:26,\n'}
[8.807882] (orbslam3) StderrLine: {'line': b'                 from /home/romi/fawad/ORB_SLAM3/include/System.h:31,\n'}
[8.807971] (orbslam3) StderrLine: {'line': b'                 from /home/romi/fawad/ros2_ws/src/ORB_SLAM3_ROS2/src/stereo-inertial/stereo-inertial-node.hpp:10,\n'}
[8.808174] (orbslam3) StderrLine: {'line': b'                 from /home/romi/fawad/ros2_ws/src/ORB_SLAM3_ROS2/src/stereo-inertial/stereo-inertial.cpp:7:\n'}
[8.808276] (orbslam3) StderrLine: {'line': b'/home/romi/fawad/ORB_SLAM3/Thirdparty/g2o/g2o/types/../core/base_binary_edge.h:60:82: warning: \xe2\x80\x98Eigen::AlignedBit\xe2\x80\x99 is deprecated [-Wdeprecated-declarations]\n'}
[8.808373] (orbslam3) StderrLine: {'line': b'   60 |       typedef Eigen::Map<Matrix<double, Dj, Di>, Matrix<double, Dj, Di>::Flags & AlignedBit ? Aligned : Unaligned > HessianBlockTransposedType;\n'}
[8.808463] (orbslam3) StderrLine: {'line': b'      |                                                                                  ^~~~~~~~~~\n'}
[8.808542] (orbslam3) StderrLine: {'line': b'In file included from /usr/include/eigen3/Eigen/Core:161,\n'}
[8.808626] (orbslam3) StderrLine: {'line': b'                 from /usr/include/eigen3/Eigen/LU:11,\n'}
[8.808714] (orbslam3) StderrLine: {'line': b'                 from /home/romi/fawad/ORB_SLAM3/Thirdparty/Sophus/sophus/so2.hpp:12,\n'}
[8.808803] (orbslam3) StderrLine: {'line': b'                 from /home/romi/fawad/ORB_SLAM3/Thirdparty/Sophus/sophus/se2.hpp:7,\n'}
[8.808894] (orbslam3) StderrLine: {'line': b'                 from /home/romi/fawad/ORB_SLAM3/Thirdparty/Sophus/sophus/geometry.hpp:7,\n'}
[8.808986] (orbslam3) StderrLine: {'line': b'                 from /home/romi/fawad/ORB_SLAM3/include/Frame.h:28,\n'}
[8.809078] (orbslam3) StderrLine: {'line': b'                 from /home/romi/fawad/ORB_SLAM3/include/KeyFrame.h:28,\n'}
[8.809203] (orbslam3) StderrLine: {'line': b'                 from /home/romi/fawad/ORB_SLAM3/include/MapPoint.h:23,\n'}
[8.809300] (orbslam3) StderrLine: {'line': b'                 from /home/romi/fawad/ORB_SLAM3/include/FrameDrawer.h:24,\n'}
[8.809385] (orbslam3) StderrLine: {'line': b'                 from /home/romi/fawad/ORB_SLAM3/include/Viewer.h:23,\n'}
[8.809462] (orbslam3) StderrLine: {'line': b'                 from /home/romi/fawad/ORB_SLAM3/include/Tracking.h:26,\n'}
[8.809545] (orbslam3) StderrLine: {'line': b'                 from /home/romi/fawad/ORB_SLAM3/include/System.h:31,\n'}
[8.809630] (orbslam3) StderrLine: {'line': b'                 from /home/romi/fawad/ros2_ws/src/ORB_SLAM3_ROS2/src/stereo-inertial/stereo-inertial-node.hpp:10,\n'}
[8.809714] (orbslam3) StderrLine: {'line': b'                 from /home/romi/fawad/ros2_ws/src/ORB_SLAM3_ROS2/src/stereo-inertial/stereo-inertial.cpp:7:\n'}
[8.809802] (orbslam3) StderrLine: {'line': b'/usr/include/eigen3/Eigen/src/Core/util/Constants.h:167:37: note: declared here\n'}
[8.809891] (orbslam3) StderrLine: {'line': b'  167 | EIGEN_DEPRECATED const unsigned int AlignedBit = 0x80;\n'}
[8.809978] (orbslam3) StderrLine: {'line': b'      |                                     ^~~~~~~~~~\n'}
[8.820223] (orbslam3) StderrLine: {'line': b'In file included from /home/romi/fawad/ORB_SLAM3/Thirdparty/g2o/g2o/types/types_six_dof_expmap.h:38,\n'}
[8.820467] (orbslam3) StderrLine: {'line': b'                 from /home/romi/fawad/ORB_SLAM3/include/Converter.h:26,\n'}
[8.820583] (orbslam3) StderrLine: {'line': b'                 from /home/romi/fawad/ORB_SLAM3/include/Frame.h:33,\n'}
[8.820683] (orbslam3) StderrLine: {'line': b'                 from /home/romi/fawad/ORB_SLAM3/include/KeyFrame.h:28,\n'}
[8.820776] (orbslam3) StderrLine: {'line': b'                 from /home/romi/fawad/ORB_SLAM3/include/MapPoint.h:23,\n'}
[8.820867] (orbslam3) StderrLine: {'line': b'                 from /home/romi/fawad/ORB_SLAM3/include/FrameDrawer.h:24,\n'}
[8.820951] (orbslam3) StderrLine: {'line': b'                 from /home/romi/fawad/ORB_SLAM3/include/Viewer.h:23,\n'}
[8.821029] (orbslam3) StderrLine: {'line': b'                 from /home/romi/fawad/ORB_SLAM3/include/Tracking.h:26,\n'}
[8.821117] (orbslam3) StderrLine: {'line': b'                 from /home/romi/fawad/ORB_SLAM3/include/System.h:31,\n'}
[8.821216] (orbslam3) StderrLine: {'line': b'                 from /home/romi/fawad/ros2_ws/src/ORB_SLAM3_ROS2/src/rgbd/rgbd-slam-node.hpp:18,\n'}
[8.821309] (orbslam3) StderrLine: {'line': b'                 from /home/romi/fawad/ros2_ws/src/ORB_SLAM3_ROS2/src/rgbd/rgbd.cpp:7:\n'}
[8.821402] (orbslam3) StderrLine: {'line': b'/home/romi/fawad/ORB_SLAM3/Thirdparty/g2o/g2o/types/../core/base_binary_edge.h: In instantiation of \xe2\x80\x98class g2o::BaseBinaryEdge<6, g2o::SE3Quat, g2o::VertexSE3Expmap, g2o::VertexSE3Expmap>\xe2\x80\x99:\n'}
[8.821499] (orbslam3) StderrLine: {'line': b'/home/romi/fawad/ORB_SLAM3/Thirdparty/g2o/g2o/types/types_six_dof_expmap.h:83:24:   required from here\n'}
[8.821589] (orbslam3) StderrLine: {'line': b'/home/romi/fawad/ORB_SLAM3/Thirdparty/g2o/g2o/types/../core/base_binary_edge.h:59:80: warning: \xe2\x80\x98Eigen::AlignedBit\xe2\x80\x99 is deprecated [-Wdeprecated-declarations]\n'}
[8.821681] (orbslam3) StderrLine: {'line': b'   59 |       typedef Eigen::Map<Matrix<double, Di, Dj>, Matrix<double, Di, Dj>::Flags & AlignedBit ? Aligned : Unaligned > HessianBlockType;\n'}
[8.821768] (orbslam3) StderrLine: {'line': b'      |                                                                          ~~~~~~^~~~~~~~~~~~\n'}
[8.821863] (orbslam3) StderrLine: {'line': b'In file included from /usr/include/eigen3/Eigen/Core:161,\n'}
[8.821956] (orbslam3) StderrLine: {'line': b'                 from /usr/include/eigen3/Eigen/LU:11,\n'}
[8.822047] (orbslam3) StderrLine: {'line': b'                 from /home/romi/fawad/ORB_SLAM3/Thirdparty/Sophus/sophus/so2.hpp:12,\n'}
[8.822155] (orbslam3) StderrLine: {'line': b'                 from /home/romi/fawad/ORB_SLAM3/Thirdparty/Sophus/sophus/se2.hpp:7,\n'}
[8.822317] (orbslam3) StderrLine: {'line': b'                 from /home/romi/fawad/ORB_SLAM3/Thirdparty/Sophus/sophus/geometry.hpp:7,\n'}
[8.822436] (orbslam3) StderrLine: {'line': b'                 from /home/romi/fawad/ORB_SLAM3/include/Frame.h:28,\n'}
[8.822538] (orbslam3) StderrLine: {'line': b'                 from /home/romi/fawad/ORB_SLAM3/include/KeyFrame.h:28,\n'}
[8.822639] (orbslam3) StderrLine: {'line': b'                 from /home/romi/fawad/ORB_SLAM3/include/MapPoint.h:23,\n'}
[8.822733] (orbslam3) StderrLine: {'line': b'                 from /home/romi/fawad/ORB_SLAM3/include/FrameDrawer.h:24,\n'}
[8.822829] (orbslam3) StderrLine: {'line': b'                 from /home/romi/fawad/ORB_SLAM3/include/Viewer.h:23,\n'}
[8.822933] (orbslam3) StderrLine: {'line': b'                 from /home/romi/fawad/ORB_SLAM3/include/Tracking.h:26,\n'}
[8.823028] (orbslam3) StderrLine: {'line': b'                 from /home/romi/fawad/ORB_SLAM3/include/System.h:31,\n'}
[8.823150] (orbslam3) StderrLine: {'line': b'                 from /home/romi/fawad/ros2_ws/src/ORB_SLAM3_ROS2/src/rgbd/rgbd-slam-node.hpp:18,\n'}
[8.823251] (orbslam3) StderrLine: {'line': b'                 from /home/romi/fawad/ros2_ws/src/ORB_SLAM3_ROS2/src/rgbd/rgbd.cpp:7:\n'}
[8.823350] (orbslam3) StderrLine: {'line': b'/usr/include/eigen3/Eigen/src/Core/util/Constants.h:167:37: note: declared here\n'}
[8.823441] (orbslam3) StderrLine: {'line': b'  167 | EIGEN_DEPRECATED const unsigned int AlignedBit = 0x80;\n'}
[8.823528] (orbslam3) StderrLine: {'line': b'      |                                     ^~~~~~~~~~\n'}
[8.823615] (orbslam3) StderrLine: {'line': b'In file included from /home/romi/fawad/ORB_SLAM3/Thirdparty/g2o/g2o/types/types_six_dof_expmap.h:38,\n'}
[8.823707] (orbslam3) StderrLine: {'line': b'                 from /home/romi/fawad/ORB_SLAM3/include/Converter.h:26,\n'}
[8.823795] (orbslam3) StderrLine: {'line': b'                 from /home/romi/fawad/ORB_SLAM3/include/Frame.h:33,\n'}
[8.823881] (orbslam3) StderrLine: {'line': b'                 from /home/romi/fawad/ORB_SLAM3/include/KeyFrame.h:28,\n'}
[8.823967] (orbslam3) StderrLine: {'line': b'                 from /home/romi/fawad/ORB_SLAM3/include/MapPoint.h:23,\n'}
[8.824057] (orbslam3) StderrLine: {'line': b'                 from /home/romi/fawad/ORB_SLAM3/include/FrameDrawer.h:24,\n'}
[8.824165] (orbslam3) StderrLine: {'line': b'                 from /home/romi/fawad/ORB_SLAM3/include/Viewer.h:23,\n'}
[8.824252] (orbslam3) StderrLine: {'line': b'                 from /home/romi/fawad/ORB_SLAM3/include/Tracking.h:26,\n'}
[8.824333] (orbslam3) StderrLine: {'line': b'                 from /home/romi/fawad/ORB_SLAM3/include/System.h:31,\n'}
[8.824417] (orbslam3) StderrLine: {'line': b'                 from /home/romi/fawad/ros2_ws/src/ORB_SLAM3_ROS2/src/rgbd/rgbd-slam-node.hpp:18,\n'}
[8.824495] (orbslam3) StderrLine: {'line': b'                 from /home/romi/fawad/ros2_ws/src/ORB_SLAM3_ROS2/src/rgbd/rgbd.cpp:7:\n'}
[8.824581] (orbslam3) StderrLine: {'line': b'/home/romi/fawad/ORB_SLAM3/Thirdparty/g2o/g2o/types/../core/base_binary_edge.h:60:80: warning: \xe2\x80\x98Eigen::AlignedBit\xe2\x80\x99 is deprecated [-Wdeprecated-declarations]\n'}
[8.824669] (orbslam3) StderrLine: {'line': b'   60 |       typedef Eigen::Map<Matrix<double, Dj, Di>, Matrix<double, Dj, Di>::Flags & AlignedBit ? Aligned : Unaligned > HessianBlockTransposedType;\n'}
[8.824758] (orbslam3) StderrLine: {'line': b'      |                                                                          ~~~~~~^~~~~~~~~~~~\n'}
[8.824846] (orbslam3) StderrLine: {'line': b'In file included from /usr/include/eigen3/Eigen/Core:161,\n'}
[8.824934] (orbslam3) StderrLine: {'line': b'                 from /usr/include/eigen3/Eigen/LU:11,\n'}
[8.825024] (orbslam3) StderrLine: {'line': b'                 from /home/romi/fawad/ORB_SLAM3/Thirdparty/Sophus/sophus/so2.hpp:12,\n'}
[8.825118] (orbslam3) StderrLine: {'line': b'                 from /home/romi/fawad/ORB_SLAM3/Thirdparty/Sophus/sophus/se2.hpp:7,\n'}
[8.825223] (orbslam3) StderrLine: {'line': b'                 from /home/romi/fawad/ORB_SLAM3/Thirdparty/Sophus/sophus/geometry.hpp:7,\n'}
[8.825314] (orbslam3) StderrLine: {'line': b'                 from /home/romi/fawad/ORB_SLAM3/include/Frame.h:28,\n'}
[8.825404] (orbslam3) StderrLine: {'line': b'                 from /home/romi/fawad/ORB_SLAM3/include/KeyFrame.h:28,\n'}
[8.825495] (orbslam3) StderrLine: {'line': b'                 from /home/romi/fawad/ORB_SLAM3/include/MapPoint.h:23,\n'}
[8.825583] (orbslam3) StderrLine: {'line': b'                 from /home/romi/fawad/ORB_SLAM3/include/FrameDrawer.h:24,\n'}
[8.825668] (orbslam3) StderrLine: {'line': b'                 from /home/romi/fawad/ORB_SLAM3/include/Viewer.h:23,\n'}
[8.825745] (orbslam3) StderrLine: {'line': b'                 from /home/romi/fawad/ORB_SLAM3/include/Tracking.h:26,\n'}
[8.825826] (orbslam3) StderrLine: {'line': b'                 from /home/romi/fawad/ORB_SLAM3/include/System.h:31,\n'}
[8.825908] (orbslam3) StderrLine: {'line': b'                 from /home/romi/fawad/ros2_ws/src/ORB_SLAM3_ROS2/src/rgbd/rgbd-slam-node.hpp:18,\n'}
[8.825996] (orbslam3) StderrLine: {'line': b'                 from /home/romi/fawad/ros2_ws/src/ORB_SLAM3_ROS2/src/rgbd/rgbd.cpp:7:\n'}
[8.826117] (orbslam3) StderrLine: {'line': b'/usr/include/eigen3/Eigen/src/Core/util/Constants.h:167:37: note: declared here\n'}
[8.826216] (orbslam3) StderrLine: {'line': b'  167 | EIGEN_DEPRECATED const unsigned int AlignedBit = 0x80;\n'}
[8.826296] (orbslam3) StderrLine: {'line': b'      |                                     ^~~~~~~~~~\n'}
[8.840155] (-) TimerEvent: {}
[8.840841] (orbslam3) StderrLine: {'line': b'In file included from /home/romi/fawad/ORB_SLAM3/Thirdparty/g2o/g2o/types/types_six_dof_expmap.h:38,\n'}
[8.841012] (orbslam3) StderrLine: {'line': b'                 from /home/romi/fawad/ORB_SLAM3/include/Converter.h:26,\n'}
[8.841118] (orbslam3) StderrLine: {'line': b'                 from /home/romi/fawad/ORB_SLAM3/include/Frame.h:33,\n'}
[8.841218] (orbslam3) StderrLine: {'line': b'                 from /home/romi/fawad/ORB_SLAM3/include/KeyFrame.h:28,\n'}
[8.841316] (orbslam3) StderrLine: {'line': b'                 from /home/romi/fawad/ORB_SLAM3/include/MapPoint.h:23,\n'}
[8.841405] (orbslam3) StderrLine: {'line': b'                 from /home/romi/fawad/ORB_SLAM3/include/FrameDrawer.h:24,\n'}
[8.841493] (orbslam3) StderrLine: {'line': b'                 from /home/romi/fawad/ORB_SLAM3/include/Viewer.h:23,\n'}
[8.841587] (orbslam3) StderrLine: {'line': b'                 from /home/romi/fawad/ORB_SLAM3/include/Tracking.h:26,\n'}
[8.841677] (orbslam3) StderrLine: {'line': b'                 from /home/romi/fawad/ORB_SLAM3/include/System.h:31,\n'}
[8.841751] (orbslam3) StderrLine: {'line': b'                 from /home/romi/fawad/ros2_ws/src/ORB_SLAM3_ROS2/src/stereo/stereo-slam-node.hpp:13,\n'}
[8.841830] (orbslam3) StderrLine: {'line': b'                 from /home/romi/fawad/ros2_ws/src/ORB_SLAM3_ROS2/src/stereo/stereo-slam-node.cpp:1:\n'}
[8.841916] (orbslam3) StderrLine: {'line': b'/home/romi/fawad/ORB_SLAM3/Thirdparty/g2o/g2o/types/../core/base_binary_edge.h: In instantiation of \xe2\x80\x98class g2o::BaseBinaryEdge<2, Eigen::Matrix<double, 2, 1>, g2o::VertexSBAPointXYZ, g2o::VertexSim3Expmap>\xe2\x80\x99:\n'}
[8.842007] (orbslam3) StderrLine: {'line': b'/home/romi/fawad/ORB_SLAM3/Thirdparty/g2o/g2o/types/types_seven_dof_expmap.h:130:36:   required from here\n'}
[8.842085] (orbslam3) StderrLine: {'line': b'/home/romi/fawad/ORB_SLAM3/Thirdparty/g2o/g2o/types/../core/base_binary_edge.h:59:80: warning: \xe2\x80\x98Eigen::AlignedBit\xe2\x80\x99 is deprecated [-Wdeprecated-declarations]\n'}
[8.842194] (orbslam3) StderrLine: {'line': b'   59 |       typedef Eigen::Map<Matrix<double, Di, Dj>, Matrix<double, Di, Dj>::Flags & AlignedBit ? Aligned : Unaligned > HessianBlockType;\n'}
[8.842282] (orbslam3) StderrLine: {'line': b'      |                                                                          ~~~~~~^~~~~~~~~~~~\n'}
[8.842369] (orbslam3) StderrLine: {'line': b'In file included from /usr/include/eigen3/Eigen/Core:161,\n'}
[8.842456] (orbslam3) StderrLine: {'line': b'                 from /usr/include/eigen3/Eigen/LU:11,\n'}
[8.842546] (orbslam3) StderrLine: {'line': b'                 from /home/romi/fawad/ORB_SLAM3/Thirdparty/Sophus/sophus/so2.hpp:12,\n'}
[8.842635] (orbslam3) StderrLine: {'line': b'                 from /home/romi/fawad/ORB_SLAM3/Thirdparty/Sophus/sophus/se2.hpp:7,\n'}
[8.842722] (orbslam3) StderrLine: {'line': b'                 from /home/romi/fawad/ORB_SLAM3/Thirdparty/Sophus/sophus/geometry.hpp:7,\n'}
[8.842810] (orbslam3) StderrLine: {'line': b'                 from /home/romi/fawad/ORB_SLAM3/include/Frame.h:28,\n'}
[8.842907] (orbslam3) StderrLine: {'line': b'                 from /home/romi/fawad/ORB_SLAM3/include/KeyFrame.h:28,\n'}
[8.842997] (orbslam3) StderrLine: {'line': b'                 from /home/romi/fawad/ORB_SLAM3/include/MapPoint.h:23,\n'}
[8.843109] (orbslam3) StderrLine: {'line': b'                 from /home/romi/fawad/ORB_SLAM3/include/FrameDrawer.h:24,\n'}
[8.843214] (orbslam3) StderrLine: {'line': b'                 from /home/romi/fawad/ORB_SLAM3/include/Viewer.h:23,\n'}
[8.843295] (orbslam3) StderrLine: {'line': b'                 from /home/romi/fawad/ORB_SLAM3/include/Tracking.h:26,\n'}
[8.843375] (orbslam3) StderrLine: {'line': b'                 from /home/romi/fawad/ORB_SLAM3/include/System.h:31,\n'}
[8.843459] (orbslam3) StderrLine: {'line': b'                 from /home/romi/fawad/ros2_ws/src/ORB_SLAM3_ROS2/src/stereo/stereo-slam-node.hpp:13,\n'}
[8.843541] (orbslam3) StderrLine: {'line': b'                 from /home/romi/fawad/ros2_ws/src/ORB_SLAM3_ROS2/src/stereo/stereo-slam-node.cpp:1:\n'}
[8.843630] (orbslam3) StderrLine: {'line': b'/usr/include/eigen3/Eigen/src/Core/util/Constants.h:167:37: note: declared here\n'}
[8.843719] (orbslam3) StderrLine: {'line': b'  167 | EIGEN_DEPRECATED const unsigned int AlignedBit = 0x80;\n'}
[8.843809] (orbslam3) StderrLine: {'line': b'      |                                     ^~~~~~~~~~\n'}
[8.868471] (orbslam3) StderrLine: {'line': b'In file included from /home/romi/fawad/ORB_SLAM3/Thirdparty/g2o/g2o/types/types_six_dof_expmap.h:38,\n'}
[8.868683] (orbslam3) StderrLine: {'line': b'                 from /home/romi/fawad/ORB_SLAM3/include/Converter.h:26,\n'}
[8.868793] (orbslam3) StderrLine: {'line': b'                 from /home/romi/fawad/ORB_SLAM3/include/Frame.h:33,\n'}
[8.868889] (orbslam3) StderrLine: {'line': b'                 from /home/romi/fawad/ORB_SLAM3/include/KeyFrame.h:28,\n'}
[8.868983] (orbslam3) StderrLine: {'line': b'                 from /home/romi/fawad/ORB_SLAM3/include/MapPoint.h:23,\n'}
[8.869080] (orbslam3) StderrLine: {'line': b'                 from /home/romi/fawad/ORB_SLAM3/include/FrameDrawer.h:24,\n'}
[8.869187] (orbslam3) StderrLine: {'line': b'                 from /home/romi/fawad/ORB_SLAM3/include/Viewer.h:23,\n'}
[8.869280] (orbslam3) StderrLine: {'line': b'                 from /home/romi/fawad/ORB_SLAM3/include/Tracking.h:26,\n'}
[8.869369] (orbslam3) StderrLine: {'line': b'                 from /home/romi/fawad/ORB_SLAM3/include/System.h:31,\n'}
[8.869460] (orbslam3) StderrLine: {'line': b'                 from /home/romi/fawad/ros2_ws/src/ORB_SLAM3_ROS2/src/stereo/stereo-slam-node.hpp:13,\n'}
[8.869552] (orbslam3) StderrLine: {'line': b'                 from /home/romi/fawad/ros2_ws/src/ORB_SLAM3_ROS2/src/stereo/stereo-slam-node.cpp:1:\n'}
[8.869639] (orbslam3) StderrLine: {'line': b'/home/romi/fawad/ORB_SLAM3/Thirdparty/g2o/g2o/types/../core/base_binary_edge.h:60:80: warning: \xe2\x80\x98Eigen::AlignedBit\xe2\x80\x99 is deprecated [-Wdeprecated-declarations]\n'}
[8.869728] (orbslam3) StderrLine: {'line': b'   60 |       typedef Eigen::Map<Matrix<double, Dj, Di>, Matrix<double, Dj, Di>::Flags & AlignedBit ? Aligned : Unaligned > HessianBlockTransposedType;\n'}
[8.869832] (orbslam3) StderrLine: {'line': b'      |                                                                          ~~~~~~^~~~~~~~~~~~\n'}
[8.869922] (orbslam3) StderrLine: {'line': b'In file included from /usr/include/eigen3/Eigen/Core:161,\n'}
[8.870014] (orbslam3) StderrLine: {'line': b'                 from /usr/include/eigen3/Eigen/LU:11,\n'}
[8.870110] (orbslam3) StderrLine: {'line': b'                 from /home/romi/fawad/ORB_SLAM3/Thirdparty/Sophus/sophus/so2.hpp:12,\n'}
[8.870211] (orbslam3) StderrLine: {'line': b'                 from /home/romi/fawad/ORB_SLAM3/Thirdparty/Sophus/sophus/se2.hpp:7,\n'}
[8.870297] (orbslam3) StderrLine: {'line': b'                 from /home/romi/fawad/ORB_SLAM3/Thirdparty/Sophus/sophus/geometry.hpp:7,\n'}
[8.870383] (orbslam3) StderrLine: {'line': b'                 from /home/romi/fawad/ORB_SLAM3/include/Frame.h:28,\n'}
[8.870473] (orbslam3) StderrLine: {'line': b'                 from /home/romi/fawad/ORB_SLAM3/include/KeyFrame.h:28,\n'}
[8.870562] (orbslam3) StderrLine: {'line': b'                 from /home/romi/fawad/ORB_SLAM3/include/MapPoint.h:23,\n'}
[8.870649] (orbslam3) StderrLine: {'line': b'                 from /home/romi/fawad/ORB_SLAM3/include/FrameDrawer.h:24,\n'}
[8.870740] (orbslam3) StderrLine: {'line': b'                 from /home/romi/fawad/ORB_SLAM3/include/Viewer.h:23,\n'}
[8.870828] (orbslam3) StderrLine: {'line': b'                 from /home/romi/fawad/ORB_SLAM3/include/Tracking.h:26,\n'}
[8.870928] (orbslam3) StderrLine: {'line': b'                 from /home/romi/fawad/ORB_SLAM3/include/System.h:31,\n'}
[8.871017] (orbslam3) StderrLine: {'line': b'                 from /home/romi/fawad/ros2_ws/src/ORB_SLAM3_ROS2/src/stereo/stereo-slam-node.hpp:13,\n'}
[8.871122] (orbslam3) StderrLine: {'line': b'                 from /home/romi/fawad/ros2_ws/src/ORB_SLAM3_ROS2/src/stereo/stereo-slam-node.cpp:1:\n'}
[8.871225] (orbslam3) StderrLine: {'line': b'/usr/include/eigen3/Eigen/src/Core/util/Constants.h:167:37: note: declared here\n'}
[8.871314] (orbslam3) StderrLine: {'line': b'  167 | EIGEN_DEPRECATED const unsigned int AlignedBit = 0x80;\n'}
[8.871403] (orbslam3) StderrLine: {'line': b'      |                                     ^~~~~~~~~~\n'}
[8.879993] (orbslam3) StderrLine: {'line': b'In file included from /home/romi/fawad/ORB_SLAM3/Thirdparty/g2o/g2o/types/types_six_dof_expmap.h:38,\n'}
[8.880242] (orbslam3) StderrLine: {'line': b'                 from /home/romi/fawad/ORB_SLAM3/include/Converter.h:26,\n'}
[8.880358] (orbslam3) StderrLine: {'line': b'                 from /home/romi/fawad/ORB_SLAM3/include/Frame.h:33,\n'}
[8.880451] (orbslam3) StderrLine: {'line': b'                 from /home/romi/fawad/ORB_SLAM3/include/KeyFrame.h:28,\n'}
[8.880543] (orbslam3) StderrLine: {'line': b'                 from /home/romi/fawad/ORB_SLAM3/include/MapPoint.h:23,\n'}
[8.880632] (orbslam3) StderrLine: {'line': b'                 from /home/romi/fawad/ORB_SLAM3/include/FrameDrawer.h:24,\n'}
[8.880718] (orbslam3) StderrLine: {'line': b'                 from /home/romi/fawad/ORB_SLAM3/include/Viewer.h:23,\n'}
[8.880808] (orbslam3) StderrLine: {'line': b'                 from /home/romi/fawad/ORB_SLAM3/include/Tracking.h:26,\n'}
[8.880897] (orbslam3) StderrLine: {'line': b'                 from /home/romi/fawad/ORB_SLAM3/include/System.h:31,\n'}
[8.880986] (orbslam3) StderrLine: {'line': b'                 from /home/romi/fawad/ros2_ws/src/ORB_SLAM3_ROS2/src/stereo-inertial/stereo-inertial-node.hpp:10,\n'}
[8.881113] (orbslam3) StderrLine: {'line': b'                 from /home/romi/fawad/ros2_ws/src/ORB_SLAM3_ROS2/src/stereo-inertial/stereo-inertial-node.cpp:1:\n'}
[8.881228] (orbslam3) StderrLine: {'line': b'/home/romi/fawad/ORB_SLAM3/Thirdparty/g2o/g2o/types/../core/base_binary_edge.h: In instantiation of \xe2\x80\x98class g2o::BaseBinaryEdge<3, Eigen::Matrix<double, 3, 1>, g2o::VertexSBAPointXYZ, g2o::VertexSE3Expmap>\xe2\x80\x99:\n'}
[8.881316] (orbslam3) StderrLine: {'line': b'/home/romi/fawad/ORB_SLAM3/Thirdparty/g2o/g2o/types/types_six_dof_expmap.h:146:41:   required from here\n'}
[8.881409] (orbslam3) StderrLine: {'line': b'/home/romi/fawad/ORB_SLAM3/Thirdparty/g2o/g2o/types/../core/base_binary_edge.h:59:80: warning: \xe2\x80\x98Eigen::AlignedBit\xe2\x80\x99 is deprecated [-Wdeprecated-declarations]\n'}
[8.881502] (orbslam3) StderrLine: {'line': b'   59 |       typedef Eigen::Map<Matrix<double, Di, Dj>, Matrix<double, Di, Dj>::Flags & AlignedBit ? Aligned : Unaligned > HessianBlockType;\n'}
[8.881603] (orbslam3) StderrLine: {'line': b'      |                                                                          ~~~~~~^~~~~~~~~~~~\n'}
[8.881692] (orbslam3) StderrLine: {'line': b'In file included from /usr/include/eigen3/Eigen/Core:161,\n'}
[8.881781] (orbslam3) StderrLine: {'line': b'                 from /usr/include/eigen3/Eigen/LU:11,\n'}
[8.881870] (orbslam3) StderrLine: {'line': b'                 from /home/romi/fawad/ORB_SLAM3/Thirdparty/Sophus/sophus/so2.hpp:12,\n'}
[8.881958] (orbslam3) StderrLine: {'line': b'                 from /home/romi/fawad/ORB_SLAM3/Thirdparty/Sophus/sophus/se2.hpp:7,\n'}
[8.882048] (orbslam3) StderrLine: {'line': b'                 from /home/romi/fawad/ORB_SLAM3/Thirdparty/Sophus/sophus/geometry.hpp:7,\n'}
[8.882152] (orbslam3) StderrLine: {'line': b'                 from /home/romi/fawad/ORB_SLAM3/include/Frame.h:28,\n'}
[8.882247] (orbslam3) StderrLine: {'line': b'                 from /home/romi/fawad/ORB_SLAM3/include/KeyFrame.h:28,\n'}
[8.882345] (orbslam3) StderrLine: {'line': b'                 from /home/romi/fawad/ORB_SLAM3/include/MapPoint.h:23,\n'}
[8.882432] (orbslam3) StderrLine: {'line': b'                 from /home/romi/fawad/ORB_SLAM3/include/FrameDrawer.h:24,\n'}
[8.882530] (orbslam3) StderrLine: {'line': b'                 from /home/romi/fawad/ORB_SLAM3/include/Viewer.h:23,\n'}
[8.882617] (orbslam3) StderrLine: {'line': b'                 from /home/romi/fawad/ORB_SLAM3/include/Tracking.h:26,\n'}
[8.882709] (orbslam3) StderrLine: {'line': b'                 from /home/romi/fawad/ORB_SLAM3/include/System.h:31,\n'}
[8.882796] (orbslam3) StderrLine: {'line': b'                 from /home/romi/fawad/ros2_ws/src/ORB_SLAM3_ROS2/src/stereo-inertial/stereo-inertial-node.hpp:10,\n'}
[8.882885] (orbslam3) StderrLine: {'line': b'                 from /home/romi/fawad/ros2_ws/src/ORB_SLAM3_ROS2/src/stereo-inertial/stereo-inertial-node.cpp:1:\n'}
[8.882976] (orbslam3) StderrLine: {'line': b'/usr/include/eigen3/Eigen/src/Core/util/Constants.h:167:37: note: declared here\n'}
[8.883065] (orbslam3) StderrLine: {'line': b'  167 | EIGEN_DEPRECATED const unsigned int AlignedBit = 0x80;\n'}
[8.884693] (orbslam3) StderrLine: {'line': b'      |                                     ^~~~~~~~~~\n'}
[8.884823] (orbslam3) StderrLine: {'line': b'In file included from /home/romi/fawad/ORB_SLAM3/Thirdparty/g2o/g2o/types/types_six_dof_expmap.h:38,\n'}
[8.884922] (orbslam3) StderrLine: {'line': b'                 from /home/romi/fawad/ORB_SLAM3/include/Converter.h:26,\n'}
[8.885019] (orbslam3) StderrLine: {'line': b'                 from /home/romi/fawad/ORB_SLAM3/include/Frame.h:33,\n'}
[8.885118] (orbslam3) StderrLine: {'line': b'                 from /home/romi/fawad/ORB_SLAM3/include/KeyFrame.h:28,\n'}
[8.885411] (orbslam3) StderrLine: {'line': b'                 from /home/romi/fawad/ORB_SLAM3/include/MapPoint.h:23,\n'}
[8.885507] (orbslam3) StderrLine: {'line': b'                 from /home/romi/fawad/ORB_SLAM3/include/FrameDrawer.h:24,\n'}
[8.885603] (orbslam3) StderrLine: {'line': b'                 from /home/romi/fawad/ORB_SLAM3/include/Viewer.h:23,\n'}
[8.885696] (orbslam3) StderrLine: {'line': b'                 from /home/romi/fawad/ORB_SLAM3/include/Tracking.h:26,\n'}
[8.885790] (orbslam3) StderrLine: {'line': b'                 from /home/romi/fawad/ORB_SLAM3/include/System.h:31,\n'}
[8.885883] (orbslam3) StderrLine: {'line': b'                 from /home/romi/fawad/ros2_ws/src/ORB_SLAM3_ROS2/src/stereo-inertial/stereo-inertial-node.hpp:10,\n'}
[8.885980] (orbslam3) StderrLine: {'line': b'                 from /home/romi/fawad/ros2_ws/src/ORB_SLAM3_ROS2/src/stereo-inertial/stereo-inertial-node.cpp:1:\n'}
[8.886087] (orbslam3) StderrLine: {'line': b'/home/romi/fawad/ORB_SLAM3/Thirdparty/g2o/g2o/types/../core/base_binary_edge.h:60:80: warning: \xe2\x80\x98Eigen::AlignedBit\xe2\x80\x99 is deprecated [-Wdeprecated-declarations]\n'}
[8.886196] (orbslam3) StderrLine: {'line': b'   60 |       typedef Eigen::Map<Matrix<double, Dj, Di>, Matrix<double, Dj, Di>::Flags & AlignedBit ? Aligned : Unaligned > HessianBlockTransposedType;\n'}
[8.886289] (orbslam3) StderrLine: {'line': b'      |                                                                          ~~~~~~^~~~~~~~~~~~\n'}
[8.886368] (orbslam3) StderrLine: {'line': b'In file included from /usr/include/eigen3/Eigen/Core:161,\n'}
[8.886445] (orbslam3) StderrLine: {'line': b'                 from /usr/include/eigen3/Eigen/LU:11,\n'}
[8.886532] (orbslam3) StderrLine: {'line': b'                 from /home/romi/fawad/ORB_SLAM3/Thirdparty/Sophus/sophus/so2.hpp:12,\n'}
[8.886616] (orbslam3) StderrLine: {'line': b'                 from /home/romi/fawad/ORB_SLAM3/Thirdparty/Sophus/sophus/se2.hpp:7,\n'}
[8.886702] (orbslam3) StderrLine: {'line': b'                 from /home/romi/fawad/ORB_SLAM3/Thirdparty/Sophus/sophus/geometry.hpp:7,\n'}
[8.886790] (orbslam3) StderrLine: {'line': b'                 from /home/romi/fawad/ORB_SLAM3/include/Frame.h:28,\n'}
[8.886883] (orbslam3) StderrLine: {'line': b'                 from /home/romi/fawad/ORB_SLAM3/include/KeyFrame.h:28,\n'}
[8.886973] (orbslam3) StderrLine: {'line': b'                 from /home/romi/fawad/ORB_SLAM3/include/MapPoint.h:23,\n'}
[8.887069] (orbslam3) StderrLine: {'line': b'                 from /home/romi/fawad/ORB_SLAM3/include/FrameDrawer.h:24,\n'}
[8.887188] (orbslam3) StderrLine: {'line': b'                 from /home/romi/fawad/ORB_SLAM3/include/Viewer.h:23,\n'}
[8.887306] (orbslam3) StderrLine: {'line': b'                 from /home/romi/fawad/ORB_SLAM3/include/Tracking.h:26,\n'}
[8.887385] (orbslam3) StderrLine: {'line': b'                 from /home/romi/fawad/ORB_SLAM3/include/System.h:31,\n'}
[8.887466] (orbslam3) StderrLine: {'line': b'                 from /home/romi/fawad/ros2_ws/src/ORB_SLAM3_ROS2/src/stereo-inertial/stereo-inertial-node.hpp:10,\n'}
[8.887552] (orbslam3) StderrLine: {'line': b'                 from /home/romi/fawad/ros2_ws/src/ORB_SLAM3_ROS2/src/stereo-inertial/stereo-inertial-node.cpp:1:\n'}
[8.887638] (orbslam3) StderrLine: {'line': b'/usr/include/eigen3/Eigen/src/Core/util/Constants.h:167:37: note: declared here\n'}
[8.887729] (orbslam3) StderrLine: {'line': b'  167 | EIGEN_DEPRECATED const unsigned int AlignedBit = 0x80;\n'}
[8.887816] (orbslam3) StderrLine: {'line': b'      |                                     ^~~~~~~~~~\n'}
[8.887902] (orbslam3) StderrLine: {'line': b'In file included from /home/romi/fawad/ORB_SLAM3/Thirdparty/g2o/g2o/types/types_six_dof_expmap.h:38,\n'}
[8.887991] (orbslam3) StderrLine: {'line': b'                 from /home/romi/fawad/ORB_SLAM3/include/Converter.h:26,\n'}
[8.888079] (orbslam3) StderrLine: {'line': b'                 from /home/romi/fawad/ORB_SLAM3/include/Frame.h:33,\n'}
[8.888183] (orbslam3) StderrLine: {'line': b'                 from /home/romi/fawad/ORB_SLAM3/include/KeyFrame.h:28,\n'}
[8.888273] (orbslam3) StderrLine: {'line': b'                 from /home/romi/fawad/ORB_SLAM3/include/MapPoint.h:23,\n'}
[8.888418] (orbslam3) StderrLine: {'line': b'                 from /home/romi/fawad/ORB_SLAM3/include/FrameDrawer.h:24,\n'}
[8.888511] (orbslam3) StderrLine: {'line': b'                 from /home/romi/fawad/ORB_SLAM3/include/Viewer.h:23,\n'}
[8.888591] (orbslam3) StderrLine: {'line': b'                 from /home/romi/fawad/ORB_SLAM3/include/Tracking.h:26,\n'}
[8.888668] (orbslam3) StderrLine: {'line': b'                 from /home/romi/fawad/ORB_SLAM3/include/System.h:31,\n'}
[8.888756] (orbslam3) StderrLine: {'line': b'                 from /home/romi/fawad/ros2_ws/src/ORB_SLAM3_ROS2/src/monocular/monocular-slam-node.hpp:9,\n'}
[8.888843] (orbslam3) StderrLine: {'line': b'                 from /home/romi/fawad/ros2_ws/src/ORB_SLAM3_ROS2/src/monocular/mono.cpp:7:\n'}
[8.888921] (orbslam3) StderrLine: {'line': b'/home/romi/fawad/ORB_SLAM3/Thirdparty/g2o/g2o/types/../core/base_binary_edge.h: In instantiation of \xe2\x80\x98class g2o::BaseBinaryEdge<2, Eigen::Matrix<double, 2, 1>, g2o::VertexSBAPointXYZ, g2o::VertexSE3Expmap>\xe2\x80\x99:\n'}
[8.889002] (orbslam3) StderrLine: {'line': b'/home/romi/fawad/ORB_SLAM3/Thirdparty/g2o/g2o/types/types_six_dof_expmap.h:114:35:   required from here\n'}
[8.889112] (orbslam3) StderrLine: {'line': b'/home/romi/fawad/ORB_SLAM3/Thirdparty/g2o/g2o/types/../core/base_binary_edge.h:59:80: warning: \xe2\x80\x98Eigen::AlignedBit\xe2\x80\x99 is deprecated [-Wdeprecated-declarations]\n'}
[8.889214] (orbslam3) StderrLine: {'line': b'   59 | ::Map<Matrix<double, Di, Dj>, Matrix<double, Di, Dj>::Flags & AlignedBit ? Aligned : Unaligned > HessianBlockType;\n'}
[8.889306] (orbslam3) StderrLine: {'line': b'      |                                                       ~~~~~~^~~~~~~~~~~~\n'}
[8.889397] (orbslam3) StderrLine: {'line': b'\n'}
[8.889487] (orbslam3) StderrLine: {'line': b'In file included from /usr/include/eigen3/Eigen/Core:161,\n'}
[8.889577] (orbslam3) StderrLine: {'line': b'                 from /usr/include/eigen3/Eigen/LU:11,\n'}
[8.889668] (orbslam3) StderrLine: {'line': b'                 from /home/romi/fawad/ORB_SLAM3/Thirdparty/Sophus/sophus/so2.hpp:12,\n'}
[8.889764] (orbslam3) StderrLine: {'line': b'                 from /home/romi/fawad/ORB_SLAM3/Thirdparty/Sophus/sophus/se2.hpp:7,\n'}
[8.889841] (orbslam3) StderrLine: {'line': b'                 from /home/romi/fawad/ORB_SLAM3/Thirdparty/Sophus/sophus/geometry.hpp:7,\n'}
[8.889926] (orbslam3) StderrLine: {'line': b'                 from /home/romi/fawad/ORB_SLAM3/include/Frame.h:28,\n'}
[8.890012] (orbslam3) StderrLine: {'line': b'                 from /home/romi/fawad/ORB_SLAM3/include/KeyFrame.h:28,\n'}
[8.890104] (orbslam3) StderrLine: {'line': b'                 from /home/romi/fawad/ORB_SLAM3/include/MapPoint.h:23,\n'}
[8.890207] (orbslam3) StderrLine: {'line': b'                 from /home/romi/fawad/ORB_SLAM3/include/FrameDrawer.h:24,\n'}
[8.890298] (orbslam3) StderrLine: {'line': b'                 from /home/romi/fawad/ORB_SLAM3/include/Viewer.h:23,\n'}
[8.890387] (orbslam3) StderrLine: {'line': b'                 from /home/romi/fawad/ORB_SLAM3/include/Tracking.h:26,\n'}
[8.890483] (orbslam3) StderrLine: {'line': b'                 from /home/romi/fawad/ORB_SLAM3/include/System.h:31,\n'}
[8.890573] (orbslam3) StderrLine: {'line': b'                 from /home/romi/fawad/ros2_ws/src/ORB_SLAM3_ROS2/src/monocular/monocular-slam-node.hpp:9,\n'}
[8.890661] (orbslam3) StderrLine: {'line': b'                 from /home/romi/fawad/ros2_ws/src/ORB_SLAM3_ROS2/src/monocular/mono.cpp:7:\n'}
[8.890751] (orbslam3) StderrLine: {'line': b'/usr/include/eigen3/Eigen/src/Core/util/Constants.h:167:37: note: declared here\n'}
[8.890842] (orbslam3) StderrLine: {'line': b'  167 | EIGEN_DEPRECATED const unsigned int AlignedBit = 0x80;\n'}
[8.890930] (orbslam3) StderrLine: {'line': b'      |                                     ^~~~~~~~~~\n'}
[8.891457] (orbslam3) StderrLine: {'line': b'In file included from /home/romi/fawad/ORB_SLAM3/Thirdparty/g2o/g2o/types/types_six_dof_expmap.h:41,\n'}
[8.891583] (orbslam3) StderrLine: {'line': b'                 from /home/romi/fawad/ORB_SLAM3/include/Converter.h:26,\n'}
[8.891678] (orbslam3) StderrLine: {'line': b'                 from /home/romi/fawad/ORB_SLAM3/include/Frame.h:33,\n'}
[8.891772] (orbslam3) StderrLine: {'line': b'                 from /home/romi/fawad/ORB_SLAM3/include/KeyFrame.h:28,\n'}
[8.891859] (orbslam3) StderrLine: {'line': b'                 from /home/romi/fawad/ORB_SLAM3/include/MapPoint.h:23,\n'}
[8.891948] (orbslam3) StderrLine: {'line': b'                 from /home/romi/fawad/ORB_SLAM3/include/FrameDrawer.h:24,\n'}
[8.892038] (orbslam3) StderrLine: {'line': b'                 from /home/romi/fawad/ORB_SLAM3/include/Viewer.h:23,\n'}
[8.892151] (orbslam3) StderrLine: {'line': b'                 from /home/romi/fawad/ORB_SLAM3/include/Tracking.h:26,\n'}
[8.892250] (orbslam3) StderrLine: {'line': b'                 from /home/romi/fawad/ORB_SLAM3/include/System.h:31,\n'}
[8.892342] (orbslam3) StderrLine: {'line': b'                 from /home/romi/fawad/ros2_ws/src/ORB_SLAM3_ROS2/src/stereo-inertial/stereo-inertial-node.hpp:10,\n'}
[8.892446] (orbslam3) StderrLine: {'line': b'                 from /home/romi/fawad/ros2_ws/src/ORB_SLAM3_ROS2/src/stereo-inertial/stereo-inertial.cpp:7:\n'}
[8.892541] (orbslam3) StderrLine: {'line': b'/home/romi/fawad/ORB_SLAM3/Thirdparty/g2o/g2o/types/se3quat.h:43:38: warning: extra \xe2\x80\x98;\xe2\x80\x99 [-Wpedantic]\n'}
[8.892640] (orbslam3) StderrLine: {'line': b'   43 |       EIGEN_MAKE_ALIGNED_OPERATOR_NEW;\n'}
[8.892734] (orbslam3) StderrLine: {'line': b'      |                                      ^\n'}
[8.892825] (orbslam3) StderrLine: {'line': b'      |                                      -\n'}
[8.905016] (orbslam3) StderrLine: {'line': b'In file included from /home/romi/fawad/ORB_SLAM3/Thirdparty/g2o/g2o/types/types_six_dof_expmap.h:38,\n'}
[8.905380] (orbslam3) StderrLine: {'line': b'                 from /home/romi/fawad/ORB_SLAM3/include/Converter.h:26,\n'}
[8.905499] (orbslam3) StderrLine: {'line': b'                 from /home/romi/fawad/ORB_SLAM3/include/Frame.h:33,\n'}
[8.905602] (orbslam3) StderrLine: {'line': b'                 from /home/romi/fawad/ORB_SLAM3/include/KeyFrame.h:28,\n'}
[8.905701] (orbslam3) StderrLine: {'line': b'                 from /home/romi/fawad/ORB_SLAM3/include/MapPoint.h:23,\n'}
[8.905797] (orbslam3) StderrLine: {'line': b'                 from /home/romi/fawad/ORB_SLAM3/include/FrameDrawer.h:24,\n'}
[8.905891] (orbslam3) StderrLine: {'line': b'                 from /home/romi/fawad/ORB_SLAM3/include/Viewer.h:23,\n'}
[8.905982] (orbslam3) StderrLine: {'line': b'                 from /home/romi/fawad/ORB_SLAM3/include/Tracking.h:26,\n'}
[8.906073] (orbslam3) StderrLine: {'line': b'                 from /home/romi/fawad/ORB_SLAM3/include/System.h:31,\n'}
[8.906178] (orbslam3) StderrLine: {'line': b'                 from /home/romi/fawad/ros2_ws/src/ORB_SLAM3_ROS2/src/monocular/monocular-slam-node.hpp:9,\n'}
[8.906271] (orbslam3) StderrLine: {'line': b'                 from /home/romi/fawad/ros2_ws/src/ORB_SLAM3_ROS2/src/monocular/mono.cpp:7:\n'}
[8.906360] (orbslam3) StderrLine: {'line': b'/home/romi/fawad/ORB_SLAM3/Thirdparty/g2o/g2o/types/../core/base_binary_edge.h:60:80: warning: \xe2\x80\x98Eigen::AlignedBit\xe2\x80\x99 is deprecated [-Wdeprecated-declarations]\n'}
[8.906450] (orbslam3) StderrLine: {'line': b'   60 | ::Map<Matrix<double, Dj, Di>, Matrix<double, Dj, Di>::Flags & AlignedBit ? Aligned : Unaligned > HessianBlockTransposedType;\n'}
[8.906537] (orbslam3) StderrLine: {'line': b'      |                                                       ~~~~~~^~~~~~~~~~~~\n'}
[8.906623] (orbslam3) StderrLine: {'line': b'\n'}
[8.906709] (orbslam3) StderrLine: {'line': b'In file included from /usr/include/eigen3/Eigen/Core:161,\n'}
[8.906797] (orbslam3) StderrLine: {'line': b'                 from /usr/include/eigen3/Eigen/LU:11,\n'}
[8.906885] (orbslam3) StderrLine: {'line': b'                 from /home/romi/fawad/ORB_SLAM3/Thirdparty/Sophus/sophus/so2.hpp:12,\n'}
[8.906974] (orbslam3) StderrLine: {'line': b'                 from /home/romi/fawad/ORB_SLAM3/Thirdparty/Sophus/sophus/se2.hpp:7,\n'}
[8.907061] (orbslam3) StderrLine: {'line': b'                 from /home/romi/fawad/ORB_SLAM3/Thirdparty/Sophus/sophus/geometry.hpp:7,\n'}
[8.907168] (orbslam3) StderrLine: {'line': b'                 from /home/romi/fawad/ORB_SLAM3/include/Frame.h:28,\n'}
[8.907253] (orbslam3) StderrLine: {'line': b'                 from /home/romi/fawad/ORB_SLAM3/include/KeyFrame.h:28,\n'}
[8.907340] (orbslam3) StderrLine: {'line': b'                 from /home/romi/fawad/ORB_SLAM3/include/MapPoint.h:23,\n'}
[8.907426] (orbslam3) StderrLine: {'line': b'                 from /home/romi/fawad/ORB_SLAM3/include/FrameDrawer.h:24,\n'}
[8.907516] (orbslam3) StderrLine: {'line': b'                 from /home/romi/fawad/ORB_SLAM3/include/Viewer.h:23,\n'}
[8.907606] (orbslam3) StderrLine: {'line': b'                 from /home/romi/fawad/ORB_SLAM3/include/Tracking.h:26,\n'}
[8.907695] (orbslam3) StderrLine: {'line': b'                 from /home/romi/fawad/ORB_SLAM3/include/System.h:31,\n'}
[8.907781] (orbslam3) StderrLine: {'line': b'                 from /home/romi/fawad/ros2_ws/src/ORB_SLAM3_ROS2/src/monocular/monocular-slam-node.hpp:9,\n'}
[8.907870] (orbslam3) StderrLine: {'line': b'                 from /home/romi/fawad/ros2_ws/src/ORB_SLAM3_ROS2/src/monocular/mono.cpp:7:\n'}
[8.907959] (orbslam3) StderrLine: {'line': b'/usr/include/eigen3/Eigen/src/Core/util/Constants.h:167:37: note: declared here\n'}
[8.908046] (orbslam3) StderrLine: {'line': b'  167 | EIGEN_DEPRECATED const unsigned int AlignedBit = 0x80;\n'}
[8.908215] (orbslam3) StderrLine: {'line': b'      |                                     ^~~~~~~~~~\n'}
[8.915907] (orbslam3) StderrLine: {'line': b'In file included from /home/romi/fawad/ORB_SLAM3/include/Frame.h:30,\n'}
[8.916232] (orbslam3) StderrLine: {'line': b'                 from /home/romi/fawad/ORB_SLAM3/include/KeyFrame.h:28,\n'}
[8.916364] (orbslam3) StderrLine: {'line': b'                 from /home/romi/fawad/ORB_SLAM3/include/MapPoint.h:23,\n'}
[8.916468] (orbslam3) StderrLine: {'line': b'                 from /home/romi/fawad/ORB_SLAM3/include/FrameDrawer.h:24,\n'}
[8.916551] (orbslam3) StderrLine: {'line': b'                 from /home/romi/fawad/ORB_SLAM3/include/Viewer.h:23,\n'}
[8.916635] (orbslam3) StderrLine: {'line': b'                 from /home/romi/fawad/ORB_SLAM3/include/Tracking.h:26,\n'}
[8.916721] (orbslam3) StderrLine: {'line': b'                 from /home/romi/fawad/ORB_SLAM3/include/System.h:31,\n'}
[8.916810] (orbslam3) StderrLine: {'line': b'                 from /home/romi/fawad/ros2_ws/src/ORB_SLAM3_ROS2/src/monocular/monocular-slam-node.hpp:9,\n'}
[8.916904] (orbslam3) StderrLine: {'line': b'                 from /home/romi/fawad/ros2_ws/src/ORB_SLAM3_ROS2/src/monocular/monocular-slam-node.cpp:1:\n'}
[8.917007] (orbslam3) StderrLine: {'line': b'/home/romi/fawad/ORB_SLAM3/include/ImuTypes.h: In member function \xe2\x80\x98void ORB_SLAM3::IMU::Preintegrated::printMeasurements() const\xe2\x80\x99:\n'}
[8.917108] (orbslam3) StderrLine: {'line': b'/home/romi/fawad/ORB_SLAM3/include/ImuTypes.h:204:23: warning: comparison of integer expressions of different signedness: \xe2\x80\x98int\xe2\x80\x99 and \xe2\x80\x98std::vector<ORB_SLAM3::IMU::Preintegrated::integrable>::size_type\xe2\x80\x99 {aka \xe2\x80\x98long unsigned int\xe2\x80\x99} [-Wsign-compare]\n'}
[8.917227] (orbslam3) StderrLine: {'line': b'  204 |         for(int i=0; i<mvMeasurements.size(); i++){\n'}
[8.917323] (orbslam3) StderrLine: {'line': b'      |                      ~^~~~~~~~~~~~~~~~~~~~~~\n'}
[8.940264] (-) TimerEvent: {}
[8.940648] (orbslam3) StderrLine: {'line': b'In file included from /home/romi/fawad/ORB_SLAM3/Thirdparty/g2o/g2o/types/types_six_dof_expmap.h:38,\n'}
[8.940807] (orbslam3) StderrLine: {'line': b'                 from /home/romi/fawad/ORB_SLAM3/include/Converter.h:26,\n'}
[8.940892] (orbslam3) StderrLine: {'line': b'                 from /home/romi/fawad/ORB_SLAM3/include/Frame.h:33,\n'}
[8.940985] (orbslam3) StderrLine: {'line': b'                 from /home/romi/fawad/ORB_SLAM3/include/KeyFrame.h:28,\n'}
[8.941067] (orbslam3) StderrLine: {'line': b'                 from /home/romi/fawad/ORB_SLAM3/include/MapPoint.h:23,\n'}
[8.941163] (orbslam3) StderrLine: {'line': b'                 from /home/romi/fawad/ORB_SLAM3/include/FrameDrawer.h:24,\n'}
[8.941248] (orbslam3) StderrLine: {'line': b'                 from /home/romi/fawad/ORB_SLAM3/include/Viewer.h:23,\n'}
[8.941338] (orbslam3) StderrLine: {'line': b'                 from /home/romi/fawad/ORB_SLAM3/include/Tracking.h:26,\n'}
[8.941424] (orbslam3) StderrLine: {'line': b'                 from /home/romi/fawad/ORB_SLAM3/include/System.h:31,\n'}
[8.941515] (orbslam3) StderrLine: {'line': b'                 from /home/romi/fawad/ros2_ws/src/ORB_SLAM3_ROS2/src/rgbd/rgbd-slam-node.hpp:18,\n'}
[8.941602] (orbslam3) StderrLine: {'line': b'                 from /home/romi/fawad/ros2_ws/src/ORB_SLAM3_ROS2/src/rgbd/rgbd.cpp:7:\n'}
[8.941690] (orbslam3) StderrLine: {'line': b'/home/romi/fawad/ORB_SLAM3/Thirdparty/g2o/g2o/types/../core/base_binary_edge.h: In instantiation of \xe2\x80\x98class g2o::BaseBinaryEdge<2, Eigen::Matrix<double, 2, 1>, g2o::VertexSBAPointXYZ, g2o::VertexSE3Expmap>\xe2\x80\x99:\n'}
[8.941774] (orbslam3) StderrLine: {'line': b'/home/romi/fawad/ORB_SLAM3/Thirdparty/g2o/g2o/types/types_six_dof_expmap.h:114:35:   required from here\n'}
[8.941858] (orbslam3) StderrLine: {'line': b'/home/romi/fawad/ORB_SLAM3/Thirdparty/g2o/g2o/types/../core/base_binary_edge.h:59:80: warning: \xe2\x80\x98Eigen::AlignedBit\xe2\x80\x99 is deprecated [-Wdeprecated-declarations]\n'}
[8.941945] (orbslam3) StderrLine: {'line': b'   59 |       typedef Eigen::Map<Matrix<double, Di, Dj>, Matrix<double, Di, Dj>::Flags & AlignedBit ? Aligned : Unaligned > HessianBlockType;\n'}
[8.942032] (orbslam3) StderrLine: {'line': b'      |                                                                          ~~~~~~^~~~~~~~~~~~\n'}
[8.942136] (orbslam3) StderrLine: {'line': b'In file included from /usr/include/eigen3/Eigen/Core:161,\n'}
[8.942243] (orbslam3) StderrLine: {'line': b'                 from /usr/include/eigen3/Eigen/LU:11,\n'}
[8.942330] (orbslam3) StderrLine: {'line': b'                 from /home/romi/fawad/ORB_SLAM3/Thirdparty/Sophus/sophus/so2.hpp:12,\n'}
[8.942417] (orbslam3) StderrLine: {'line': b'                 from /home/romi/fawad/ORB_SLAM3/Thirdparty/Sophus/sophus/se2.hpp:7,\n'}
[8.942509] (orbslam3) StderrLine: {'line': b'                 from /home/romi/fawad/ORB_SLAM3/Thirdparty/Sophus/sophus/geometry.hpp:7,\n'}
[8.942593] (orbslam3) StderrLine: {'line': b'                 from /home/romi/fawad/ORB_SLAM3/include/Frame.h:28,\n'}
[8.942676] (orbslam3) StderrLine: {'line': b'                 from /home/romi/fawad/ORB_SLAM3/include/KeyFrame.h:28,\n'}
[8.942756] (orbslam3) StderrLine: {'line': b'                 from /home/romi/fawad/ORB_SLAM3/include/MapPoint.h:23,\n'}
[8.942841] (orbslam3) StderrLine: {'line': b'                 from /home/romi/fawad/ORB_SLAM3/include/FrameDrawer.h:24,\n'}
[8.942927] (orbslam3) StderrLine: {'line': b'                 from /home/romi/fawad/ORB_SLAM3/include/Viewer.h:23,\n'}
[8.943011] (orbslam3) StderrLine: {'line': b'                 from /home/romi/fawad/ORB_SLAM3/include/Tracking.h:26,\n'}
[8.943094] (orbslam3) StderrLine: {'line': b'                 from /home/romi/fawad/ORB_SLAM3/include/System.h:31,\n'}
[8.943205] (orbslam3) StderrLine: {'line': b'                 from /home/romi/fawad/ros2_ws/src/ORB_SLAM3_ROS2/src/rgbd/rgbd-slam-node.hpp:18,\n'}
[8.943288] (orbslam3) StderrLine: {'line': b'                 from /home/romi/fawad/ros2_ws/src/ORB_SLAM3_ROS2/src/rgbd/rgbd.cpp:7:\n'}
[8.943377] (orbslam3) StderrLine: {'line': b'/usr/include/eigen3/Eigen/src/Core/util/Constants.h:167:37: note: declared here\n'}
[8.943463] (orbslam3) StderrLine: {'line': b'  167 | EIGEN_DEPRECATED const unsigned int AlignedBit = 0x80;\n'}
[8.943549] (orbslam3) StderrLine: {'line': b'      |                                     ^~~~~~~~~~\n'}
[8.966914] (orbslam3) StderrLine: {'line': b'In file included from /home/romi/fawad/ORB_SLAM3/Thirdparty/g2o/g2o/types/types_six_dof_expmap.h:38,\n'}
[8.967143] (orbslam3) StderrLine: {'line': b'                 from /home/romi/fawad/ORB_SLAM3/include/Converter.h:26,\n'}
[8.967254] (orbslam3) StderrLine: {'line': b'                 from /home/romi/fawad/ORB_SLAM3/include/Frame.h:33,\n'}
[8.967353] (orbslam3) StderrLine: {'line': b'                 from /home/romi/fawad/ORB_SLAM3/include/KeyFrame.h:28,\n'}
[8.967449] (orbslam3) StderrLine: {'line': b'                 from /home/romi/fawad/ORB_SLAM3/include/MapPoint.h:23,\n'}
[8.967549] (orbslam3) StderrLine: {'line': b'                 from /home/romi/fawad/ORB_SLAM3/include/FrameDrawer.h:24,\n'}
[8.967647] (orbslam3) StderrLine: {'line': b'                 from /home/romi/fawad/ORB_SLAM3/include/Viewer.h:23,\n'}
[8.967743] (orbslam3) StderrLine: {'line': b'                 from /home/romi/fawad/ORB_SLAM3/include/Tracking.h:26,\n'}
[8.967828] (orbslam3) StderrLine: {'line': b'                 from /home/romi/fawad/ORB_SLAM3/include/System.h:31,\n'}
[8.967913] (orbslam3) StderrLine: {'line': b'                 from /home/romi/fawad/ros2_ws/src/ORB_SLAM3_ROS2/src/rgbd/rgbd-slam-node.hpp:18,\n'}
[8.968009] (orbslam3) StderrLine: {'line': b'                 from /home/romi/fawad/ros2_ws/src/ORB_SLAM3_ROS2/src/rgbd/rgbd.cpp:7:\n'}
[8.968115] (orbslam3) StderrLine: {'line': b'/home/romi/fawad/ORB_SLAM3/Thirdparty/g2o/g2o/types/../core/base_binary_edge.h:60:80: warning: \xe2\x80\x98Eigen::AlignedBit\xe2\x80\x99 is deprecated [-Wdeprecated-declarations]\n'}
[8.968246] (orbslam3) StderrLine: {'line': b'   60 |       typedef Eigen::Map<Matrix<double, Dj, Di>, Matrix<double, Dj, Di>::Flags & AlignedBit ? Aligned : Unaligned > HessianBlockTransposedType;\n'}
[8.968341] (orbslam3) StderrLine: {'line': b'      |                                                                          ~~~~~~^~~~~~~~~~~~\n'}
[8.968431] (orbslam3) StderrLine: {'line': b'In file included from /usr/include/eigen3/Eigen/Core:161,\n'}
[8.968518] (orbslam3) StderrLine: {'line': b'                 from /usr/include/eigen3/Eigen/LU:11,\n'}
[8.968607] (orbslam3) StderrLine: {'line': b'                 from /home/romi/fawad/ORB_SLAM3/Thirdparty/Sophus/sophus/so2.hpp:12,\n'}
[8.968693] (orbslam3) StderrLine: {'line': b'                 from /home/romi/fawad/ORB_SLAM3/Thirdparty/Sophus/sophus/se2.hpp:7,\n'}
[8.968781] (orbslam3) StderrLine: {'line': b'                 from /home/romi/fawad/ORB_SLAM3/Thirdparty/Sophus/sophus/geometry.hpp:7,\n'}
[8.968875] (orbslam3) StderrLine: {'line': b'                 from /home/romi/fawad/ORB_SLAM3/include/Frame.h:28,\n'}
[8.968968] (orbslam3) StderrLine: {'line': b'                 from /home/romi/fawad/ORB_SLAM3/include/KeyFrame.h:28,\n'}
[8.969057] (orbslam3) StderrLine: {'line': b'                 from /home/romi/fawad/ORB_SLAM3/include/MapPoint.h:23,\n'}
[8.969163] (orbslam3) StderrLine: {'line': b'                 from /home/romi/fawad/ORB_SLAM3/include/FrameDrawer.h:24,\n'}
[8.969258] (orbslam3) StderrLine: {'line': b'                 from /home/romi/fawad/ORB_SLAM3/include/Viewer.h:23,\n'}
[8.969346] (orbslam3) StderrLine: {'line': b'                 from /home/romi/fawad/ORB_SLAM3/include/Tracking.h:26,\n'}
[8.969436] (orbslam3) StderrLine: {'line': b'                 from /home/romi/fawad/ORB_SLAM3/include/System.h:31,\n'}
[8.969524] (orbslam3) StderrLine: {'line': b'                 from /home/romi/fawad/ros2_ws/src/ORB_SLAM3_ROS2/src/rgbd/rgbd-slam-node.hpp:18,\n'}
[8.969612] (orbslam3) StderrLine: {'line': b'                 from /home/romi/fawad/ros2_ws/src/ORB_SLAM3_ROS2/src/rgbd/rgbd.cpp:7:\n'}
[8.969696] (orbslam3) StderrLine: {'line': b'/usr/include/eigen3/Eigen/src/Core/util/Constants.h:167:37: note: declared here\n'}
[8.969777] (orbslam3) StderrLine: {'line': b'  167 | EIGEN_DEPRECATED const unsigned int AlignedBit = 0x80;\n'}
[8.969859] (orbslam3) StderrLine: {'line': b'      |                                     ^~~~~~~~~~\n'}
[8.983270] (orbslam3) StderrLine: {'line': b'In file included from /home/romi/fawad/ORB_SLAM3/Thirdparty/g2o/g2o/types/types_six_dof_expmap.h:38,\n'}
[8.983544] (orbslam3) StderrLine: {'line': b'                 from /home/romi/fawad/ORB_SLAM3/include/Converter.h:26,\n'}
[8.983654] (orbslam3) StderrLine: {'line': b'                 from /home/romi/fawad/ORB_SLAM3/include/Frame.h:33,\n'}
[8.983769] (orbslam3) StderrLine: {'line': b'                 from /home/romi/fawad/ORB_SLAM3/include/KeyFrame.h:28,\n'}
[8.983866] (orbslam3) StderrLine: {'line': b'                 from /home/romi/fawad/ORB_SLAM3/include/MapPoint.h:23,\n'}
[8.983960] (orbslam3) StderrLine: {'line': b'                 from /home/romi/fawad/ORB_SLAM3/include/FrameDrawer.h:24,\n'}
[8.984044] (orbslam3) StderrLine: {'line': b'                 from /home/romi/fawad/ORB_SLAM3/include/Viewer.h:23,\n'}
[8.984142] (orbslam3) StderrLine: {'line': b'                 from /home/romi/fawad/ORB_SLAM3/include/Tracking.h:26,\n'}
[8.984238] (orbslam3) StderrLine: {'line': b'                 from /home/romi/fawad/ORB_SLAM3/include/System.h:31,\n'}
[8.984312] (orbslam3) StderrLine: {'line': b'                 from /home/romi/fawad/ros2_ws/src/ORB_SLAM3_ROS2/src/monocular/monocular-slam-node.hpp:9,\n'}
[8.984399] (orbslam3) StderrLine: {'line': b'                 from /home/romi/fawad/ros2_ws/src/ORB_SLAM3_ROS2/src/monocular/mono.cpp:7:\n'}
[8.984486] (orbslam3) StderrLine: {'line': b'/home/romi/fawad/ORB_SLAM3/Thirdparty/g2o/g2o/types/../core/base_binary_edge.h: In instantiation of \xe2\x80\x98class g2o::BaseBinaryEdge<3, Eigen::Matrix<double, 3, 1>, g2o::VertexSBAPointXYZ, g2o::VertexSE3Expmap>\xe2\x80\x99:\n'}
[8.984575] (orbslam3) StderrLine: {'line': b'/home/romi/fawad/ORB_SLAM3/Thirdparty/g2o/g2o/types/types_six_dof_expmap.h:146:41:   required from here\n'}
[8.984664] (orbslam3) StderrLine: {'line': b'/home/romi/fawad/ORB_SLAM3/Thirdparty/g2o/g2o/types/../core/base_binary_edge.h:59:80: warning: \xe2\x80\x98Eigen::AlignedBit\xe2\x80\x99 is deprecated [-Wdeprecated-declarations]\n'}
[8.984756] (orbslam3) StderrLine: {'line': b'   59 | ::Map<Matrix<double, Di, Dj>, Matrix<double, Di, Dj>::Flags & AlignedBit ? Aligned : Unaligned > HessianBlockType;\n'}
[8.984857] (orbslam3) StderrLine: {'line': b'      |                                                       ~~~~~~^~~~~~~~~~~~\n'}
[8.984954] (orbslam3) StderrLine: {'line': b'\n'}
[8.985040] (orbslam3) StderrLine: {'line': b'In file included from /usr/include/eigen3/Eigen/Core:161,\n'}
[8.985130] (orbslam3) StderrLine: {'line': b'                 from /usr/include/eigen3/Eigen/LU:11,\n'}
[8.985223] (orbslam3) StderrLine: {'line': b'                 from /home/romi/fawad/ORB_SLAM3/Thirdparty/Sophus/sophus/so2.hpp:12,\n'}
[8.985311] (orbslam3) StderrLine: {'line': b'                 from /home/romi/fawad/ORB_SLAM3/Thirdparty/Sophus/sophus/se2.hpp:7,\n'}
[8.985399] (orbslam3) StderrLine: {'line': b'                 from /home/romi/fawad/ORB_SLAM3/Thirdparty/Sophus/sophus/geometry.hpp:7,\n'}
[8.985488] (orbslam3) StderrLine: {'line': b'                 from /home/romi/fawad/ORB_SLAM3/include/Frame.h:28,\n'}
[8.985576] (orbslam3) StderrLine: {'line': b'                 from /home/romi/fawad/ORB_SLAM3/include/KeyFrame.h:28,\n'}
[8.985661] (orbslam3) StderrLine: {'line': b'                 from /home/romi/fawad/ORB_SLAM3/include/MapPoint.h:23,\n'}
[8.985754] (orbslam3) StderrLine: {'line': b'                 from /home/romi/fawad/ORB_SLAM3/include/FrameDrawer.h:24,\n'}
[8.985842] (orbslam3) StderrLine: {'line': b'                 from /home/romi/fawad/ORB_SLAM3/include/Viewer.h:23,\n'}
[8.985925] (orbslam3) StderrLine: {'line': b'                 from /home/romi/fawad/ORB_SLAM3/include/Tracking.h:26,\n'}
[8.986012] (orbslam3) StderrLine: {'line': b'                 from /home/romi/fawad/ORB_SLAM3/include/System.h:31,\n'}
[8.986104] (orbslam3) StderrLine: {'line': b'                 from /home/romi/fawad/ros2_ws/src/ORB_SLAM3_ROS2/src/monocular/monocular-slam-node.hpp:9,\n'}
[8.986205] (orbslam3) StderrLine: {'line': b'                 from /home/romi/fawad/ros2_ws/src/ORB_SLAM3_ROS2/src/monocular/mono.cpp:7:\n'}
[8.986304] (orbslam3) StderrLine: {'line': b'/usr/include/eigen3/Eigen/src/Core/util/Constants.h:167:37: note: declared here\n'}
[8.986391] (orbslam3) StderrLine: {'line': b'  167 | EIGEN_DEPRECATED const unsigned int AlignedBit = 0x80;\n'}
[8.986680] (orbslam3) StderrLine: {'line': b'      |                                     ^~~~~~~~~~\n'}
[8.986775] (orbslam3) StderrLine: {'line': b'In file included from /home/romi/fawad/ORB_SLAM3/Thirdparty/g2o/g2o/types/types_six_dof_expmap.h:38,\n'}
[8.986865] (orbslam3) StderrLine: {'line': b'                 from /home/romi/fawad/ORB_SLAM3/include/Converter.h:26,\n'}
[8.986950] (orbslam3) StderrLine: {'line': b'                 from /home/romi/fawad/ORB_SLAM3/include/Frame.h:33,\n'}
[8.987040] (orbslam3) StderrLine: {'line': b'                 from /home/romi/fawad/ORB_SLAM3/include/KeyFrame.h:28,\n'}
[8.987130] (orbslam3) StderrLine: {'line': b'                 from /home/romi/fawad/ORB_SLAM3/include/MapPoint.h:23,\n'}
[8.987227] (orbslam3) StderrLine: {'line': b'                 from /home/romi/fawad/ORB_SLAM3/include/FrameDrawer.h:24,\n'}
[8.987314] (orbslam3) StderrLine: {'line': b'                 from /home/romi/fawad/ORB_SLAM3/include/Viewer.h:23,\n'}
[8.987392] (orbslam3) StderrLine: {'line': b'                 from /home/romi/fawad/ORB_SLAM3/include/Tracking.h:26,\n'}
[8.987467] (orbslam3) StderrLine: {'line': b'                 from /home/romi/fawad/ORB_SLAM3/include/System.h:31,\n'}
[8.987607] (orbslam3) StderrLine: {'line': b'                 from /home/romi/fawad/ros2_ws/src/ORB_SLAM3_ROS2/src/monocular/monocular-slam-node.hpp:9,\n'}
[8.987693] (orbslam3) StderrLine: {'line': b'                 from /home/romi/fawad/ros2_ws/src/ORB_SLAM3_ROS2/src/monocular/mono.cpp:7:\n'}
[8.987781] (orbslam3) StderrLine: {'line': b'/home/romi/fawad/ORB_SLAM3/Thirdparty/g2o/g2o/types/../core/base_binary_edge.h:60:80: warning: \xe2\x80\x98Eigen::AlignedBit\xe2\x80\x99 is deprecated [-Wdeprecated-declarations]\n'}
[8.987872] (orbslam3) StderrLine: {'line': b'   60 | ::Map<Matrix<double, Dj, Di>, Matrix<double, Dj, Di>::Flags & AlignedBit ? Aligned : Unaligned > HessianBlockTransposedType;\n'}
[8.987969] (orbslam3) StderrLine: {'line': b'      |                                                       ~~~~~~^~~~~~~~~~~~\n'}
[8.988058] (orbslam3) StderrLine: {'line': b'\n'}
[8.988159] (orbslam3) StderrLine: {'line': b'In file included from /usr/include/eigen3/Eigen/Core:161,\n'}
[8.988247] (orbslam3) StderrLine: {'line': b'                 from /usr/include/eigen3/Eigen/LU:11,\n'}
[8.988324] (orbslam3) StderrLine: {'line': b'                 from /home/romi/fawad/ORB_SLAM3/Thirdparty/Sophus/sophus/so2.hpp:12,\n'}
[8.988398] (orbslam3) StderrLine: {'line': b'                 from /home/romi/fawad/ORB_SLAM3/Thirdparty/Sophus/sophus/se2.hpp:7,\n'}
[8.988480] (orbslam3) StderrLine: {'line': b'                 from /home/romi/fawad/ORB_SLAM3/Thirdparty/Sophus/sophus/geometry.hpp:7,\n'}
[8.988564] (orbslam3) StderrLine: {'line': b'                 from /home/romi/fawad/ORB_SLAM3/include/Frame.h:28,\n'}
[8.988649] (orbslam3) StderrLine: {'line': b'                 from /home/romi/fawad/ORB_SLAM3/include/KeyFrame.h:28,\n'}
[8.988734] (orbslam3) StderrLine: {'line': b'                 from /home/romi/fawad/ORB_SLAM3/include/MapPoint.h:23,\n'}
[8.988822] (orbslam3) StderrLine: {'line': b'                 from /home/romi/fawad/ORB_SLAM3/include/FrameDrawer.h:24,\n'}
[8.988907] (orbslam3) StderrLine: {'line': b'                 from /home/romi/fawad/ORB_SLAM3/include/Viewer.h:23,\n'}
[8.988992] (orbslam3) StderrLine: {'line': b'                 from /home/romi/fawad/ORB_SLAM3/include/Tracking.h:26,\n'}
[8.989078] (orbslam3) StderrLine: {'line': b'                 from /home/romi/fawad/ORB_SLAM3/include/System.h:31,\n'}
[8.989180] (orbslam3) StderrLine: {'line': b'                 from /home/romi/fawad/ros2_ws/src/ORB_SLAM3_ROS2/src/monocular/monocular-slam-node.hpp:9,\n'}
[8.989271] (orbslam3) StderrLine: {'line': b'                 from /home/romi/fawad/ros2_ws/src/ORB_SLAM3_ROS2/src/monocular/mono.cpp:7:\n'}
[8.989360] (orbslam3) StderrLine: {'line': b'/usr/include/eigen3/Eigen/src/Core/util/Constants.h:167:37: note: declared here\n'}
[8.989448] (orbslam3) StderrLine: {'line': b'  167 | EIGEN_DEPRECATED const unsigned int AlignedBit = 0x80;\n'}
[8.989535] (orbslam3) StderrLine: {'line': b'      |                                     ^~~~~~~~~~\n'}
[9.029637] (orbslam3) StderrLine: {'line': b'In file included from /home/romi/fawad/ORB_SLAM3/include/Frame.h:30,\n'}
[9.029838] (orbslam3) StderrLine: {'line': b'                 from /home/romi/fawad/ORB_SLAM3/include/KeyFrame.h:28,\n'}
[9.029941] (orbslam3) StderrLine: {'line': b'                 from /home/romi/fawad/ORB_SLAM3/include/MapPoint.h:23,\n'}
[9.030030] (orbslam3) StderrLine: {'line': b'                 from /home/romi/fawad/ORB_SLAM3/include/FrameDrawer.h:24,\n'}
[9.030122] (orbslam3) StderrLine: {'line': b'                 from /home/romi/fawad/ORB_SLAM3/include/Viewer.h:23,\n'}
[9.030228] (orbslam3) StderrLine: {'line': b'                 from /home/romi/fawad/ORB_SLAM3/include/Tracking.h:26,\n'}
[9.030455] (orbslam3) StderrLine: {'line': b'                 from /home/romi/fawad/ORB_SLAM3/include/System.h:31,\n'}
[9.030562] (orbslam3) StderrLine: {'line': b'                 from /home/romi/fawad/ros2_ws/src/ORB_SLAM3_ROS2/src/stereo/stereo-slam-node.hpp:13,\n'}
[9.030651] (orbslam3) StderrLine: {'line': b'                 from /home/romi/fawad/ros2_ws/src/ORB_SLAM3_ROS2/src/stereo/stereo.cpp:7:\n'}
[9.030740] (orbslam3) StderrLine: {'line': b'/home/romi/fawad/ORB_SLAM3/include/ImuTypes.h: In member function \xe2\x80\x98void ORB_SLAM3::IMU::Preintegrated::printMeasurements() const\xe2\x80\x99:\n'}
[9.030830] (orbslam3) StderrLine: {'line': b'/home/romi/fawad/ORB_SLAM3/include/ImuTypes.h:204:23: warning: comparison of integer expressions of different signedness: \xe2\x80\x98int\xe2\x80\x99 and \xe2\x80\x98std::vector<ORB_SLAM3::IMU::Preintegrated::integrable>::size_type\xe2\x80\x99 {aka \xe2\x80\x98long unsigned int\xe2\x80\x99} [-Wsign-compare]\n'}
[9.030933] (orbslam3) StderrLine: {'line': b'  204 |         for(int i=0; i<mvMeasurements.size(); i++){\n'}
[9.031022] (orbslam3) StderrLine: {'line': b'      |                      ~^~~~~~~~~~~~~~~~~~~~~~\n'}
[9.040368] (-) TimerEvent: {}
[9.050139] (orbslam3) StderrLine: {'line': b'In file included from /home/romi/fawad/ORB_SLAM3/Thirdparty/g2o/g2o/types/types_six_dof_expmap.h:37,\n'}
[9.050340] (orbslam3) StderrLine: {'line': b'                 from /home/romi/fawad/ORB_SLAM3/include/Converter.h:26,\n'}
[9.050463] (orbslam3) StderrLine: {'line': b'                 from /home/romi/fawad/ORB_SLAM3/include/Frame.h:33,\n'}
[9.050553] (orbslam3) StderrLine: {'line': b'                 from /home/romi/fawad/ORB_SLAM3/include/KeyFrame.h:28,\n'}
[9.050633] (orbslam3) StderrLine: {'line': b'                 from /home/romi/fawad/ORB_SLAM3/include/MapPoint.h:23,\n'}
[9.050714] (orbslam3) StderrLine: {'line': b'                 from /home/romi/fawad/ORB_SLAM3/include/FrameDrawer.h:24,\n'}
[9.050799] (orbslam3) StderrLine: {'line': b'                 from /home/romi/fawad/ORB_SLAM3/include/Viewer.h:23,\n'}
[9.050882] (orbslam3) StderrLine: {'line': b'                 from /home/romi/fawad/ORB_SLAM3/include/Tracking.h:26,\n'}
[9.050968] (orbslam3) StderrLine: {'line': b'                 from /home/romi/fawad/ORB_SLAM3/include/System.h:31,\n'}
[9.051058] (orbslam3) StderrLine: {'line': b'                 from /home/romi/fawad/ros2_ws/src/ORB_SLAM3_ROS2/src/monocular/monocular-slam-node.hpp:9,\n'}
[9.051163] (orbslam3) StderrLine: {'line': b'                 from /home/romi/fawad/ros2_ws/src/ORB_SLAM3_ROS2/src/monocular/monocular-slam-node.cpp:1:\n'}
[9.051254] (orbslam3) StderrLine: {'line': b'/home/romi/fawad/ORB_SLAM3/Thirdparty/g2o/g2o/types/../core/base_vertex.h: At global scope:\n'}
[9.051344] (orbslam3) StderrLine: {'line': b'/home/romi/fawad/ORB_SLAM3/Thirdparty/g2o/g2o/types/../core/base_vertex.h:62:74: warning: \xe2\x80\x98Eigen::AlignedBit\xe2\x80\x99 is deprecated [-Wdeprecated-declarations]\n'}
[9.051432] (orbslam3) StderrLine: {'line': b'   62 |     typedef Eigen::Map<Matrix<double, D, D>, Matrix<double,D,D>::Flags & AlignedBit ? Aligned : Unaligned >  HessianBlockType;\n'}
[9.051520] (orbslam3) StderrLine: {'line': b'      |                                                                          ^~~~~~~~~~\n'}
[9.051596] (orbslam3) StderrLine: {'line': b'In file included from /usr/include/eigen3/Eigen/Core:161,\n'}
[9.051680] (orbslam3) StderrLine: {'line': b'                 from /usr/include/eigen3/Eigen/LU:11,\n'}
[9.051763] (orbslam3) StderrLine: {'line': b'                 from /home/romi/fawad/ORB_SLAM3/Thirdparty/Sophus/sophus/so2.hpp:12,\n'}
[9.051850] (orbslam3) StderrLine: {'line': b'                 from /home/romi/fawad/ORB_SLAM3/Thirdparty/Sophus/sophus/se2.hpp:7,\n'}
[9.051938] (orbslam3) StderrLine: {'line': b'                 from /home/romi/fawad/ORB_SLAM3/Thirdparty/Sophus/sophus/geometry.hpp:7,\n'}
[9.052029] (orbslam3) StderrLine: {'line': b'                 from /home/romi/fawad/ORB_SLAM3/include/Frame.h:28,\n'}
[9.052121] (orbslam3) StderrLine: {'line': b'                 from /home/romi/fawad/ORB_SLAM3/include/KeyFrame.h:28,\n'}
[9.052221] (orbslam3) StderrLine: {'line': b'                 from /home/romi/fawad/ORB_SLAM3/include/MapPoint.h:23,\n'}
[9.052305] (orbslam3) StderrLine: {'line': b'                 from /home/romi/fawad/ORB_SLAM3/include/FrameDrawer.h:24,\n'}
[9.052390] (orbslam3) StderrLine: {'line': b'                 from /home/romi/fawad/ORB_SLAM3/include/Viewer.h:23,\n'}
[9.052478] (orbslam3) StderrLine: {'line': b'                 from /home/romi/fawad/ORB_SLAM3/include/Tracking.h:26,\n'}
[9.052563] (orbslam3) StderrLine: {'line': b'                 from /home/romi/fawad/ORB_SLAM3/include/System.h:31,\n'}
[9.052651] (orbslam3) StderrLine: {'line': b'                 from /home/romi/fawad/ros2_ws/src/ORB_SLAM3_ROS2/src/monocular/monocular-slam-node.hpp:9,\n'}
[9.052740] (orbslam3) StderrLine: {'line': b'                 from /home/romi/fawad/ros2_ws/src/ORB_SLAM3_ROS2/src/monocular/monocular-slam-node.cpp:1:\n'}
[9.052841] (orbslam3) StderrLine: {'line': b'/usr/include/eigen3/Eigen/src/Core/util/Constants.h:167:37: note: declared here\n'}
[9.052933] (orbslam3) StderrLine: {'line': b'  167 | EIGEN_DEPRECATED const unsigned int AlignedBit = 0x80;\n'}
[9.053021] (orbslam3) StderrLine: {'line': b'      |                                     ^~~~~~~~~~\n'}
[9.069267] (orbslam3) StderrLine: {'line': b'In file included from /home/romi/fawad/ORB_SLAM3/Thirdparty/g2o/g2o/types/types_six_dof_expmap.h:38,\n'}
[9.069691] (orbslam3) StderrLine: {'line': b'                 from /home/romi/fawad/ORB_SLAM3/include/Converter.h:26,\n'}
[9.069791] (orbslam3) StderrLine: {'line': b'                 from /home/romi/fawad/ORB_SLAM3/include/Frame.h:33,\n'}
[9.069881] (orbslam3) StderrLine: {'line': b'                 from /home/romi/fawad/ORB_SLAM3/include/KeyFrame.h:28,\n'}
[9.069974] (orbslam3) StderrLine: {'line': b'                 from /home/romi/fawad/ORB_SLAM3/include/MapPoint.h:23,\n'}
[9.070050] (orbslam3) StderrLine: {'line': b'                 from /home/romi/fawad/ORB_SLAM3/include/FrameDrawer.h:24,\n'}
[9.070148] (orbslam3) StderrLine: {'line': b'                 from /home/romi/fawad/ORB_SLAM3/include/Viewer.h:23,\n'}
[9.070229] (orbslam3) StderrLine: {'line': b'                 from /home/romi/fawad/ORB_SLAM3/include/Tracking.h:26,\n'}
[9.070319] (orbslam3) StderrLine: {'line': b'                 from /home/romi/fawad/ORB_SLAM3/include/System.h:31,\n'}
[9.070400] (orbslam3) StderrLine: {'line': b'                 from /home/romi/fawad/ros2_ws/src/ORB_SLAM3_ROS2/src/rgbd/rgbd-slam-node.hpp:18,\n'}
[9.070488] (orbslam3) StderrLine: {'line': b'                 from /home/romi/fawad/ros2_ws/src/ORB_SLAM3_ROS2/src/rgbd/rgbd.cpp:7:\n'}
[9.070572] (orbslam3) StderrLine: {'line': b'/home/romi/fawad/ORB_SLAM3/Thirdparty/g2o/g2o/types/../core/base_binary_edge.h: In instantiation of \xe2\x80\x98class g2o::BaseBinaryEdge<3, Eigen::Matrix<double, 3, 1>, g2o::VertexSBAPointXYZ, g2o::VertexSE3Expmap>\xe2\x80\x99:\n'}
[9.070660] (orbslam3) StderrLine: {'line': b'/home/romi/fawad/ORB_SLAM3/Thirdparty/g2o/g2o/types/types_six_dof_expmap.h:146:41:   required from here\n'}
[9.070747] (orbslam3) StderrLine: {'line': b'/home/romi/fawad/ORB_SLAM3/Thirdparty/g2o/g2o/types/../core/base_binary_edge.h:59:80: warning: \xe2\x80\x98Eigen::AlignedBit\xe2\x80\x99 is deprecated [-Wdeprecated-declarations]\n'}
[9.070828] (orbslam3) StderrLine: {'line': b'   59 |       typedef Eigen::Map<Matrix<double, Di, Dj>, Matrix<double, Di, Dj>::Flags & AlignedBit ? Aligned : Unaligned > HessianBlockType;\n'}
[9.070902] (orbslam3) StderrLine: {'line': b'      |                                                                          ~~~~~~^~~~~~~~~~~~\n'}
[9.070992] (orbslam3) StderrLine: {'line': b'In file included from /usr/include/eigen3/Eigen/Core:161,\n'}
[9.071069] (orbslam3) StderrLine: {'line': b'                 from /usr/include/eigen3/Eigen/LU:11,\n'}
[9.071178] (orbslam3) StderrLine: {'line': b'                 from /home/romi/fawad/ORB_SLAM3/Thirdparty/Sophus/sophus/so2.hpp:12,\n'}
[9.071270] (orbslam3) StderrLine: {'line': b'                 from /home/romi/fawad/ORB_SLAM3/Thirdparty/Sophus/sophus/se2.hpp:7,\n'}
[9.071359] (orbslam3) StderrLine: {'line': b'                 from /home/romi/fawad/ORB_SLAM3/Thirdparty/Sophus/sophus/geometry.hpp:7,\n'}
[9.071446] (orbslam3) StderrLine: {'line': b'                 from /home/romi/fawad/ORB_SLAM3/include/Frame.h:28,\n'}
[9.071535] (orbslam3) StderrLine: {'line': b'                 from /home/romi/fawad/ORB_SLAM3/include/KeyFrame.h:28,\n'}
[9.071621] (orbslam3) StderrLine: {'line': b'                 from /home/romi/fawad/ORB_SLAM3/include/MapPoint.h:23,\n'}
[9.071703] (orbslam3) StderrLine: {'line': b'                 from /home/romi/fawad/ORB_SLAM3/include/FrameDrawer.h:24,\n'}
[9.071787] (orbslam3) StderrLine: {'line': b'                 from /home/romi/fawad/ORB_SLAM3/include/Viewer.h:23,\n'}
[9.071870] (orbslam3) StderrLine: {'line': b'                 from /home/romi/fawad/ORB_SLAM3/include/Tracking.h:26,\n'}
[9.071970] (orbslam3) StderrLine: {'line': b'                 from /home/romi/fawad/ORB_SLAM3/include/System.h:31,\n'}
[9.072055] (orbslam3) StderrLine: {'line': b'                 from /home/romi/fawad/ros2_ws/src/ORB_SLAM3_ROS2/src/rgbd/rgbd-slam-node.hpp:18,\n'}
[9.072991] (orbslam3) StderrLine: {'line': b'                 from /home/romi/fawad/ros2_ws/src/ORB_SLAM3_ROS2/src/rgbd/rgbd.cpp:7:\n'}
[9.073131] (orbslam3) StderrLine: {'line': b'/usr/include/eigen3/Eigen/src/Core/util/Constants.h:167:37: note: declared here\n'}
[9.073230] (orbslam3) StderrLine: {'line': b'  167 | EIGEN_DEPRECATED const unsigned int AlignedBit = 0x80;\n'}
[9.073321] (orbslam3) StderrLine: {'line': b'      |                                     ^~~~~~~~~~\n'}
[9.073413] (orbslam3) StderrLine: {'line': b'In file included from /home/romi/fawad/ORB_SLAM3/Thirdparty/g2o/g2o/types/types_six_dof_expmap.h:38,\n'}
[9.073494] (orbslam3) StderrLine: {'line': b'                 from /home/romi/fawad/ORB_SLAM3/include/Converter.h:26,\n'}
[9.073571] (orbslam3) StderrLine: {'line': b'                 from /home/romi/fawad/ORB_SLAM3/include/Frame.h:33,\n'}
[9.073657] (orbslam3) StderrLine: {'line': b'                 from /home/romi/fawad/ORB_SLAM3/include/KeyFrame.h:28,\n'}
[9.073745] (orbslam3) StderrLine: {'line': b'                 from /home/romi/fawad/ORB_SLAM3/include/MapPoint.h:23,\n'}
[9.073834] (orbslam3) StderrLine: {'line': b'                 from /home/romi/fawad/ORB_SLAM3/include/FrameDrawer.h:24,\n'}
[9.073924] (orbslam3) StderrLine: {'line': b'                 from /home/romi/fawad/ORB_SLAM3/include/Viewer.h:23,\n'}
[9.074006] (orbslam3) StderrLine: {'line': b'                 from /home/romi/fawad/ORB_SLAM3/include/Tracking.h:26,\n'}
[9.074095] (orbslam3) StderrLine: {'line': b'                 from /home/romi/fawad/ORB_SLAM3/include/System.h:31,\n'}
[9.074205] (orbslam3) StderrLine: {'line': b'                 from /home/romi/fawad/ros2_ws/src/ORB_SLAM3_ROS2/src/rgbd/rgbd-slam-node.hpp:18,\n'}
[9.074299] (orbslam3) StderrLine: {'line': b'                 from /home/romi/fawad/ros2_ws/src/ORB_SLAM3_ROS2/src/rgbd/rgbd.cpp:7:\n'}
[9.074386] (orbslam3) StderrLine: {'line': b'/home/romi/fawad/ORB_SLAM3/Thirdparty/g2o/g2o/types/../core/base_binary_edge.h:60:80: warning: \xe2\x80\x98Eigen::AlignedBit\xe2\x80\x99 is deprecated [-Wdeprecated-declarations]\n'}
[9.074479] (orbslam3) StderrLine: {'line': b'   60 |       typedef Eigen::Map<Matrix<double, Dj, Di>, Matrix<double, Dj, Di>::Flags & AlignedBit ? Aligned : Unaligned > HessianBlockTransposedType;\n'}
[9.074563] (orbslam3) StderrLine: {'line': b'      |                                                                          ~~~~~~^~~~~~~~~~~~\n'}
[9.074651] (orbslam3) StderrLine: {'line': b'In file included from /usr/include/eigen3/Eigen/Core:161,\n'}
[9.074732] (orbslam3) StderrLine: {'line': b'                 from /usr/include/eigen3/Eigen/LU:11,\n'}
[9.074820] (orbslam3) StderrLine: {'line': b'                 from /home/romi/fawad/ORB_SLAM3/Thirdparty/Sophus/sophus/so2.hpp:12,\n'}
[9.074911] (orbslam3) StderrLine: {'line': b'                 from /home/romi/fawad/ORB_SLAM3/Thirdparty/Sophus/sophus/se2.hpp:7,\n'}
[9.074997] (orbslam3) StderrLine: {'line': b'                 from /home/romi/fawad/ORB_SLAM3/Thirdparty/Sophus/sophus/geometry.hpp:7,\n'}
[9.075084] (orbslam3) StderrLine: {'line': b'                 from /home/romi/fawad/ORB_SLAM3/include/Frame.h:28,\n'}
[9.075185] (orbslam3) StderrLine: {'line': b'                 from /home/romi/fawad/ORB_SLAM3/include/KeyFrame.h:28,\n'}
[9.075277] (orbslam3) StderrLine: {'line': b'                 from /home/romi/fawad/ORB_SLAM3/include/MapPoint.h:23,\n'}
[9.075374] (orbslam3) StderrLine: {'line': b'                 from /home/romi/fawad/ORB_SLAM3/include/FrameDrawer.h:24,\n'}
[9.075461] (orbslam3) StderrLine: {'line': b'                 from /home/romi/fawad/ORB_SLAM3/include/Viewer.h:23,\n'}
[9.075536] (orbslam3) StderrLine: {'line': b'                 from /home/romi/fawad/ORB_SLAM3/include/Tracking.h:26,\n'}
[9.075630] (orbslam3) StderrLine: {'line': b'                 from /home/romi/fawad/ORB_SLAM3/include/System.h:31,\n'}
[9.075719] (orbslam3) StderrLine: {'line': b'                 from /home/romi/fawad/ros2_ws/src/ORB_SLAM3_ROS2/src/rgbd/rgbd-slam-node.hpp:18,\n'}
[9.075808] (orbslam3) StderrLine: {'line': b'                 from /home/romi/fawad/ros2_ws/src/ORB_SLAM3_ROS2/src/rgbd/rgbd.cpp:7:\n'}
[9.075900] (orbslam3) StderrLine: {'line': b'/usr/include/eigen3/Eigen/src/Core/util/Constants.h:167:37: note: declared here\n'}
[9.075990] (orbslam3) StderrLine: {'line': b'  167 | EIGEN_DEPRECATED const unsigned int AlignedBit = 0x80;\n'}
[9.076079] (orbslam3) StderrLine: {'line': b'      |                                     ^~~~~~~~~~\n'}
[9.088316] (orbslam3) StderrLine: {'line': b'In file included from /home/romi/fawad/ORB_SLAM3/Thirdparty/g2o/g2o/types/types_six_dof_expmap.h:38,\n'}
[9.088595] (orbslam3) StderrLine: {'line': b'                 from /home/romi/fawad/ORB_SLAM3/include/Converter.h:26,\n'}
[9.088693] (orbslam3) StderrLine: {'line': b'                 from /home/romi/fawad/ORB_SLAM3/include/Frame.h:33,\n'}
[9.088786] (orbslam3) StderrLine: {'line': b'                 from /home/romi/fawad/ORB_SLAM3/include/KeyFrame.h:28,\n'}
[9.088893] (orbslam3) StderrLine: {'line': b'                 from /home/romi/fawad/ORB_SLAM3/include/MapPoint.h:23,\n'}
[9.089187] (orbslam3) StderrLine: {'line': b'                 from /home/romi/fawad/ORB_SLAM3/include/FrameDrawer.h:24,\n'}
[9.089281] (orbslam3) StderrLine: {'line': b'                 from /home/romi/fawad/ORB_SLAM3/include/Viewer.h:23,\n'}
[9.089371] (orbslam3) StderrLine: {'line': b'                 from /home/romi/fawad/ORB_SLAM3/include/Tracking.h:26,\n'}
[9.089460] (orbslam3) StderrLine: {'line': b'                 from /home/romi/fawad/ORB_SLAM3/include/System.h:31,\n'}
[9.089548] (orbslam3) StderrLine: {'line': b'                 from /home/romi/fawad/ros2_ws/src/ORB_SLAM3_ROS2/src/monocular/monocular-slam-node.hpp:9,\n'}
[9.089629] (orbslam3) StderrLine: {'line': b'                 from /home/romi/fawad/ros2_ws/src/ORB_SLAM3_ROS2/src/monocular/monocular-slam-node.cpp:1:\n'}
[9.089703] (orbslam3) StderrLine: {'line': b'/home/romi/fawad/ORB_SLAM3/Thirdparty/g2o/g2o/types/../core/base_binary_edge.h:59:82: warning: \xe2\x80\x98Eigen::AlignedBit\xe2\x80\x99 is deprecated [-Wdeprecated-declarations]\n'}
[9.089786] (orbslam3) StderrLine: {'line': b'   59 |       typedef Eigen::Map<Matrix<double, Di, Dj>, Matrix<double, Di, Dj>::Flags & AlignedBit ? Aligned : Unaligned > HessianBlockType;\n'}
[9.089874] (orbslam3) StderrLine: {'line': b'      |                                                                                  ^~~~~~~~~~\n'}
[9.089961] (orbslam3) StderrLine: {'line': b'In file included from /usr/include/eigen3/Eigen/Core:161,\n'}
[9.090044] (orbslam3) StderrLine: {'line': b'                 from /usr/include/eigen3/Eigen/LU:11,\n'}
[9.090142] (orbslam3) StderrLine: {'line': b'                 from /home/romi/fawad/ORB_SLAM3/Thirdparty/Sophus/sophus/so2.hpp:12,\n'}
[9.090236] (orbslam3) StderrLine: {'line': b'                 from /home/romi/fawad/ORB_SLAM3/Thirdparty/Sophus/sophus/se2.hpp:7,\n'}
[9.090322] (orbslam3) StderrLine: {'line': b'                 from /home/romi/fawad/ORB_SLAM3/Thirdparty/Sophus/sophus/geometry.hpp:7,\n'}
[9.090404] (orbslam3) StderrLine: {'line': b'                 from /home/romi/fawad/ORB_SLAM3/include/Frame.h:28,\n'}
[9.090488] (orbslam3) StderrLine: {'line': b'                 from /home/romi/fawad/ORB_SLAM3/include/KeyFrame.h:28,\n'}
[9.090566] (orbslam3) StderrLine: {'line': b'                 from /home/romi/fawad/ORB_SLAM3/include/MapPoint.h:23,\n'}
[9.090648] (orbslam3) StderrLine: {'line': b'                 from /home/romi/fawad/ORB_SLAM3/include/FrameDrawer.h:24,\n'}
[9.090743] (orbslam3) StderrLine: {'line': b'                 from /home/romi/fawad/ORB_SLAM3/include/Viewer.h:23,\n'}
[9.090834] (orbslam3) StderrLine: {'line': b'                 from /home/romi/fawad/ORB_SLAM3/include/Tracking.h:26,\n'}
[9.090923] (orbslam3) StderrLine: {'line': b'                 from /home/romi/fawad/ORB_SLAM3/include/System.h:31,\n'}
[9.091024] (orbslam3) StderrLine: {'line': b'                 from /home/romi/fawad/ros2_ws/src/ORB_SLAM3_ROS2/src/monocular/monocular-slam-node.hpp:9,\n'}
[9.091121] (orbslam3) StderrLine: {'line': b'                 from /home/romi/fawad/ros2_ws/src/ORB_SLAM3_ROS2/src/monocular/monocular-slam-node.cpp:1:\n'}
[9.091228] (orbslam3) StderrLine: {'line': b'/usr/include/eigen3/Eigen/src/Core/util/Constants.h:167:37: note: declared here\n'}
[9.091319] (orbslam3) StderrLine: {'line': b'  167 | EIGEN_DEPRECATED const unsigned int AlignedBit = 0x80;\n'}
[9.091397] (orbslam3) StderrLine: {'line': b'      |                                     ^~~~~~~~~~\n'}
[9.091482] (orbslam3) StderrLine: {'line': b'In file included from /home/romi/fawad/ORB_SLAM3/Thirdparty/g2o/g2o/types/types_six_dof_expmap.h:38,\n'}
[9.091568] (orbslam3) StderrLine: {'line': b'                 from /home/romi/fawad/ORB_SLAM3/include/Converter.h:26,\n'}
[9.091658] (orbslam3) StderrLine: {'line': b'                 from /home/romi/fawad/ORB_SLAM3/include/Frame.h:33,\n'}
[9.091748] (orbslam3) StderrLine: {'line': b'                 from /home/romi/fawad/ORB_SLAM3/include/KeyFrame.h:28,\n'}
[9.091834] (orbslam3) StderrLine: {'line': b'                 from /home/romi/fawad/ORB_SLAM3/include/MapPoint.h:23,\n'}
[9.091922] (orbslam3) StderrLine: {'line': b'                 from /home/romi/fawad/ORB_SLAM3/include/FrameDrawer.h:24,\n'}
[9.092009] (orbslam3) StderrLine: {'line': b'                 from /home/romi/fawad/ORB_SLAM3/include/Viewer.h:23,\n'}
[9.092095] (orbslam3) StderrLine: {'line': b'                 from /home/romi/fawad/ORB_SLAM3/include/Tracking.h:26,\n'}
[9.092275] (orbslam3) StderrLine: {'line': b'                 from /home/romi/fawad/ORB_SLAM3/include/System.h:31,\n'}
[9.092367] (orbslam3) StderrLine: {'line': b'                 from /home/romi/fawad/ros2_ws/src/ORB_SLAM3_ROS2/src/monocular/monocular-slam-node.hpp:9,\n'}
[9.092458] (orbslam3) StderrLine: {'line': b'                 from /home/romi/fawad/ros2_ws/src/ORB_SLAM3_ROS2/src/monocular/monocular-slam-node.cpp:1:\n'}
[9.092556] (orbslam3) StderrLine: {'line': b'/home/romi/fawad/ORB_SLAM3/Thirdparty/g2o/g2o/types/../core/base_binary_edge.h:60:82: warning: \xe2\x80\x98Eigen::AlignedBit\xe2\x80\x99 is deprecated [-Wdeprecated-declarations]\n'}
[9.092645] (orbslam3) StderrLine: {'line': b'   60 |       typedef Eigen::Map<Matrix<double, Dj, Di>, Matrix<double, Dj, Di>::Flags & AlignedBit ? Aligned : Unaligned > HessianBlockTransposedType;\n'}
[9.092735] (orbslam3) StderrLine: {'line': b'      |                                                                                  ^~~~~~~~~~\n'}
[9.092825] (orbslam3) StderrLine: {'line': b'In file included from /usr/include/eigen3/Eigen/Core:161,\n'}
[9.092912] (orbslam3) StderrLine: {'line': b'                 from /usr/include/eigen3/Eigen/LU:11,\n'}
[9.093015] (orbslam3) StderrLine: {'line': b'                 from /home/romi/fawad/ORB_SLAM3/Thirdparty/Sophus/sophus/so2.hpp:12,\n'}
[9.093112] (orbslam3) StderrLine: {'line': b'                 from /home/romi/fawad/ORB_SLAM3/Thirdparty/Sophus/sophus/se2.hpp:7,\n'}
[9.093214] (orbslam3) StderrLine: {'line': b'                 from /home/romi/fawad/ORB_SLAM3/Thirdparty/Sophus/sophus/geometry.hpp:7,\n'}
[9.093305] (orbslam3) StderrLine: {'line': b'                 from /home/romi/fawad/ORB_SLAM3/include/Frame.h:28,\n'}
[9.093393] (orbslam3) StderrLine: {'line': b'                 from /home/romi/fawad/ORB_SLAM3/include/KeyFrame.h:28,\n'}
[9.093494] (orbslam3) StderrLine: {'line': b'                 from /home/romi/fawad/ORB_SLAM3/include/MapPoint.h:23,\n'}
[9.093584] (orbslam3) StderrLine: {'line': b'                 from /home/romi/fawad/ORB_SLAM3/include/FrameDrawer.h:24,\n'}
[9.093673] (orbslam3) StderrLine: {'line': b'                 from /home/romi/fawad/ORB_SLAM3/include/Viewer.h:23,\n'}
[9.093764] (orbslam3) StderrLine: {'line': b'                 from /home/romi/fawad/ORB_SLAM3/include/Tracking.h:26,\n'}
[9.093861] (orbslam3) StderrLine: {'line': b'                 from /home/romi/fawad/ORB_SLAM3/include/System.h:31,\n'}
[9.093946] (orbslam3) StderrLine: {'line': b'                 from /home/romi/fawad/ros2_ws/src/ORB_SLAM3_ROS2/src/monocular/monocular-slam-node.hpp:9,\n'}
[9.094028] (orbslam3) StderrLine: {'line': b'                 from /home/romi/fawad/ros2_ws/src/ORB_SLAM3_ROS2/src/monocular/monocular-slam-node.cpp:1:\n'}
[9.094126] (orbslam3) StderrLine: {'line': b'/usr/include/eigen3/Eigen/src/Core/util/Constants.h:167:37: note: declared here\n'}
[9.094229] (orbslam3) StderrLine: {'line': b'  167 | EIGEN_DEPRECATED const unsigned int AlignedBit = 0x80;\n'}
[9.094318] (orbslam3) StderrLine: {'line': b'      |                                     ^~~~~~~~~~\n'}
[9.121598] (orbslam3) StderrLine: {'line': b'In file included from /home/romi/fawad/ORB_SLAM3/Thirdparty/g2o/g2o/types/types_six_dof_expmap.h:37,\n'}
[9.121875] (orbslam3) StderrLine: {'line': b'                 from /home/romi/fawad/ORB_SLAM3/include/Converter.h:26,\n'}
[9.121979] (orbslam3) StderrLine: {'line': b'                 from /home/romi/fawad/ORB_SLAM3/include/Frame.h:33,\n'}
[9.122071] (orbslam3) StderrLine: {'line': b'                 from /home/romi/fawad/ORB_SLAM3/include/KeyFrame.h:28,\n'}
[9.122181] (orbslam3) StderrLine: {'line': b'                 from /home/romi/fawad/ORB_SLAM3/include/MapPoint.h:23,\n'}
[9.122272] (orbslam3) StderrLine: {'line': b'                 from /home/romi/fawad/ORB_SLAM3/include/FrameDrawer.h:24,\n'}
[9.122356] (orbslam3) StderrLine: {'line': b'                 from /home/romi/fawad/ORB_SLAM3/include/Viewer.h:23,\n'}
[9.122438] (orbslam3) StderrLine: {'line': b'                 from /home/romi/fawad/ORB_SLAM3/include/Tracking.h:26,\n'}
[9.122529] (orbslam3) StderrLine: {'line': b'                 from /home/romi/fawad/ORB_SLAM3/include/System.h:31,\n'}
[9.122614] (orbslam3) StderrLine: {'line': b'                 from /home/romi/fawad/ros2_ws/src/ORB_SLAM3_ROS2/src/stereo/stereo-slam-node.hpp:13,\n'}
[9.122705] (orbslam3) StderrLine: {'line': b'                 from /home/romi/fawad/ros2_ws/src/ORB_SLAM3_ROS2/src/stereo/stereo.cpp:7:\n'}
[9.122792] (orbslam3) StderrLine: {'line': b'/home/romi/fawad/ORB_SLAM3/Thirdparty/g2o/g2o/types/../core/base_vertex.h: At global scope:\n'}
[9.122885] (orbslam3) StderrLine: {'line': b'/home/romi/fawad/ORB_SLAM3/Thirdparty/g2o/g2o/types/../core/base_vertex.h:62:74: warning: \xe2\x80\x98Eigen::AlignedBit\xe2\x80\x99 is deprecated [-Wdeprecated-declarations]\n'}
[9.122968] (orbslam3) StderrLine: {'line': b'   62 |     typedef Eigen::Map<Matrix<double, D, D>, Matrix<double,D,D>::Flags & AlignedBit ? Aligned : Unaligned >  HessianBlockType;\n'}
[9.123048] (orbslam3) StderrLine: {'line': b'      |                                                                          ^~~~~~~~~~\n'}
[9.123150] (orbslam3) StderrLine: {'line': b'In file included from /usr/include/eigen3/Eigen/Core:161,\n'}
[9.123230] (orbslam3) StderrLine: {'line': b'                 from /usr/include/eigen3/Eigen/LU:11,\n'}
[9.123312] (orbslam3) StderrLine: {'line': b'                 from /home/romi/fawad/ORB_SLAM3/Thirdparty/Sophus/sophus/so2.hpp:12,\n'}
[9.123391] (orbslam3) StderrLine: {'line': b'                 from /home/romi/fawad/ORB_SLAM3/Thirdparty/Sophus/sophus/se2.hpp:7,\n'}
[9.123479] (orbslam3) StderrLine: {'line': b'                 from /home/romi/fawad/ORB_SLAM3/Thirdparty/Sophus/sophus/geometry.hpp:7,\n'}
[9.123563] (orbslam3) StderrLine: {'line': b'                 from /home/romi/fawad/ORB_SLAM3/include/Frame.h:28,\n'}
[9.123652] (orbslam3) StderrLine: {'line': b'                 from /home/romi/fawad/ORB_SLAM3/include/KeyFrame.h:28,\n'}
[9.123745] (orbslam3) StderrLine: {'line': b'                 from /home/romi/fawad/ORB_SLAM3/include/MapPoint.h:23,\n'}
[9.123841] (orbslam3) StderrLine: {'line': b'                 from /home/romi/fawad/ORB_SLAM3/include/FrameDrawer.h:24,\n'}
[9.123934] (orbslam3) StderrLine: {'line': b'                 from /home/romi/fawad/ORB_SLAM3/include/Viewer.h:23,\n'}
[9.124132] (orbslam3) StderrLine: {'line': b'                 from /home/romi/fawad/ORB_SLAM3/include/Tracking.h:26,\n'}
[9.124224] (orbslam3) StderrLine: {'line': b'                 from /home/romi/fawad/ORB_SLAM3/include/System.h:31,\n'}
[9.124312] (orbslam3) StderrLine: {'line': b'                 from /home/romi/fawad/ros2_ws/src/ORB_SLAM3_ROS2/src/stereo/stereo-slam-node.hpp:13,\n'}
[9.124410] (orbslam3) StderrLine: {'line': b'                 from /home/romi/fawad/ros2_ws/src/ORB_SLAM3_ROS2/src/stereo/stereo.cpp:7:\n'}
[9.124496] (orbslam3) StderrLine: {'line': b'/usr/include/eigen3/Eigen/src/Core/util/Constants.h:167:37: note: declared here\n'}
[9.124583] (orbslam3) StderrLine: {'line': b'  167 | EIGEN_DEPRECATED const unsigned int AlignedBit = 0x80;\n'}
[9.124673] (orbslam3) StderrLine: {'line': b'      |                                     ^~~~~~~~~~\n'}
[9.124758] (orbslam3) StderrLine: {'line': b'In file included from /home/romi/fawad/ORB_SLAM3/include/Frame.h:30,\n'}
[9.124834] (orbslam3) StderrLine: {'line': b'                 from /home/romi/fawad/ORB_SLAM3/include/KeyFrame.h:28,\n'}
[9.124915] (orbslam3) StderrLine: {'line': b'                 from /home/romi/fawad/ORB_SLAM3/include/MapPoint.h:23,\n'}
[9.125000] (orbslam3) StderrLine: {'line': b'                 from /home/romi/fawad/ORB_SLAM3/include/FrameDrawer.h:24,\n'}
[9.125086] (orbslam3) StderrLine: {'line': b'                 from /home/romi/fawad/ORB_SLAM3/include/Viewer.h:23,\n'}
[9.125189] (orbslam3) StderrLine: {'line': b'                 from /home/romi/fawad/ORB_SLAM3/include/Tracking.h:26,\n'}
[9.125277] (orbslam3) StderrLine: {'line': b'                 from /home/romi/fawad/ORB_SLAM3/include/System.h:31,\n'}
[9.125364] (orbslam3) StderrLine: {'line': b'                 from /home/romi/fawad/ros2_ws/src/ORB_SLAM3_ROS2/src/rgbd/rgbd-slam-node.hpp:18,\n'}
[9.125453] (orbslam3) StderrLine: {'line': b'                 from /home/romi/fawad/ros2_ws/src/ORB_SLAM3_ROS2/src/rgbd/rgbd-slam-node.cpp:1:\n'}
[9.125541] (orbslam3) StderrLine: {'line': b'/home/romi/fawad/ORB_SLAM3/include/ImuTypes.h: In member function \xe2\x80\x98void ORB_SLAM3::IMU::Preintegrated::printMeasurements() const\xe2\x80\x99:\n'}
[9.125637] (orbslam3) StderrLine: {'line': b'/home/romi/fawad/ORB_SLAM3/include/ImuTypes.h:204:23: warning: comparison of integer expressions of different signedness: \xe2\x80\x98int\xe2\x80\x99 and \xe2\x80\x98std::vector<ORB_SLAM3::IMU::Preintegrated::integrable>::size_type\xe2\x80\x99 {aka \xe2\x80\x98long unsigned int\xe2\x80\x99} [-Wsign-compare]\n'}
[9.125731] (orbslam3) StderrLine: {'line': b'  204 |         for(int i=0; i<mvMeasurements.size(); i++){\n'}
[9.125817] (orbslam3) StderrLine: {'line': b'      |                      ~^~~~~~~~~~~~~~~~~~~~~~\n'}
[9.140477] (-) TimerEvent: {}
[9.146508] (orbslam3) StderrLine: {'line': b'In file included from /home/romi/fawad/ORB_SLAM3/Thirdparty/g2o/g2o/types/types_six_dof_expmap.h:38,\n'}
[9.146953] (orbslam3) StderrLine: {'line': b'                 from /home/romi/fawad/ORB_SLAM3/include/Converter.h:26,\n'}
[9.147072] (orbslam3) StderrLine: {'line': b'                 from /home/romi/fawad/ORB_SLAM3/include/Frame.h:33,\n'}
[9.147187] (orbslam3) StderrLine: {'line': b'                 from /home/romi/fawad/ORB_SLAM3/include/KeyFrame.h:28,\n'}
[9.147270] (orbslam3) StderrLine: {'line': b'                 from /home/romi/fawad/ORB_SLAM3/include/MapPoint.h:23,\n'}
[9.147344] (orbslam3) StderrLine: {'line': b'                 from /home/romi/fawad/ORB_SLAM3/include/FrameDrawer.h:24,\n'}
[9.147427] (orbslam3) StderrLine: {'line': b'                 from /home/romi/fawad/ORB_SLAM3/include/Viewer.h:23,\n'}
[9.147502] (orbslam3) StderrLine: {'line': b'                 from /home/romi/fawad/ORB_SLAM3/include/Tracking.h:26,\n'}
[9.147591] (orbslam3) StderrLine: {'line': b'                 from /home/romi/fawad/ORB_SLAM3/include/System.h:31,\n'}
[9.147681] (orbslam3) StderrLine: {'line': b'                 from /home/romi/fawad/ros2_ws/src/ORB_SLAM3_ROS2/src/stereo/stereo-slam-node.hpp:13,\n'}
[9.147818] (orbslam3) StderrLine: {'line': b'                 from /home/romi/fawad/ros2_ws/src/ORB_SLAM3_ROS2/src/stereo/stereo.cpp:7:\n'}
[9.147910] (orbslam3) StderrLine: {'line': b'/home/romi/fawad/ORB_SLAM3/Thirdparty/g2o/g2o/types/../core/base_binary_edge.h:59:82: warning: \xe2\x80\x98Eigen::AlignedBit\xe2\x80\x99 is deprecated [-Wdeprecated-declarations]\n'}
[9.148005] (orbslam3) StderrLine: {'line': b'   59 |       typedef Eigen::Map<Matrix<double, Di, Dj>, Matrix<double, Di, Dj>::Flags & AlignedBit ? Aligned : Unaligned > HessianBlockType;\n'}
[9.148108] (orbslam3) StderrLine: {'line': b'      |                                                                                  ^~~~~~~~~~\n'}
[9.148207] (orbslam3) StderrLine: {'line': b'In file included from /usr/include/eigen3/Eigen/Core:161,\n'}
[9.148293] (orbslam3) StderrLine: {'line': b'                 from /usr/include/eigen3/Eigen/LU:11,\n'}
[9.148389] (orbslam3) StderrLine: {'line': b'                 from /home/romi/fawad/ORB_SLAM3/Thirdparty/Sophus/sophus/so2.hpp:12,\n'}
[9.148477] (orbslam3) StderrLine: {'line': b'                 from /home/romi/fawad/ORB_SLAM3/Thirdparty/Sophus/sophus/se2.hpp:7,\n'}
[9.148566] (orbslam3) StderrLine: {'line': b'                 from /home/romi/fawad/ORB_SLAM3/Thirdparty/Sophus/sophus/geometry.hpp:7,\n'}
[9.148652] (orbslam3) StderrLine: {'line': b'                 from /home/romi/fawad/ORB_SLAM3/include/Frame.h:28,\n'}
[9.148740] (orbslam3) StderrLine: {'line': b'                 from /home/romi/fawad/ORB_SLAM3/include/KeyFrame.h:28,\n'}
[9.148827] (orbslam3) StderrLine: {'line': b'                 from /home/romi/fawad/ORB_SLAM3/include/MapPoint.h:23,\n'}
[9.148917] (orbslam3) StderrLine: {'line': b'                 from /home/romi/fawad/ORB_SLAM3/include/FrameDrawer.h:24,\n'}
[9.149005] (orbslam3) StderrLine: {'line': b'                 from /home/romi/fawad/ORB_SLAM3/include/Viewer.h:23,\n'}
[9.149092] (orbslam3) StderrLine: {'line': b'                 from /home/romi/fawad/ORB_SLAM3/include/Tracking.h:26,\n'}
[9.149199] (orbslam3) StderrLine: {'line': b'                 from /home/romi/fawad/ORB_SLAM3/include/System.h:31,\n'}
[9.149291] (orbslam3) StderrLine: {'line': b'                 from /home/romi/fawad/ros2_ws/src/ORB_SLAM3_ROS2/src/stereo/stereo-slam-node.hpp:13,\n'}
[9.149371] (orbslam3) StderrLine: {'line': b'                 from /home/romi/fawad/ros2_ws/src/ORB_SLAM3_ROS2/src/stereo/stereo.cpp:7:\n'}
[9.149441] (orbslam3) StderrLine: {'line': b'/usr/include/eigen3/Eigen/src/Core/util/Constants.h:167:37: note: declared here\n'}
[9.149523] (orbslam3) StderrLine: {'line': b'  167 | EIGEN_DEPRECATED const unsigned int AlignedBit = 0x80;\n'}
[9.149622] (orbslam3) StderrLine: {'line': b'      |                                     ^~~~~~~~~~\n'}
[9.151639] (orbslam3) StderrLine: {'line': b'In file included from /home/romi/fawad/ORB_SLAM3/Thirdparty/g2o/g2o/types/types_six_dof_expmap.h:38,\n'}
[9.151986] (orbslam3) StderrLine: {'line': b'                 from /home/romi/fawad/ORB_SLAM3/include/Converter.h:26,\n'}
[9.152111] (orbslam3) StderrLine: {'line': b'                 from /home/romi/fawad/ORB_SLAM3/include/Frame.h:33,\n'}
[9.152217] (orbslam3) StderrLine: {'line': b'                 from /home/romi/fawad/ORB_SLAM3/include/KeyFrame.h:28,\n'}
[9.152306] (orbslam3) StderrLine: {'line': b'                 from /home/romi/fawad/ORB_SLAM3/include/MapPoint.h:23,\n'}
[9.152444] (orbslam3) StderrLine: {'line': b'                 from /home/romi/fawad/ORB_SLAM3/include/FrameDrawer.h:24,\n'}
[9.152537] (orbslam3) StderrLine: {'line': b'                 from /home/romi/fawad/ORB_SLAM3/include/Viewer.h:23,\n'}
[9.152631] (orbslam3) StderrLine: {'line': b'                 from /home/romi/fawad/ORB_SLAM3/include/Tracking.h:26,\n'}
[9.152722] (orbslam3) StderrLine: {'line': b'                 from /home/romi/fawad/ORB_SLAM3/include/System.h:31,\n'}
[9.152813] (orbslam3) StderrLine: {'line': b'                 from /home/romi/fawad/ros2_ws/src/ORB_SLAM3_ROS2/src/stereo/stereo-slam-node.hpp:13,\n'}
[9.152904] (orbslam3) StderrLine: {'line': b'                 from /home/romi/fawad/ros2_ws/src/ORB_SLAM3_ROS2/src/stereo/stereo.cpp:7:\n'}
[9.153010] (orbslam3) StderrLine: {'line': b'/home/romi/fawad/ORB_SLAM3/Thirdparty/g2o/g2o/types/../core/base_binary_edge.h:60:82: warning: \xe2\x80\x98Eigen::AlignedBit\xe2\x80\x99 is deprecated [-Wdeprecated-declarations]\n'}
[9.153113] (orbslam3) StderrLine: {'line': b'   60 |       typedef Eigen::Map<Matrix<double, Dj, Di>, Matrix<double, Dj, Di>::Flags & AlignedBit ? Aligned : Unaligned > HessianBlockTransposedType;\n'}
[9.153227] (orbslam3) StderrLine: {'line': b'      |                                                                                  ^~~~~~~~~~\n'}
[9.153316] (orbslam3) StderrLine: {'line': b'In file included from /usr/include/eigen3/Eigen/Core:161,\n'}
[9.153394] (orbslam3) StderrLine: {'line': b'                 from /usr/include/eigen3/Eigen/LU:11,\n'}
[9.153474] (orbslam3) StderrLine: {'line': b'                 from /home/romi/fawad/ORB_SLAM3/Thirdparty/Sophus/sophus/so2.hpp:12,\n'}
[9.153560] (orbslam3) StderrLine: {'line': b'                 from /home/romi/fawad/ORB_SLAM3/Thirdparty/Sophus/sophus/se2.hpp:7,\n'}
[9.153650] (orbslam3) StderrLine: {'line': b'                 from /home/romi/fawad/ORB_SLAM3/Thirdparty/Sophus/sophus/geometry.hpp:7,\n'}
[9.153742] (orbslam3) StderrLine: {'line': b'                 from /home/romi/fawad/ORB_SLAM3/include/Frame.h:28,\n'}
[9.153829] (orbslam3) StderrLine: {'line': b'                 from /home/romi/fawad/ORB_SLAM3/include/KeyFrame.h:28,\n'}
[9.153919] (orbslam3) StderrLine: {'line': b'                 from /home/romi/fawad/ORB_SLAM3/include/MapPoint.h:23,\n'}
[9.154009] (orbslam3) StderrLine: {'line': b'                 from /home/romi/fawad/ORB_SLAM3/include/FrameDrawer.h:24,\n'}
[9.154111] (orbslam3) StderrLine: {'line': b'                 from /home/romi/fawad/ORB_SLAM3/include/Viewer.h:23,\n'}
[9.154215] (orbslam3) StderrLine: {'line': b'                 from /home/romi/fawad/ORB_SLAM3/include/Tracking.h:26,\n'}
[9.154309] (orbslam3) StderrLine: {'line': b'                 from /home/romi/fawad/ORB_SLAM3/include/System.h:31,\n'}
[9.154401] (orbslam3) StderrLine: {'line': b'                 from /home/romi/fawad/ros2_ws/src/ORB_SLAM3_ROS2/src/stereo/stereo-slam-node.hpp:13,\n'}
[9.154528] (orbslam3) StderrLine: {'line': b'                 from /home/romi/fawad/ros2_ws/src/ORB_SLAM3_ROS2/src/stereo/stereo.cpp:7:\n'}
[9.154618] (orbslam3) StderrLine: {'line': b'/usr/include/eigen3/Eigen/src/Core/util/Constants.h:167:37: note: declared here\n'}
[9.154708] (orbslam3) StderrLine: {'line': b'  167 | EIGEN_DEPRECATED const unsigned int AlignedBit = 0x80;\n'}
[9.154799] (orbslam3) StderrLine: {'line': b'      |                                     ^~~~~~~~~~\n'}
[9.154885] (orbslam3) StderrLine: {'line': b'In file included from /home/romi/fawad/ORB_SLAM3/Thirdparty/g2o/g2o/types/types_six_dof_expmap.h:41,\n'}
[9.154975] (orbslam3) StderrLine: {'line': b'                 from /home/romi/fawad/ORB_SLAM3/include/Converter.h:26,\n'}
[9.155064] (orbslam3) StderrLine: {'line': b'                 from /home/romi/fawad/ORB_SLAM3/include/Frame.h:33,\n'}
[9.155171] (orbslam3) StderrLine: {'line': b'                 from /home/romi/fawad/ORB_SLAM3/include/KeyFrame.h:28,\n'}
[9.155262] (orbslam3) StderrLine: {'line': b'                 from /home/romi/fawad/ORB_SLAM3/include/MapPoint.h:23,\n'}
[9.155353] (orbslam3) StderrLine: {'line': b'                 from /home/romi/fawad/ORB_SLAM3/include/FrameDrawer.h:24,\n'}
[9.155440] (orbslam3) StderrLine: {'line': b'                 from /home/romi/fawad/ORB_SLAM3/include/Viewer.h:23,\n'}
[9.155607] (orbslam3) StderrLine: {'line': b'                 from /home/romi/fawad/ORB_SLAM3/include/Tracking.h:26,\n'}
[9.155702] (orbslam3) StderrLine: {'line': b'                 from /home/romi/fawad/ORB_SLAM3/include/System.h:31,\n'}
[9.155790] (orbslam3) StderrLine: {'line': b'                 from /home/romi/fawad/ros2_ws/src/ORB_SLAM3_ROS2/src/monocular/monocular-slam-node.hpp:9,\n'}
[9.155876] (orbslam3) StderrLine: {'line': b'                 from /home/romi/fawad/ros2_ws/src/ORB_SLAM3_ROS2/src/monocular/monocular-slam-node.cpp:1:\n'}
[9.155975] (orbslam3) StderrLine: {'line': b'/home/romi/fawad/ORB_SLAM3/Thirdparty/g2o/g2o/types/se3quat.h:43:38: warning: extra \xe2\x80\x98;\xe2\x80\x99 [-Wpedantic]\n'}
[9.156064] (orbslam3) StderrLine: {'line': b'   43 |       EIGEN_MAKE_ALIGNED_OPERATOR_NEW;\n'}
[9.156171] (orbslam3) StderrLine: {'line': b'      |                                      ^\n'}
[9.156259] (orbslam3) StderrLine: {'line': b'      |                                      -\n'}
[9.188582] (orbslam3) StderrLine: {'line': b'In file included from /home/romi/fawad/ORB_SLAM3/Thirdparty/g2o/g2o/types/types_six_dof_expmap.h:37,\n'}
[9.188859] (orbslam3) StderrLine: {'line': b'                 from /home/romi/fawad/ORB_SLAM3/include/Converter.h:26,\n'}
[9.188960] (orbslam3) StderrLine: {'line': b'                 from /home/romi/fawad/ORB_SLAM3/include/Frame.h:33,\n'}
[9.189054] (orbslam3) StderrLine: {'line': b'                 from /home/romi/fawad/ORB_SLAM3/include/KeyFrame.h:28,\n'}
[9.189146] (orbslam3) StderrLine: {'line': b'                 from /home/romi/fawad/ORB_SLAM3/include/MapPoint.h:23,\n'}
[9.189226] (orbslam3) StderrLine: {'line': b'                 from /home/romi/fawad/ORB_SLAM3/include/FrameDrawer.h:24,\n'}
[9.189304] (orbslam3) StderrLine: {'line': b'                 from /home/romi/fawad/ORB_SLAM3/include/Viewer.h:23,\n'}
[9.189402] (orbslam3) StderrLine: {'line': b'                 from /home/romi/fawad/ORB_SLAM3/include/Tracking.h:26,\n'}
[9.189492] (orbslam3) StderrLine: {'line': b'                 from /home/romi/fawad/ORB_SLAM3/include/System.h:31,\n'}
[9.189581] (orbslam3) StderrLine: {'line': b'                 from /home/romi/fawad/ros2_ws/src/ORB_SLAM3_ROS2/src/stereo-inertial/stereo-inertial-node.hpp:10,\n'}
[9.189673] (orbslam3) StderrLine: {'line': b'                 from /home/romi/fawad/ros2_ws/src/ORB_SLAM3_ROS2/src/stereo-inertial/stereo-inertial-node.cpp:1:\n'}
[9.189761] (orbslam3) StderrLine: {'line': b'/home/romi/fawad/ORB_SLAM3/Thirdparty/g2o/g2o/types/../core/base_vertex.h: In instantiation of \xe2\x80\x98class g2o::BaseVertex<7, g2o::Sim3>\xe2\x80\x99:\n'}
[9.189841] (orbslam3) StderrLine: {'line': b'/home/romi/fawad/ORB_SLAM3/Thirdparty/g2o/g2o/types/types_seven_dof_expmap.h:48:35:   required from here\n'}
[9.189914] (orbslam3) StderrLine: {'line': b'/home/romi/fawad/ORB_SLAM3/Thirdparty/g2o/g2o/types/../core/base_vertex.h:62:72: warning: \xe2\x80\x98Eigen::AlignedBit\xe2\x80\x99 is deprecated [-Wdeprecated-declarations]\n'}
[9.189999] (orbslam3) StderrLine: {'line': b'   62 |     typedef Eigen::Map<Matrix<double, D, D>, Matrix<double,D,D>::Flags & AlignedBit ? Aligned : Unaligned >  HessianBlockType;\n'}
[9.190113] (orbslam3) StderrLine: {'line': b'      |                                                                  ~~~~~~^~~~~~~~~~~~\n'}
[9.190223] (orbslam3) StderrLine: {'line': b'In file included from /usr/include/eigen3/Eigen/Core:161,\n'}
[9.190310] (orbslam3) StderrLine: {'line': b'                 from /usr/include/eigen3/Eigen/LU:11,\n'}
[9.190401] (orbslam3) StderrLine: {'line': b'                 from /home/romi/fawad/ORB_SLAM3/Thirdparty/Sophus/sophus/so2.hpp:12,\n'}
[9.190595] (orbslam3) StderrLine: {'line': b'                 from /home/romi/fawad/ORB_SLAM3/Thirdparty/Sophus/sophus/se2.hpp:7,\n'}
[9.190681] (orbslam3) StderrLine: {'line': b'                 from /home/romi/fawad/ORB_SLAM3/Thirdparty/Sophus/sophus/geometry.hpp:7,\n'}
[9.190768] (orbslam3) StderrLine: {'line': b'                 from /home/romi/fawad/ORB_SLAM3/include/Frame.h:28,\n'}
[9.190867] (orbslam3) StderrLine: {'line': b'                 from /home/romi/fawad/ORB_SLAM3/include/KeyFrame.h:28,\n'}
[9.190960] (orbslam3) StderrLine: {'line': b'                 from /home/romi/fawad/ORB_SLAM3/include/MapPoint.h:23,\n'}
[9.191050] (orbslam3) StderrLine: {'line': b'                 from /home/romi/fawad/ORB_SLAM3/include/FrameDrawer.h:24,\n'}
[9.191158] (orbslam3) StderrLine: {'line': b'                 from /home/romi/fawad/ORB_SLAM3/include/Viewer.h:23,\n'}
[9.191263] (orbslam3) StderrLine: {'line': b'                 from /home/romi/fawad/ORB_SLAM3/include/Tracking.h:26,\n'}
[9.191353] (orbslam3) StderrLine: {'line': b'                 from /home/romi/fawad/ORB_SLAM3/include/System.h:31,\n'}
[9.191449] (orbslam3) StderrLine: {'line': b'                 from /home/romi/fawad/ros2_ws/src/ORB_SLAM3_ROS2/src/stereo-inertial/stereo-inertial-node.hpp:10,\n'}
[9.191654] (orbslam3) StderrLine: {'line': b'                 from /home/romi/fawad/ros2_ws/src/ORB_SLAM3_ROS2/src/stereo-inertial/stereo-inertial-node.cpp:1:\n'}
[9.191752] (orbslam3) StderrLine: {'line': b'/usr/include/eigen3/Eigen/src/Core/util/Constants.h:167:37: note: declared here\n'}
[9.191844] (orbslam3) StderrLine: {'line': b'  167 | EIGEN_DEPRECATED const unsigned int AlignedBit = 0x80;\n'}
[9.191921] (orbslam3) StderrLine: {'line': b'      |                                     ^~~~~~~~~~\n'}
[9.200264] (orbslam3) StderrLine: {'line': b'In file included from /home/romi/fawad/ORB_SLAM3/Thirdparty/g2o/g2o/types/types_six_dof_expmap.h:41,\n'}
[9.200471] (orbslam3) StderrLine: {'line': b'                 from /home/romi/fawad/ORB_SLAM3/include/Converter.h:26,\n'}
[9.200570] (orbslam3) StderrLine: {'line': b'                 from /home/romi/fawad/ORB_SLAM3/include/Frame.h:33,\n'}
[9.200659] (orbslam3) StderrLine: {'line': b'                 from /home/romi/fawad/ORB_SLAM3/include/KeyFrame.h:28,\n'}
[9.200751] (orbslam3) StderrLine: {'line': b'                 from /home/romi/fawad/ORB_SLAM3/include/MapPoint.h:23,\n'}
[9.200840] (orbslam3) StderrLine: {'line': b'                 from /home/romi/fawad/ORB_SLAM3/include/FrameDrawer.h:24,\n'}
[9.200930] (orbslam3) StderrLine: {'line': b'                 from /home/romi/fawad/ORB_SLAM3/include/Viewer.h:23,\n'}
[9.201015] (orbslam3) StderrLine: {'line': b'                 from /home/romi/fawad/ORB_SLAM3/include/Tracking.h:26,\n'}
[9.201136] (orbslam3) StderrLine: {'line': b'                 from /home/romi/fawad/ORB_SLAM3/include/System.h:31,\n'}
[9.201219] (orbslam3) StderrLine: {'line': b'                 from /home/romi/fawad/ros2_ws/src/ORB_SLAM3_ROS2/src/stereo/stereo-slam-node.hpp:13,\n'}
[9.201298] (orbslam3) StderrLine: {'line': b'                 from /home/romi/fawad/ros2_ws/src/ORB_SLAM3_ROS2/src/stereo/stereo.cpp:7:\n'}
[9.201382] (orbslam3) StderrLine: {'line': b'/home/romi/fawad/ORB_SLAM3/Thirdparty/g2o/g2o/types/se3quat.h:43:38: warning: extra \xe2\x80\x98;\xe2\x80\x99 [-Wpedantic]\n'}
[9.201471] (orbslam3) StderrLine: {'line': b'   43 |       EIGEN_MAKE_ALIGNED_OPERATOR_NEW;\n'}
[9.201554] (orbslam3) StderrLine: {'line': b'      |                                      ^\n'}
[9.201644] (orbslam3) StderrLine: {'line': b'      |                                      -\n'}
[9.236783] (orbslam3) StderrLine: {'line': b'In file included from /home/romi/fawad/ORB_SLAM3/Thirdparty/g2o/g2o/types/types_six_dof_expmap.h:38,\n'}
[9.237058] (orbslam3) StderrLine: {'line': b'                 from /home/romi/fawad/ORB_SLAM3/include/Converter.h:26,\n'}
[9.237378] (orbslam3) StderrLine: {'line': b'                 from /home/romi/fawad/ORB_SLAM3/include/Frame.h:33,\n'}
[9.237491] (orbslam3) StderrLine: {'line': b'                 from /home/romi/fawad/ORB_SLAM3/include/KeyFrame.h:28,\n'}
[9.237586] (orbslam3) StderrLine: {'line': b'                 from /home/romi/fawad/ORB_SLAM3/include/MapPoint.h:23,\n'}
[9.237673] (orbslam3) StderrLine: {'line': b'                 from /home/romi/fawad/ORB_SLAM3/include/FrameDrawer.h:24,\n'}
[9.237757] (orbslam3) StderrLine: {'line': b'                 from /home/romi/fawad/ORB_SLAM3/include/Viewer.h:23,\n'}
[9.237847] (orbslam3) StderrLine: {'line': b'                 from /home/romi/fawad/ORB_SLAM3/include/Tracking.h:26,\n'}
[9.237937] (orbslam3) StderrLine: {'line': b'                 from /home/romi/fawad/ORB_SLAM3/include/System.h:31,\n'}
[9.238053] (orbslam3) StderrLine: {'line': b'                 from /home/romi/fawad/ros2_ws/src/ORB_SLAM3_ROS2/src/stereo-inertial/stereo-inertial-node.hpp:10,\n'}
[9.238165] (orbslam3) StderrLine: {'line': b'                 from /home/romi/fawad/ros2_ws/src/ORB_SLAM3_ROS2/src/stereo-inertial/stereo-inertial-node.cpp:1:\n'}
[9.238256] (orbslam3) StderrLine: {'line': b'/home/romi/fawad/ORB_SLAM3/Thirdparty/g2o/g2o/types/../core/base_binary_edge.h: In instantiation of \xe2\x80\x98class g2o::BaseBinaryEdge<7, g2o::Sim3, g2o::VertexSim3Expmap, g2o::VertexSim3Expmap>\xe2\x80\x99:\n'}
[9.238348] (orbslam3) StderrLine: {'line': b'/home/romi/fawad/ORB_SLAM3/Thirdparty/g2o/g2o/types/types_seven_dof_expmap.h:99:27:   required from here\n'}
[9.238438] (orbslam3) StderrLine: {'line': b'/home/romi/fawad/ORB_SLAM3/Thirdparty/g2o/g2o/types/../core/base_binary_edge.h:59:80: warning: \xe2\x80\x98Eigen::AlignedBit\xe2\x80\x99 is deprecated [-Wdeprecated-declarations]\n'}
[9.238528] (orbslam3) StderrLine: {'line': b'   59 |       typedef Eigen::Map<Matrix<double, Di, Dj>, Matrix<double, Di, Dj>::Flags & AlignedBit ? Aligned : Unaligned > HessianBlockType;\n'}
[9.238616] (orbslam3) StderrLine: {'line': b'      |                                                                          ~~~~~~^~~~~~~~~~~~\n'}
[9.238704] (orbslam3) StderrLine: {'line': b'In file included from /usr/include/eigen3/Eigen/Core:161,\n'}
[9.238800] (orbslam3) StderrLine: {'line': b'                 from /usr/include/eigen3/Eigen/LU:11,\n'}
[9.238891] (orbslam3) StderrLine: {'line': b'                 from /home/romi/fawad/ORB_SLAM3/Thirdparty/Sophus/sophus/so2.hpp:12,\n'}
[9.238971] (orbslam3) StderrLine: {'line': b'                 from /home/romi/fawad/ORB_SLAM3/Thirdparty/Sophus/sophus/se2.hpp:7,\n'}
[9.239059] (orbslam3) StderrLine: {'line': b'                 from /home/romi/fawad/ORB_SLAM3/Thirdparty/Sophus/sophus/geometry.hpp:7,\n'}
[9.239162] (orbslam3) StderrLine: {'line': b'                 from /home/romi/fawad/ORB_SLAM3/include/Frame.h:28,\n'}
[9.239254] (orbslam3) StderrLine: {'line': b'                 from /home/romi/fawad/ORB_SLAM3/include/KeyFrame.h:28,\n'}
[9.239348] (orbslam3) StderrLine: {'line': b'                 from /home/romi/fawad/ORB_SLAM3/include/MapPoint.h:23,\n'}
[9.239437] (orbslam3) StderrLine: {'line': b'                 from /home/romi/fawad/ORB_SLAM3/include/FrameDrawer.h:24,\n'}
[9.239527] (orbslam3) StderrLine: {'line': b'                 from /home/romi/fawad/ORB_SLAM3/include/Viewer.h:23,\n'}
[9.239615] (orbslam3) StderrLine: {'line': b'                 from /home/romi/fawad/ORB_SLAM3/include/Tracking.h:26,\n'}
[9.239703] (orbslam3) StderrLine: {'line': b'                 from /home/romi/fawad/ORB_SLAM3/include/System.h:31,\n'}
[9.239788] (orbslam3) StderrLine: {'line': b'                 from /home/romi/fawad/ros2_ws/src/ORB_SLAM3_ROS2/src/stereo-inertial/stereo-inertial-node.hpp:10,\n'}
[9.239865] (orbslam3) StderrLine: {'line': b'                 from /home/romi/fawad/ros2_ws/src/ORB_SLAM3_ROS2/src/stereo-inertial/stereo-inertial-node.cpp:1:\n'}
[9.239948] (orbslam3) StderrLine: {'line': b'/usr/include/eigen3/Eigen/src/Core/util/Constants.h:167:37: note: declared here\n'}
[9.240033] (orbslam3) StderrLine: {'line': b'  167 | EIGEN_DEPRECATED const unsigned int AlignedBit = 0x80;\n'}
[9.240136] (orbslam3) StderrLine: {'line': b'      |                                     ^~~~~~~~~~\n'}
[9.240232] (orbslam3) StderrLine: {'line': b'In file included from /home/romi/fawad/ORB_SLAM3/Thirdparty/g2o/g2o/types/types_six_dof_expmap.h:38,\n'}
[9.240324] (orbslam3) StderrLine: {'line': b'                 from /home/romi/fawad/ORB_SLAM3/include/Converter.h:26,\n'}
[9.240416] (orbslam3) StderrLine: {'line': b'                 from /home/romi/fawad/ORB_SLAM3/include/Frame.h:33,\n'}
[9.240501] (-) TimerEvent: {}
[9.240636] (orbslam3) StderrLine: {'line': b'                 from /home/romi/fawad/ORB_SLAM3/include/KeyFrame.h:28,\n'}
[9.240737] (orbslam3) StderrLine: {'line': b'                 from /home/romi/fawad/ORB_SLAM3/include/MapPoint.h:23,\n'}
[9.240832] (orbslam3) StderrLine: {'line': b'                 from /home/romi/fawad/ORB_SLAM3/include/FrameDrawer.h:24,\n'}
[9.240925] (orbslam3) StderrLine: {'line': b'                 from /home/romi/fawad/ORB_SLAM3/include/Viewer.h:23,\n'}
[9.241028] (orbslam3) StderrLine: {'line': b'                 from /home/romi/fawad/ORB_SLAM3/include/Tracking.h:26,\n'}
[9.241123] (orbslam3) StderrLine: {'line': b'                 from /home/romi/fawad/ORB_SLAM3/include/System.h:31,\n'}
[9.241225] (orbslam3) StderrLine: {'line': b'                 from /home/romi/fawad/ros2_ws/src/ORB_SLAM3_ROS2/src/stereo-inertial/stereo-inertial-node.hpp:10,\n'}
[9.241317] (orbslam3) StderrLine: {'line': b'                 from /home/romi/fawad/ros2_ws/src/ORB_SLAM3_ROS2/src/stereo-inertial/stereo-inertial-node.cpp:1:\n'}
[9.241405] (orbslam3) StderrLine: {'line': b'/home/romi/fawad/ORB_SLAM3/Thirdparty/g2o/g2o/types/../core/base_binary_edge.h:60:80: warning: \xe2\x80\x98Eigen::AlignedBit\xe2\x80\x99 is deprecated [-Wdeprecated-declarations]\n'}
[9.241494] (orbslam3) StderrLine: {'line': b'   60 |       typedef Eigen::Map<Matrix<double, Dj, Di>, Matrix<double, Dj, Di>::Flags & AlignedBit ? Aligned : Unaligned > HessianBlockTransposedType;\n'}
[9.241583] (orbslam3) StderrLine: {'line': b'      |                                                                          ~~~~~~^~~~~~~~~~~~\n'}
[9.241672] (orbslam3) StderrLine: {'line': b'In file included from /usr/include/eigen3/Eigen/Core:161,\n'}
[9.241759] (orbslam3) StderrLine: {'line': b'                 from /usr/include/eigen3/Eigen/LU:11,\n'}
[9.241846] (orbslam3) StderrLine: {'line': b'                 from /home/romi/fawad/ORB_SLAM3/Thirdparty/Sophus/sophus/so2.hpp:12,\n'}
[9.241932] (orbslam3) StderrLine: {'line': b'                 from /home/romi/fawad/ORB_SLAM3/Thirdparty/Sophus/sophus/se2.hpp:7,\n'}
[9.242022] (orbslam3) StderrLine: {'line': b'                 from /home/romi/fawad/ORB_SLAM3/Thirdparty/Sophus/sophus/geometry.hpp:7,\n'}
[9.242122] (orbslam3) StderrLine: {'line': b'                 from /home/romi/fawad/ORB_SLAM3/include/Frame.h:28,\n'}
[9.242221] (orbslam3) StderrLine: {'line': b'                 from /home/romi/fawad/ORB_SLAM3/include/KeyFrame.h:28,\n'}
[9.242320] (orbslam3) StderrLine: {'line': b'                 from /home/romi/fawad/ORB_SLAM3/include/MapPoint.h:23,\n'}
[9.242408] (orbslam3) StderrLine: {'line': b'                 from /home/romi/fawad/ORB_SLAM3/include/FrameDrawer.h:24,\n'}
[9.242495] (orbslam3) StderrLine: {'line': b'                 from /home/romi/fawad/ORB_SLAM3/include/Viewer.h:23,\n'}
[9.242586] (orbslam3) StderrLine: {'line': b'                 from /home/romi/fawad/ORB_SLAM3/include/Tracking.h:26,\n'}
[9.242674] (orbslam3) StderrLine: {'line': b'                 from /home/romi/fawad/ORB_SLAM3/include/System.h:31,\n'}
[9.242763] (orbslam3) StderrLine: {'line': b'                 from /home/romi/fawad/ros2_ws/src/ORB_SLAM3_ROS2/src/stereo-inertial/stereo-inertial-node.hpp:10,\n'}
[9.242852] (orbslam3) StderrLine: {'line': b'                 from /home/romi/fawad/ros2_ws/src/ORB_SLAM3_ROS2/src/stereo-inertial/stereo-inertial-node.cpp:1:\n'}
[9.242939] (orbslam3) StderrLine: {'line': b'/usr/include/eigen3/Eigen/src/Core/util/Constants.h:167:37: note: declared here\n'}
[9.243030] (orbslam3) StderrLine: {'line': b'  167 | EIGEN_DEPRECATED const unsigned int AlignedBit = 0x80;\n'}
[9.243231] (orbslam3) StderrLine: {'line': b'      |                                     ^~~~~~~~~~\n'}
[9.268126] (orbslam3) StderrLine: {'line': b'In file included from /home/romi/fawad/ORB_SLAM3/Thirdparty/g2o/g2o/types/types_six_dof_expmap.h:37,\n'}
[9.268332] (orbslam3) StderrLine: {'line': b'                 from /home/romi/fawad/ORB_SLAM3/include/Converter.h:26,\n'}
[9.268432] (orbslam3) StderrLine: {'line': b'                 from /home/romi/fawad/ORB_SLAM3/include/Frame.h:33,\n'}
[9.268535] (orbslam3) StderrLine: {'line': b'                 from /home/romi/fawad/ORB_SLAM3/include/KeyFrame.h:28,\n'}
[9.268621] (orbslam3) StderrLine: {'line': b'                 from /home/romi/fawad/ORB_SLAM3/include/MapPoint.h:23,\n'}
[9.268709] (orbslam3) StderrLine: {'line': b'                 from /home/romi/fawad/ORB_SLAM3/include/FrameDrawer.h:24,\n'}
[9.268803] (orbslam3) StderrLine: {'line': b'                 from /home/romi/fawad/ORB_SLAM3/include/Viewer.h:23,\n'}
[9.268888] (orbslam3) StderrLine: {'line': b'                 from /home/romi/fawad/ORB_SLAM3/include/Tracking.h:26,\n'}
[9.268973] (orbslam3) StderrLine: {'line': b'                 from /home/romi/fawad/ORB_SLAM3/include/System.h:31,\n'}
[9.269059] (orbslam3) StderrLine: {'line': b'                 from /home/romi/fawad/ros2_ws/src/ORB_SLAM3_ROS2/src/monocular/monocular-slam-node.hpp:9,\n'}
[9.269165] (orbslam3) StderrLine: {'line': b'                 from /home/romi/fawad/ros2_ws/src/ORB_SLAM3_ROS2/src/monocular/mono.cpp:7:\n'}
[9.269254] (orbslam3) StderrLine: {'line': b'/home/romi/fawad/ORB_SLAM3/Thirdparty/g2o/g2o/types/../core/base_vertex.h: In instantiation of \xe2\x80\x98class g2o::BaseVertex<7, g2o::Sim3>\xe2\x80\x99:\n'}
[9.269341] (orbslam3) StderrLine: {'line': b'/home/romi/fawad/ORB_SLAM3/Thirdparty/g2o/g2o/types/types_seven_dof_expmap.h:48:35:   required from here\n'}
[9.269426] (orbslam3) StderrLine: {'line': b'/home/romi/fawad/ORB_SLAM3/Thirdparty/g2o/g2o/types/../core/base_vertex.h:62:72: warning: \xe2\x80\x98Eigen::AlignedBit\xe2\x80\x99 is deprecated [-Wdeprecated-declarations]\n'}
[9.269512] (orbslam3) StderrLine: {'line': b'   62 |  Eigen::Map<Matrix<double, D, D>, Matrix<double,D,D>::Flags & AlignedBit ? Aligned : Unaligned >  HessianBlockType;\n'}
[9.269595] (orbslam3) StderrLine: {'line': b'      |                                                       ~~~~~~^~~~~~~~~~~~\n'}
[9.269681] (orbslam3) StderrLine: {'line': b'\n'}
[9.269767] (orbslam3) StderrLine: {'line': b'In file included from /usr/include/eigen3/Eigen/Core:161,\n'}
[9.269852] (orbslam3) StderrLine: {'line': b'                 from /usr/include/eigen3/Eigen/LU:11,\n'}
[9.269925] (orbslam3) StderrLine: {'line': b'                 from /home/romi/fawad/ORB_SLAM3/Thirdparty/Sophus/sophus/so2.hpp:12,\n'}
[9.269996] (orbslam3) StderrLine: {'line': b'                 from /home/romi/fawad/ORB_SLAM3/Thirdparty/Sophus/sophus/se2.hpp:7,\n'}
[9.270079] (orbslam3) StderrLine: {'line': b'                 from /home/romi/fawad/ORB_SLAM3/Thirdparty/Sophus/sophus/geometry.hpp:7,\n'}
[9.270181] (orbslam3) StderrLine: {'line': b'                 from /home/romi/fawad/ORB_SLAM3/include/Frame.h:28,\n'}
[9.270268] (orbslam3) StderrLine: {'line': b'                 from /home/romi/fawad/ORB_SLAM3/include/KeyFrame.h:28,\n'}
[9.270351] (orbslam3) StderrLine: {'line': b'                 from /home/romi/fawad/ORB_SLAM3/include/MapPoint.h:23,\n'}
[9.270434] (orbslam3) StderrLine: {'line': b'                 from /home/romi/fawad/ORB_SLAM3/include/FrameDrawer.h:24,\n'}
[9.270520] (orbslam3) StderrLine: {'line': b'                 from /home/romi/fawad/ORB_SLAM3/include/Viewer.h:23,\n'}
[9.270607] (orbslam3) StderrLine: {'line': b'                 from /home/romi/fawad/ORB_SLAM3/include/Tracking.h:26,\n'}
[9.270693] (orbslam3) StderrLine: {'line': b'                 from /home/romi/fawad/ORB_SLAM3/include/System.h:31,\n'}
[9.270776] (orbslam3) StderrLine: {'line': b'                 from /home/romi/fawad/ros2_ws/src/ORB_SLAM3_ROS2/src/monocular/monocular-slam-node.hpp:9,\n'}
[9.270865] (orbslam3) StderrLine: {'line': b'                 from /home/romi/fawad/ros2_ws/src/ORB_SLAM3_ROS2/src/monocular/mono.cpp:7:\n'}
[9.270953] (orbslam3) StderrLine: {'line': b'/usr/include/eigen3/Eigen/src/Core/util/Constants.h:167:37: note: declared here\n'}
[9.271041] (orbslam3) StderrLine: {'line': b'  167 | EIGEN_DEPRECATED const unsigned int AlignedBit = 0x80;\n'}
[9.271206] (orbslam3) StderrLine: {'line': b'      |                                     ^~~~~~~~~~\n'}
[9.271299] (orbslam3) StderrLine: {'line': b'In file included from /home/romi/fawad/ORB_SLAM3/Thirdparty/g2o/g2o/types/types_six_dof_expmap.h:37,\n'}
[9.271387] (orbslam3) StderrLine: {'line': b'                 from /home/romi/fawad/ORB_SLAM3/include/Converter.h:26,\n'}
[9.271473] (orbslam3) StderrLine: {'line': b'                 from /home/romi/fawad/ORB_SLAM3/include/Frame.h:33,\n'}
[9.271570] (orbslam3) StderrLine: {'line': b'                 from /home/romi/fawad/ORB_SLAM3/include/KeyFrame.h:28,\n'}
[9.271659] (orbslam3) StderrLine: {'line': b'                 from /home/romi/fawad/ORB_SLAM3/include/MapPoint.h:23,\n'}
[9.271746] (orbslam3) StderrLine: {'line': b'                 from /home/romi/fawad/ORB_SLAM3/include/FrameDrawer.h:24,\n'}
[9.271833] (orbslam3) StderrLine: {'line': b'                 from /home/romi/fawad/ORB_SLAM3/include/Viewer.h:23,\n'}
[9.271920] (orbslam3) StderrLine: {'line': b'                 from /home/romi/fawad/ORB_SLAM3/include/Tracking.h:26,\n'}
[9.272010] (orbslam3) StderrLine: {'line': b'                 from /home/romi/fawad/ORB_SLAM3/include/System.h:31,\n'}
[9.272111] (orbslam3) StderrLine: {'line': b'                 from /home/romi/fawad/ros2_ws/src/ORB_SLAM3_ROS2/src/rgbd/rgbd-slam-node.hpp:18,\n'}
[9.272268] (orbslam3) StderrLine: {'line': b'                 from /home/romi/fawad/ros2_ws/src/ORB_SLAM3_ROS2/src/rgbd/rgbd-slam-node.cpp:1:\n'}
[9.272372] (orbslam3) StderrLine: {'line': b'/home/romi/fawad/ORB_SLAM3/Thirdparty/g2o/g2o/types/../core/base_vertex.h: At global scope:\n'}
[9.272466] (orbslam3) StderrLine: {'line': b'/home/romi/fawad/ORB_SLAM3/Thirdparty/g2o/g2o/types/../core/base_vertex.h:62:74: warning: \xe2\x80\x98Eigen::AlignedBit\xe2\x80\x99 is deprecated [-Wdeprecated-declarations]\n'}
[9.272559] (orbslam3) StderrLine: {'line': b'   62 |     typedef Eigen::Map<Matrix<double, D, D>, Matrix<double,D,D>::Flags & AlignedBit ? Aligned : Unaligned >  HessianBlockType;\n'}
[9.272652] (orbslam3) StderrLine: {'line': b'      |                                                                          ^~~~~~~~~~\n'}
[9.272743] (orbslam3) StderrLine: {'line': b'In file included from /usr/include/eigen3/Eigen/Core:161,\n'}
[9.272831] (orbslam3) StderrLine: {'line': b'                 from /usr/include/eigen3/Eigen/LU:11,\n'}
[9.272922] (orbslam3) StderrLine: {'line': b'                 from /home/romi/fawad/ORB_SLAM3/Thirdparty/Sophus/sophus/so2.hpp:12,\n'}
[9.273004] (orbslam3) StderrLine: {'line': b'                 from /home/romi/fawad/ORB_SLAM3/Thirdparty/Sophus/sophus/se2.hpp:7,\n'}
[9.273095] (orbslam3) StderrLine: {'line': b'                 from /home/romi/fawad/ORB_SLAM3/Thirdparty/Sophus/sophus/geometry.hpp:7,\n'}
[9.273202] (orbslam3) StderrLine: {'line': b'                 from /home/romi/fawad/ORB_SLAM3/include/Frame.h:28,\n'}
[9.273290] (orbslam3) StderrLine: {'line': b'                 from /home/romi/fawad/ORB_SLAM3/include/KeyFrame.h:28,\n'}
[9.273381] (orbslam3) StderrLine: {'line': b'                 from /home/romi/fawad/ORB_SLAM3/include/MapPoint.h:23,\n'}
[9.273472] (orbslam3) StderrLine: {'line': b'                 from /home/romi/fawad/ORB_SLAM3/include/FrameDrawer.h:24,\n'}
[9.273560] (orbslam3) StderrLine: {'line': b'                 from /home/romi/fawad/ORB_SLAM3/include/Viewer.h:23,\n'}
[9.273651] (orbslam3) StderrLine: {'line': b'                 from /home/romi/fawad/ORB_SLAM3/include/Tracking.h:26,\n'}
[9.273738] (orbslam3) StderrLine: {'line': b'                 from /home/romi/fawad/ORB_SLAM3/include/System.h:31,\n'}
[9.273829] (orbslam3) StderrLine: {'line': b'                 from /home/romi/fawad/ros2_ws/src/ORB_SLAM3_ROS2/src/rgbd/rgbd-slam-node.hpp:18,\n'}
[9.273922] (orbslam3) StderrLine: {'line': b'                 from /home/romi/fawad/ros2_ws/src/ORB_SLAM3_ROS2/src/rgbd/rgbd-slam-node.cpp:1:\n'}
[9.274012] (orbslam3) StderrLine: {'line': b'/usr/include/eigen3/Eigen/src/Core/util/Constants.h:167:37: note: declared here\n'}
[9.274117] (orbslam3) StderrLine: {'line': b'  167 | EIGEN_DEPRECATED const unsigned int AlignedBit = 0x80;\n'}
[9.274220] (orbslam3) StderrLine: {'line': b'      |                                     ^~~~~~~~~~\n'}
[9.296649] (orbslam3) StderrLine: {'line': b'In file included from /home/romi/fawad/ORB_SLAM3/Thirdparty/g2o/g2o/types/types_six_dof_expmap.h:38,\n'}
[9.296880] (orbslam3) StderrLine: {'line': b'                 from /home/romi/fawad/ORB_SLAM3/include/Converter.h:26,\n'}
[9.297013] (orbslam3) StderrLine: {'line': b'                 from /home/romi/fawad/ORB_SLAM3/include/Frame.h:33,\n'}
[9.297122] (orbslam3) StderrLine: {'line': b'                 from /home/romi/fawad/ORB_SLAM3/include/KeyFrame.h:28,\n'}
[9.297228] (orbslam3) StderrLine: {'line': b'                 from /home/romi/fawad/ORB_SLAM3/include/MapPoint.h:23,\n'}
[9.297323] (orbslam3) StderrLine: {'line': b'                 from /home/romi/fawad/ORB_SLAM3/include/FrameDrawer.h:24,\n'}
[9.297413] (orbslam3) StderrLine: {'line': b'                 from /home/romi/fawad/ORB_SLAM3/include/Viewer.h:23,\n'}
[9.297506] (orbslam3) StderrLine: {'line': b'                 from /home/romi/fawad/ORB_SLAM3/include/Tracking.h:26,\n'}
[9.297589] (orbslam3) StderrLine: {'line': b'                 from /home/romi/fawad/ORB_SLAM3/include/System.h:31,\n'}
[9.297664] (orbslam3) StderrLine: {'line': b'                 from /home/romi/fawad/ros2_ws/src/ORB_SLAM3_ROS2/src/stereo-inertial/stereo-inertial-node.hpp:10,\n'}
[9.297748] (orbslam3) StderrLine: {'line': b'                 from /home/romi/fawad/ros2_ws/src/ORB_SLAM3_ROS2/src/stereo-inertial/stereo-inertial-node.cpp:1:\n'}
[9.297838] (orbslam3) StderrLine: {'line': b'/home/romi/fawad/ORB_SLAM3/Thirdparty/g2o/g2o/types/../core/base_binary_edge.h: In instantiation of \xe2\x80\x98class g2o::BaseBinaryEdge<2, Eigen::Matrix<double, 2, 1>, g2o::VertexSBAPointXYZ, g2o::VertexSim3Expmap>\xe2\x80\x99:\n'}
[9.297927] (orbslam3) StderrLine: {'line': b'/home/romi/fawad/ORB_SLAM3/Thirdparty/g2o/g2o/types/types_seven_dof_expmap.h:130:36:   required from here\n'}
[9.298020] (orbslam3) StderrLine: {'line': b'/home/romi/fawad/ORB_SLAM3/Thirdparty/g2o/g2o/types/../core/base_binary_edge.h:59:80: warning: \xe2\x80\x98Eigen::AlignedBit\xe2\x80\x99 is deprecated [-Wdeprecated-declarations]\n'}
[9.298116] (orbslam3) StderrLine: {'line': b'   59 |       typedef Eigen::Map<Matrix<double, Di, Dj>, Matrix<double, Di, Dj>::Flags & AlignedBit ? Aligned : Unaligned > HessianBlockType;\n'}
[9.298202] (orbslam3) StderrLine: {'line': b'      |                                                                          ~~~~~~^~~~~~~~~~~~\n'}
[9.298457] (orbslam3) StderrLine: {'line': b'In file included from /usr/include/eigen3/Eigen/Core:161,\n'}
[9.298567] (orbslam3) StderrLine: {'line': b'                 from /usr/include/eigen3/Eigen/LU:11,\n'}
[9.298660] (orbslam3) StderrLine: {'line': b'                 from /home/romi/fawad/ORB_SLAM3/Thirdparty/Sophus/sophus/so2.hpp:12,\n'}
[9.298751] (orbslam3) StderrLine: {'line': b'                 from /home/romi/fawad/ORB_SLAM3/Thirdparty/Sophus/sophus/se2.hpp:7,\n'}
[9.298832] (orbslam3) StderrLine: {'line': b'                 from /home/romi/fawad/ORB_SLAM3/Thirdparty/Sophus/sophus/geometry.hpp:7,\n'}
[9.298928] (orbslam3) StderrLine: {'line': b'                 from /home/romi/fawad/ORB_SLAM3/include/Frame.h:28,\n'}
[9.299021] (orbslam3) StderrLine: {'line': b'                 from /home/romi/fawad/ORB_SLAM3/include/KeyFrame.h:28,\n'}
[9.299114] (orbslam3) StderrLine: {'line': b'                 from /home/romi/fawad/ORB_SLAM3/include/MapPoint.h:23,\n'}
[9.299216] (orbslam3) StderrLine: {'line': b'                 from /home/romi/fawad/ORB_SLAM3/include/FrameDrawer.h:24,\n'}
[9.299307] (orbslam3) StderrLine: {'line': b'                 from /home/romi/fawad/ORB_SLAM3/include/Viewer.h:23,\n'}
[9.299397] (orbslam3) StderrLine: {'line': b'                 from /home/romi/fawad/ORB_SLAM3/include/Tracking.h:26,\n'}
[9.299487] (orbslam3) StderrLine: {'line': b'                 from /home/romi/fawad/ORB_SLAM3/include/System.h:31,\n'}
[9.299573] (orbslam3) StderrLine: {'line': b'                 from /home/romi/fawad/ros2_ws/src/ORB_SLAM3_ROS2/src/stereo-inertial/stereo-inertial-node.hpp:10,\n'}
[9.299661] (orbslam3) StderrLine: {'line': b'                 from /home/romi/fawad/ros2_ws/src/ORB_SLAM3_ROS2/src/stereo-inertial/stereo-inertial-node.cpp:1:\n'}
[9.299749] (orbslam3) StderrLine: {'line': b'/usr/include/eigen3/Eigen/src/Core/util/Constants.h:167:37: note: declared here\n'}
[9.299849] (orbslam3) StderrLine: {'line': b'  167 | EIGEN_DEPRECATED const unsigned int AlignedBit = 0x80;\n'}
[9.299943] (orbslam3) StderrLine: {'line': b'      |                                     ^~~~~~~~~~\n'}
[9.304124] (orbslam3) StderrLine: {'line': b'In file included from /home/romi/fawad/ORB_SLAM3/Thirdparty/g2o/g2o/types/types_six_dof_expmap.h:38,\n'}
[9.304591] (orbslam3) StderrLine: {'line': b'                 from /home/romi/fawad/ORB_SLAM3/include/Converter.h:26,\n'}
[9.304712] (orbslam3) StderrLine: {'line': b'                 from /home/romi/fawad/ORB_SLAM3/include/Frame.h:33,\n'}
[9.304800] (orbslam3) StderrLine: {'line': b'                 from /home/romi/fawad/ORB_SLAM3/include/KeyFrame.h:28,\n'}
[9.304890] (orbslam3) StderrLine: {'line': b'                 from /home/romi/fawad/ORB_SLAM3/include/MapPoint.h:23,\n'}
[9.304979] (orbslam3) StderrLine: {'line': b'                 from /home/romi/fawad/ORB_SLAM3/include/FrameDrawer.h:24,\n'}
[9.305065] (orbslam3) StderrLine: {'line': b'                 from /home/romi/fawad/ORB_SLAM3/include/Viewer.h:23,\n'}
[9.305167] (orbslam3) StderrLine: {'line': b'                 from /home/romi/fawad/ORB_SLAM3/include/Tracking.h:26,\n'}
[9.305254] (orbslam3) StderrLine: {'line': b'                 from /home/romi/fawad/ORB_SLAM3/include/System.h:31,\n'}
[9.305340] (orbslam3) StderrLine: {'line': b'                 from /home/romi/fawad/ros2_ws/src/ORB_SLAM3_ROS2/src/rgbd/rgbd-slam-node.hpp:18,\n'}
[9.305425] (orbslam3) StderrLine: {'line': b'                 from /home/romi/fawad/ros2_ws/src/ORB_SLAM3_ROS2/src/rgbd/rgbd-slam-node.cpp:1:\n'}
[9.305505] (orbslam3) StderrLine: {'line': b'/home/romi/fawad/ORB_SLAM3/Thirdparty/g2o/g2o/types/../core/base_binary_edge.h:59:82: warning: \xe2\x80\x98Eigen::AlignedBit\xe2\x80\x99 is deprecated [-Wdeprecated-declarations]\n'}
[9.305583] (orbslam3) StderrLine: {'line': b'   59 |       typedef Eigen::Map<Matrix<double, Di, Dj>, Matrix<double, Di, Dj>::Flags & AlignedBit ? Aligned : Unaligned > HessianBlockType;\n'}
[9.305662] (orbslam3) StderrLine: {'line': b'      |                                                                                  ^~~~~~~~~~\n'}
[9.305750] (orbslam3) StderrLine: {'line': b'In file included from /usr/include/eigen3/Eigen/Core:161,\n'}
[9.305835] (orbslam3) StderrLine: {'line': b'                 from /usr/include/eigen3/Eigen/LU:11,\n'}
[9.305917] (orbslam3) StderrLine: {'line': b'                 from /home/romi/fawad/ORB_SLAM3/Thirdparty/Sophus/sophus/so2.hpp:12,\n'}
[9.306003] (orbslam3) StderrLine: {'line': b'                 from /home/romi/fawad/ORB_SLAM3/Thirdparty/Sophus/sophus/se2.hpp:7,\n'}
[9.306090] (orbslam3) StderrLine: {'line': b'                 from /home/romi/fawad/ORB_SLAM3/Thirdparty/Sophus/sophus/geometry.hpp:7,\n'}
[9.306195] (orbslam3) StderrLine: {'line': b'                 from /home/romi/fawad/ORB_SLAM3/include/Frame.h:28,\n'}
[9.306279] (orbslam3) StderrLine: {'line': b'                 from /home/romi/fawad/ORB_SLAM3/include/KeyFrame.h:28,\n'}
[9.306368] (orbslam3) StderrLine: {'line': b'                 from /home/romi/fawad/ORB_SLAM3/include/MapPoint.h:23,\n'}
[9.306452] (orbslam3) StderrLine: {'line': b'                 from /home/romi/fawad/ORB_SLAM3/include/FrameDrawer.h:24,\n'}
[9.306538] (orbslam3) StderrLine: {'line': b'                 from /home/romi/fawad/ORB_SLAM3/include/Viewer.h:23,\n'}
[9.306626] (orbslam3) StderrLine: {'line': b'                 from /home/romi/fawad/ORB_SLAM3/include/Tracking.h:26,\n'}
[9.306713] (orbslam3) StderrLine: {'line': b'                 from /home/romi/fawad/ORB_SLAM3/include/System.h:31,\n'}
[9.306791] (orbslam3) StderrLine: {'line': b'                 from /home/romi/fawad/ros2_ws/src/ORB_SLAM3_ROS2/src/rgbd/rgbd-slam-node.hpp:18,\n'}
[9.306867] (orbslam3) StderrLine: {'line': b'                 from /home/romi/fawad/ros2_ws/src/ORB_SLAM3_ROS2/src/rgbd/rgbd-slam-node.cpp:1:\n'}
[9.306951] (orbslam3) StderrLine: {'line': b'/usr/include/eigen3/Eigen/src/Core/util/Constants.h:167:37: note: declared here\n'}
[9.307037] (orbslam3) StderrLine: {'line': b'  167 | EIGEN_DEPRECATED const unsigned int AlignedBit = 0x80;\n'}
[9.307148] (orbslam3) StderrLine: {'line': b'      |                                     ^~~~~~~~~~\n'}
[9.307239] (orbslam3) StderrLine: {'line': b'In file included from /home/romi/fawad/ORB_SLAM3/Thirdparty/g2o/g2o/types/types_six_dof_expmap.h:38,\n'}
[9.307325] (orbslam3) StderrLine: {'line': b'                 from /home/romi/fawad/ORB_SLAM3/include/Converter.h:26,\n'}
[9.307419] (orbslam3) StderrLine: {'line': b'                 from /home/romi/fawad/ORB_SLAM3/include/Frame.h:33,\n'}
[9.307543] (orbslam3) StderrLine: {'line': b'                 from /home/romi/fawad/ORB_SLAM3/include/KeyFrame.h:28,\n'}
[9.307632] (orbslam3) StderrLine: {'line': b'                 from /home/romi/fawad/ORB_SLAM3/include/MapPoint.h:23,\n'}
[9.307718] (orbslam3) StderrLine: {'line': b'                 from /home/romi/fawad/ORB_SLAM3/include/FrameDrawer.h:24,\n'}
[9.307803] (orbslam3) StderrLine: {'line': b'                 from /home/romi/fawad/ORB_SLAM3/include/Viewer.h:23,\n'}
[9.307886] (orbslam3) StderrLine: {'line': b'                 from /home/romi/fawad/ORB_SLAM3/include/Tracking.h:26,\n'}
[9.307971] (orbslam3) StderrLine: {'line': b'                 from /home/romi/fawad/ORB_SLAM3/include/System.h:31,\n'}
[9.308056] (orbslam3) StderrLine: {'line': b'                 from /home/romi/fawad/ros2_ws/src/ORB_SLAM3_ROS2/src/rgbd/rgbd-slam-node.hpp:18,\n'}
[9.308156] (orbslam3) StderrLine: {'line': b'                 from /home/romi/fawad/ros2_ws/src/ORB_SLAM3_ROS2/src/rgbd/rgbd-slam-node.cpp:1:\n'}
[9.308246] (orbslam3) StderrLine: {'line': b'/home/romi/fawad/ORB_SLAM3/Thirdparty/g2o/g2o/types/../core/base_binary_edge.h:60:82: warning: \xe2\x80\x98Eigen::AlignedBit\xe2\x80\x99 is deprecated [-Wdeprecated-declarations]\n'}
[9.308330] (orbslam3) StderrLine: {'line': b'   60 |       typedef Eigen::Map<Matrix<double, Dj, Di>, Matrix<double, Dj, Di>::Flags & AlignedBit ? Aligned : Unaligned > HessianBlockTransposedType;\n'}
[9.308416] (orbslam3) StderrLine: {'line': b'      |                                                                                  ^~~~~~~~~~\n'}
[9.308502] (orbslam3) StderrLine: {'line': b'In file included from /usr/include/eigen3/Eigen/Core:161,\n'}
[9.308652] (orbslam3) StderrLine: {'line': b'                 from /usr/include/eigen3/Eigen/LU:11,\n'}
[9.308743] (orbslam3) StderrLine: {'line': b'                 from /home/romi/fawad/ORB_SLAM3/Thirdparty/Sophus/sophus/so2.hpp:12,\n'}
[9.308834] (orbslam3) StderrLine: {'line': b'                 from /home/romi/fawad/ORB_SLAM3/Thirdparty/Sophus/sophus/se2.hpp:7,\n'}
[9.308919] (orbslam3) StderrLine: {'line': b'                 from /home/romi/fawad/ORB_SLAM3/Thirdparty/Sophus/sophus/geometry.hpp:7,\n'}
[9.309007] (orbslam3) StderrLine: {'line': b'                 from /home/romi/fawad/ORB_SLAM3/include/Frame.h:28,\n'}
[9.309095] (orbslam3) StderrLine: {'line': b'                 from /home/romi/fawad/ORB_SLAM3/include/KeyFrame.h:28,\n'}
[9.309195] (orbslam3) StderrLine: {'line': b'                 from /home/romi/fawad/ORB_SLAM3/include/MapPoint.h:23,\n'}
[9.309275] (orbslam3) StderrLine: {'line': b'                 from /home/romi/fawad/ORB_SLAM3/include/FrameDrawer.h:24,\n'}
[9.309363] (orbslam3) StderrLine: {'line': b'                 from /home/romi/fawad/ORB_SLAM3/include/Viewer.h:23,\n'}
[9.309450] (orbslam3) StderrLine: {'line': b'                 from /home/romi/fawad/ORB_SLAM3/include/Tracking.h:26,\n'}
[9.309535] (orbslam3) StderrLine: {'line': b'                 from /home/romi/fawad/ORB_SLAM3/include/System.h:31,\n'}
[9.309621] (orbslam3) StderrLine: {'line': b'                 from /home/romi/fawad/ros2_ws/src/ORB_SLAM3_ROS2/src/rgbd/rgbd-slam-node.hpp:18,\n'}
[9.309708] (orbslam3) StderrLine: {'line': b'                 from /home/romi/fawad/ros2_ws/src/ORB_SLAM3_ROS2/src/rgbd/rgbd-slam-node.cpp:1:\n'}
[9.309793] (orbslam3) StderrLine: {'line': b'/usr/include/eigen3/Eigen/src/Core/util/Constants.h:167:37: note: declared here\n'}
[9.309884] (orbslam3) StderrLine: {'line': b'  167 | EIGEN_DEPRECATED const unsigned int AlignedBit = 0x80;\n'}
[9.309979] (orbslam3) StderrLine: {'line': b'      |                                     ^~~~~~~~~~\n'}
[9.316934] (orbslam3) StderrLine: {'line': b'In file included from /home/romi/fawad/ORB_SLAM3/Thirdparty/g2o/g2o/types/types_six_dof_expmap.h:38,\n'}
[9.317137] (orbslam3) StderrLine: {'line': b'                 from /home/romi/fawad/ORB_SLAM3/include/Converter.h:26,\n'}
[9.317245] (orbslam3) StderrLine: {'line': b'                 from /home/romi/fawad/ORB_SLAM3/include/Frame.h:33,\n'}
[9.317331] (orbslam3) StderrLine: {'line': b'                 from /home/romi/fawad/ORB_SLAM3/include/KeyFrame.h:28,\n'}
[9.317419] (orbslam3) StderrLine: {'line': b'                 from /home/romi/fawad/ORB_SLAM3/include/MapPoint.h:23,\n'}
[9.317507] (orbslam3) StderrLine: {'line': b'                 from /home/romi/fawad/ORB_SLAM3/include/FrameDrawer.h:24,\n'}
[9.317589] (orbslam3) StderrLine: {'line': b'                 from /home/romi/fawad/ORB_SLAM3/include/Viewer.h:23,\n'}
[9.317670] (orbslam3) StderrLine: {'line': b'                 from /home/romi/fawad/ORB_SLAM3/include/Tracking.h:26,\n'}
[9.317751] (orbslam3) StderrLine: {'line': b'                 from /home/romi/fawad/ORB_SLAM3/include/System.h:31,\n'}
[9.317838] (orbslam3) StderrLine: {'line': b'                 from /home/romi/fawad/ros2_ws/src/ORB_SLAM3_ROS2/src/monocular/monocular-slam-node.hpp:9,\n'}
[9.317937] (orbslam3) StderrLine: {'line': b'                 from /home/romi/fawad/ros2_ws/src/ORB_SLAM3_ROS2/src/monocular/mono.cpp:7:\n'}
[9.318026] (orbslam3) StderrLine: {'line': b'/home/romi/fawad/ORB_SLAM3/Thirdparty/g2o/g2o/types/../core/base_binary_edge.h: In instantiation of \xe2\x80\x98class g2o::BaseBinaryEdge<7, g2o::Sim3, g2o::VertexSim3Expmap, g2o::VertexSim3Expmap>\xe2\x80\x99:\n'}
[9.318535] (orbslam3) StderrLine: {'line': b'/home/romi/fawad/ORB_SLAM3/Thirdparty/g2o/g2o/types/types_seven_dof_expmap.h:99:27:   required from here\n'}
[9.318657] (orbslam3) StderrLine: {'line': b'/home/romi/fawad/ORB_SLAM3/Thirdparty/g2o/g2o/types/../core/base_binary_edge.h:59:80: warning: \xe2\x80\x98Eigen::AlignedBit\xe2\x80\x99 is deprecated [-Wdeprecated-declarations]\n'}
[9.318758] (orbslam3) StderrLine: {'line': b'   59 | ::Map<Matrix<double, Di, Dj>, Matrix<double, Di, Dj>::Flags & AlignedBit ? Aligned : Unaligned > HessianBlockType;\n'}
[9.318849] (orbslam3) StderrLine: {'line': b'      |                                                       ~~~~~~^~~~~~~~~~~~\n'}
[9.318935] (orbslam3) StderrLine: {'line': b'\n'}
[9.319018] (orbslam3) StderrLine: {'line': b'In file included from /usr/include/eigen3/Eigen/Core:161,\n'}
[9.319113] (orbslam3) StderrLine: {'line': b'                 from /usr/include/eigen3/Eigen/LU:11,\n'}
[9.319208] (orbslam3) StderrLine: {'line': b'                 from /home/romi/fawad/ORB_SLAM3/Thirdparty/Sophus/sophus/so2.hpp:12,\n'}
[9.319338] (orbslam3) StderrLine: {'line': b'                 from /home/romi/fawad/ORB_SLAM3/Thirdparty/Sophus/sophus/se2.hpp:7,\n'}
[9.319420] (orbslam3) StderrLine: {'line': b'                 from /home/romi/fawad/ORB_SLAM3/Thirdparty/Sophus/sophus/geometry.hpp:7,\n'}
[9.319504] (orbslam3) StderrLine: {'line': b'                 from /home/romi/fawad/ORB_SLAM3/include/Frame.h:28,\n'}
[9.319590] (orbslam3) StderrLine: {'line': b'                 from /home/romi/fawad/ORB_SLAM3/include/KeyFrame.h:28,\n'}
[9.319679] (orbslam3) StderrLine: {'line': b'                 from /home/romi/fawad/ORB_SLAM3/include/MapPoint.h:23,\n'}
[9.319765] (orbslam3) StderrLine: {'line': b'                 from /home/romi/fawad/ORB_SLAM3/include/FrameDrawer.h:24,\n'}
[9.319851] (orbslam3) StderrLine: {'line': b'                 from /home/romi/fawad/ORB_SLAM3/include/Viewer.h:23,\n'}
[9.319943] (orbslam3) StderrLine: {'line': b'                 from /home/romi/fawad/ORB_SLAM3/include/Tracking.h:26,\n'}
[9.320032] (orbslam3) StderrLine: {'line': b'                 from /home/romi/fawad/ORB_SLAM3/include/System.h:31,\n'}
[9.320128] (orbslam3) StderrLine: {'line': b'                 from /home/romi/fawad/ros2_ws/src/ORB_SLAM3_ROS2/src/monocular/monocular-slam-node.hpp:9,\n'}
[9.320250] (orbslam3) StderrLine: {'line': b'                 from /home/romi/fawad/ros2_ws/src/ORB_SLAM3_ROS2/src/monocular/mono.cpp:7:\n'}
[9.320338] (orbslam3) StderrLine: {'line': b'/usr/include/eigen3/Eigen/src/Core/util/Constants.h:167:37: note: declared here\n'}
[9.320421] (orbslam3) StderrLine: {'line': b'  167 | EIGEN_DEPRECATED const unsigned int AlignedBit = 0x80;\n'}
[9.320505] (orbslam3) StderrLine: {'line': b'      |                                     ^~~~~~~~~~\n'}
[9.320577] (orbslam3) StderrLine: {'line': b'In file included from /home/romi/fawad/ORB_SLAM3/Thirdparty/g2o/g2o/types/types_six_dof_expmap.h:38,\n'}
[9.320659] (orbslam3) StderrLine: {'line': b'                 from /home/romi/fawad/ORB_SLAM3/include/Converter.h:26,\n'}
[9.320744] (orbslam3) StderrLine: {'line': b'                 from /home/romi/fawad/ORB_SLAM3/include/Frame.h:33,\n'}
[9.320823] (orbslam3) StderrLine: {'line': b'                 from /home/romi/fawad/ORB_SLAM3/include/KeyFrame.h:28,\n'}
[9.320905] (orbslam3) StderrLine: {'line': b'                 from /home/romi/fawad/ORB_SLAM3/include/MapPoint.h:23,\n'}
[9.320989] (orbslam3) StderrLine: {'line': b'                 from /home/romi/fawad/ORB_SLAM3/include/FrameDrawer.h:24,\n'}
[9.321109] (orbslam3) StderrLine: {'line': b'                 from /home/romi/fawad/ORB_SLAM3/include/Viewer.h:23,\n'}
[9.321211] (orbslam3) StderrLine: {'line': b'                 from /home/romi/fawad/ORB_SLAM3/include/Tracking.h:26,\n'}
[9.321300] (orbslam3) StderrLine: {'line': b'                 from /home/romi/fawad/ORB_SLAM3/include/System.h:31,\n'}
[9.321391] (orbslam3) StderrLine: {'line': b'                 from /home/romi/fawad/ros2_ws/src/ORB_SLAM3_ROS2/src/monocular/monocular-slam-node.hpp:9,\n'}
[9.321482] (orbslam3) StderrLine: {'line': b'                 from /home/romi/fawad/ros2_ws/src/ORB_SLAM3_ROS2/src/monocular/mono.cpp:7:\n'}
[9.321569] (orbslam3) StderrLine: {'line': b'/home/romi/fawad/ORB_SLAM3/Thirdparty/g2o/g2o/types/../core/base_binary_edge.h:60:80: warning: \xe2\x80\x98Eigen::AlignedBit\xe2\x80\x99 is deprecated [-Wdeprecated-declarations]\n'}
[9.321659] (orbslam3) StderrLine: {'line': b'   60 | ::Map<Matrix<double, Dj, Di>, Matrix<double, Dj, Di>::Flags & AlignedBit ? Aligned : Unaligned > HessianBlockTransposedType;\n'}
[9.321748] (orbslam3) StderrLine: {'line': b'      |                                                       ~~~~~~^~~~~~~~~~~~\n'}
[9.321835] (orbslam3) StderrLine: {'line': b'\n'}
[9.321923] (orbslam3) StderrLine: {'line': b'In file included from /usr/include/eigen3/Eigen/Core:161,\n'}
[9.322011] (orbslam3) StderrLine: {'line': b'                 from /usr/include/eigen3/Eigen/LU:11,\n'}
[9.322107] (orbslam3) StderrLine: {'line': b'                 from /home/romi/fawad/ORB_SLAM3/Thirdparty/Sophus/sophus/so2.hpp:12,\n'}
[9.322208] (orbslam3) StderrLine: {'line': b'                 from /home/romi/fawad/ORB_SLAM3/Thirdparty/Sophus/sophus/se2.hpp:7,\n'}
[9.322295] (orbslam3) StderrLine: {'line': b'                 from /home/romi/fawad/ORB_SLAM3/Thirdparty/Sophus/sophus/geometry.hpp:7,\n'}
[9.322383] (orbslam3) StderrLine: {'line': b'                 from /home/romi/fawad/ORB_SLAM3/include/Frame.h:28,\n'}
[9.322470] (orbslam3) StderrLine: {'line': b'                 from /home/romi/fawad/ORB_SLAM3/include/KeyFrame.h:28,\n'}
[9.322559] (orbslam3) StderrLine: {'line': b'                 from /home/romi/fawad/ORB_SLAM3/include/MapPoint.h:23,\n'}
[9.322647] (orbslam3) StderrLine: {'line': b'                 from /home/romi/fawad/ORB_SLAM3/include/FrameDrawer.h:24,\n'}
[9.322735] (orbslam3) StderrLine: {'line': b'                 from /home/romi/fawad/ORB_SLAM3/include/Viewer.h:23,\n'}
[9.322823] (orbslam3) StderrLine: {'line': b'                 from /home/romi/fawad/ORB_SLAM3/include/Tracking.h:26,\n'}
[9.322915] (orbslam3) StderrLine: {'line': b'                 from /home/romi/fawad/ORB_SLAM3/include/System.h:31,\n'}
[9.323003] (orbslam3) StderrLine: {'line': b'                 from /home/romi/fawad/ros2_ws/src/ORB_SLAM3_ROS2/src/monocular/monocular-slam-node.hpp:9,\n'}
[9.323117] (orbslam3) StderrLine: {'line': b'                 from /home/romi/fawad/ros2_ws/src/ORB_SLAM3_ROS2/src/monocular/mono.cpp:7:\n'}
[9.323219] (orbslam3) StderrLine: {'line': b'/usr/include/eigen3/Eigen/src/Core/util/Constants.h:167:37: note: declared here\n'}
[9.323307] (orbslam3) StderrLine: {'line': b'  167 | EIGEN_DEPRECATED const unsigned int AlignedBit = 0x80;\n'}
[9.323397] (orbslam3) StderrLine: {'line': b'      |                                     ^~~~~~~~~~\n'}
[9.323483] (orbslam3) StderrLine: {'line': b'In file included from /home/romi/fawad/ORB_SLAM3/Thirdparty/g2o/g2o/types/types_six_dof_expmap.h:38,\n'}
[9.323575] (orbslam3) StderrLine: {'line': b'                 from /home/romi/fawad/ORB_SLAM3/include/Converter.h:26,\n'}
[9.323661] (orbslam3) StderrLine: {'line': b'                 from /home/romi/fawad/ORB_SLAM3/include/Frame.h:33,\n'}
[9.323748] (orbslam3) StderrLine: {'line': b'                 from /home/romi/fawad/ORB_SLAM3/include/KeyFrame.h:28,\n'}
[9.323837] (orbslam3) StderrLine: {'line': b'                 from /home/romi/fawad/ORB_SLAM3/include/MapPoint.h:23,\n'}
[9.323927] (orbslam3) StderrLine: {'line': b'                 from /home/romi/fawad/ORB_SLAM3/include/FrameDrawer.h:24,\n'}
[9.324017] (orbslam3) StderrLine: {'line': b'                 from /home/romi/fawad/ORB_SLAM3/include/Viewer.h:23,\n'}
[9.324116] (orbslam3) StderrLine: {'line': b'                 from /home/romi/fawad/ORB_SLAM3/include/Tracking.h:26,\n'}
[9.324217] (orbslam3) StderrLine: {'line': b'                 from /home/romi/fawad/ORB_SLAM3/include/System.h:31,\n'}
[9.324307] (orbslam3) StderrLine: {'line': b'                 from /home/romi/fawad/ros2_ws/src/ORB_SLAM3_ROS2/src/stereo-inertial/stereo-inertial-node.hpp:10,\n'}
[9.324400] (orbslam3) StderrLine: {'line': b'                 from /home/romi/fawad/ros2_ws/src/ORB_SLAM3_ROS2/src/stereo-inertial/stereo-inertial-node.cpp:1:\n'}
[9.324492] (orbslam3) StderrLine: {'line': b'/home/romi/fawad/ORB_SLAM3/Thirdparty/g2o/g2o/types/../core/base_binary_edge.h:60:80: warning: \xe2\x80\x98Eigen::AlignedBit\xe2\x80\x99 is deprecated [-Wdeprecated-declarations]\n'}
[9.324593] (orbslam3) StderrLine: {'line': b'   60 |       typedef Eigen::Map<Matrix<double, Dj, Di>, Matrix<double, Dj, Di>::Flags & AlignedBit ? Aligned : Unaligned > HessianBlockTransposedType;\n'}
[9.324684] (orbslam3) StderrLine: {'line': b'      |                                                                          ~~~~~~^~~~~~~~~~~~\n'}
[9.324774] (orbslam3) StderrLine: {'line': b'In file included from /usr/include/eigen3/Eigen/Core:161,\n'}
[9.324863] (orbslam3) StderrLine: {'line': b'                 from /usr/include/eigen3/Eigen/LU:11,\n'}
[9.324952] (orbslam3) StderrLine: {'line': b'                 from /home/romi/fawad/ORB_SLAM3/Thirdparty/Sophus/sophus/so2.hpp:12,\n'}
[9.325041] (orbslam3) StderrLine: {'line': b'                 from /home/romi/fawad/ORB_SLAM3/Thirdparty/Sophus/sophus/se2.hpp:7,\n'}
[9.325160] (orbslam3) StderrLine: {'line': b'                 from /home/romi/fawad/ORB_SLAM3/Thirdparty/Sophus/sophus/geometry.hpp:7,\n'}
[9.325258] (orbslam3) StderrLine: {'line': b'                 from /home/romi/fawad/ORB_SLAM3/include/Frame.h:28,\n'}
[9.325345] (orbslam3) StderrLine: {'line': b'                 from /home/romi/fawad/ORB_SLAM3/include/KeyFrame.h:28,\n'}
[9.325434] (orbslam3) StderrLine: {'line': b'                 from /home/romi/fawad/ORB_SLAM3/include/MapPoint.h:23,\n'}
[9.325521] (orbslam3) StderrLine: {'line': b'                 from /home/romi/fawad/ORB_SLAM3/include/FrameDrawer.h:24,\n'}
[9.325599] (orbslam3) StderrLine: {'line': b'                 from /home/romi/fawad/ORB_SLAM3/include/Viewer.h:23,\n'}
[9.325680] (orbslam3) StderrLine: {'line': b'                 from /home/romi/fawad/ORB_SLAM3/include/Tracking.h:26,\n'}
[9.325764] (orbslam3) StderrLine: {'line': b'                 from /home/romi/fawad/ORB_SLAM3/include/System.h:31,\n'}
[9.325852] (orbslam3) StderrLine: {'line': b'                 from /home/romi/fawad/ros2_ws/src/ORB_SLAM3_ROS2/src/stereo-inertial/stereo-inertial-node.hpp:10,\n'}
[9.325942] (orbslam3) StderrLine: {'line': b'                 from /home/romi/fawad/ros2_ws/src/ORB_SLAM3_ROS2/src/stereo-inertial/stereo-inertial-node.cpp:1:\n'}
[9.326030] (orbslam3) StderrLine: {'line': b'/usr/include/eigen3/Eigen/src/Core/util/Constants.h:167:37: note: declared here\n'}
[9.326125] (orbslam3) StderrLine: {'line': b'  167 | EIGEN_DEPRECATED const unsigned int AlignedBit = 0x80;\n'}
[9.326223] (orbslam3) StderrLine: {'line': b'      |                                     ^~~~~~~~~~\n'}
[9.340618] (-) TimerEvent: {}
[9.380599] (orbslam3) StderrLine: {'line': b'In file included from /home/romi/fawad/ORB_SLAM3/Thirdparty/g2o/g2o/types/types_six_dof_expmap.h:41,\n'}
[9.380818] (orbslam3) StderrLine: {'line': b'                 from /home/romi/fawad/ORB_SLAM3/include/Converter.h:26,\n'}
[9.380920] (orbslam3) StderrLine: {'line': b'                 from /home/romi/fawad/ORB_SLAM3/include/Frame.h:33,\n'}
[9.381107] (orbslam3) StderrLine: {'line': b'                 from /home/romi/fawad/ORB_SLAM3/include/KeyFrame.h:28,\n'}
[9.381216] (orbslam3) StderrLine: {'line': b'                 from /home/romi/fawad/ORB_SLAM3/include/MapPoint.h:23,\n'}
[9.381301] (orbslam3) StderrLine: {'line': b'                 from /home/romi/fawad/ORB_SLAM3/include/FrameDrawer.h:24,\n'}
[9.381387] (orbslam3) StderrLine: {'line': b'                 from /home/romi/fawad/ORB_SLAM3/include/Viewer.h:23,\n'}
[9.381474] (orbslam3) StderrLine: {'line': b'                 from /home/romi/fawad/ORB_SLAM3/include/Tracking.h:26,\n'}
[9.381558] (orbslam3) StderrLine: {'line': b'                 from /home/romi/fawad/ORB_SLAM3/include/System.h:31,\n'}
[9.381644] (orbslam3) StderrLine: {'line': b'                 from /home/romi/fawad/ros2_ws/src/ORB_SLAM3_ROS2/src/rgbd/rgbd-slam-node.hpp:18,\n'}
[9.381742] (orbslam3) StderrLine: {'line': b'                 from /home/romi/fawad/ros2_ws/src/ORB_SLAM3_ROS2/src/rgbd/rgbd-slam-node.cpp:1:\n'}
[9.381831] (orbslam3) StderrLine: {'line': b'/home/romi/fawad/ORB_SLAM3/Thirdparty/g2o/g2o/types/se3quat.h:43:38: warning: extra \xe2\x80\x98;\xe2\x80\x99 [-Wpedantic]\n'}
[9.381921] (orbslam3) StderrLine: {'line': b'   43 |       EIGEN_MAKE_ALIGNED_OPERATOR_NEW;\n'}
[9.382009] (orbslam3) StderrLine: {'line': b'      |                                      ^\n'}
[9.382093] (orbslam3) StderrLine: {'line': b'      |                                      -\n'}
[9.384470] (orbslam3) StderrLine: {'line': b'In file included from /home/romi/fawad/ORB_SLAM3/Thirdparty/g2o/g2o/types/types_six_dof_expmap.h:38,\n'}
[9.384685] (orbslam3) StderrLine: {'line': b'                 from /home/romi/fawad/ORB_SLAM3/include/Converter.h:26,\n'}
[9.384781] (orbslam3) StderrLine: {'line': b'                 from /home/romi/fawad/ORB_SLAM3/include/Frame.h:33,\n'}
[9.384872] (orbslam3) StderrLine: {'line': b'                 from /home/romi/fawad/ORB_SLAM3/include/KeyFrame.h:28,\n'}
[9.384947] (orbslam3) StderrLine: {'line': b'                 from /home/romi/fawad/ORB_SLAM3/include/MapPoint.h:23,\n'}
[9.385031] (orbslam3) StderrLine: {'line': b'                 from /home/romi/fawad/ORB_SLAM3/include/FrameDrawer.h:24,\n'}
[9.385282] (orbslam3) StderrLine: {'line': b'                 from /home/romi/fawad/ORB_SLAM3/include/Viewer.h:23,\n'}
[9.385393] (orbslam3) StderrLine: {'line': b'                 from /home/romi/fawad/ORB_SLAM3/include/Tracking.h:26,\n'}
[9.385481] (orbslam3) StderrLine: {'line': b'                 from /home/romi/fawad/ORB_SLAM3/include/System.h:31,\n'}
[9.385570] (orbslam3) StderrLine: {'line': b'                 from /home/romi/fawad/ros2_ws/src/ORB_SLAM3_ROS2/src/monocular/monocular-slam-node.hpp:9,\n'}
[9.385661] (orbslam3) StderrLine: {'line': b'                 from /home/romi/fawad/ros2_ws/src/ORB_SLAM3_ROS2/src/monocular/mono.cpp:7:\n'}
[9.385749] (orbslam3) StderrLine: {'line': b'/home/romi/fawad/ORB_SLAM3/Thirdparty/g2o/g2o/types/../core/base_binary_edge.h: In instantiation of \xe2\x80\x98class g2o::BaseBinaryEdge<2, Eigen::Matrix<double, 2, 1>, g2o::VertexSBAPointXYZ, g2o::VertexSim3Expmap>\xe2\x80\x99:\n'}
[9.385856] (orbslam3) StderrLine: {'line': b'/home/romi/fawad/ORB_SLAM3/Thirdparty/g2o/g2o/types/types_seven_dof_expmap.h:130:36:   required from here\n'}
[9.385943] (orbslam3) StderrLine: {'line': b'/home/romi/fawad/ORB_SLAM3/Thirdparty/g2o/g2o/types/../core/base_binary_edge.h:59:80: warning: \xe2\x80\x98Eigen::AlignedBit\xe2\x80\x99 is deprecated [-Wdeprecated-declarations]\n'}
[9.386032] (orbslam3) StderrLine: {'line': b'   59 | ::Map<Matrix<double, Di, Dj>, Matrix<double, Di, Dj>::Flags & AlignedBit ? Aligned : Unaligned > HessianBlockType;\n'}
[9.386123] (orbslam3) StderrLine: {'line': b'      |                                                       ~~~~~~^~~~~~~~~~~~\n'}
[9.386214] (orbslam3) StderrLine: {'line': b'\n'}
[9.386297] (orbslam3) StderrLine: {'line': b'In file included from /usr/include/eigen3/Eigen/Core:161,\n'}
[9.386385] (orbslam3) StderrLine: {'line': b'                 from /usr/include/eigen3/Eigen/LU:11,\n'}
[9.386474] (orbslam3) StderrLine: {'line': b'                 from /home/romi/fawad/ORB_SLAM3/Thirdparty/Sophus/sophus/so2.hpp:12,\n'}
[9.386559] (orbslam3) StderrLine: {'line': b'                 from /home/romi/fawad/ORB_SLAM3/Thirdparty/Sophus/sophus/se2.hpp:7,\n'}
[9.386643] (orbslam3) StderrLine: {'line': b'                 from /home/romi/fawad/ORB_SLAM3/Thirdparty/Sophus/sophus/geometry.hpp:7,\n'}
[9.386726] (orbslam3) StderrLine: {'line': b'                 from /home/romi/fawad/ORB_SLAM3/include/Frame.h:28,\n'}
[9.386810] (orbslam3) StderrLine: {'line': b'                 from /home/romi/fawad/ORB_SLAM3/include/KeyFrame.h:28,\n'}
[9.386897] (orbslam3) StderrLine: {'line': b'                 from /home/romi/fawad/ORB_SLAM3/include/MapPoint.h:23,\n'}
[9.386982] (orbslam3) StderrLine: {'line': b'                 from /home/romi/fawad/ORB_SLAM3/include/FrameDrawer.h:24,\n'}
[9.387084] (orbslam3) StderrLine: {'line': b'                 from /home/romi/fawad/ORB_SLAM3/include/Viewer.h:23,\n'}
[9.387190] (orbslam3) StderrLine: {'line': b'                 from /home/romi/fawad/ORB_SLAM3/include/Tracking.h:26,\n'}
[9.387283] (orbslam3) StderrLine: {'line': b'                 from /home/romi/fawad/ORB_SLAM3/include/System.h:31,\n'}
[9.387385] (orbslam3) StderrLine: {'line': b'                 from /home/romi/fawad/ros2_ws/src/ORB_SLAM3_ROS2/src/monocular/monocular-slam-node.hpp:9,\n'}
[9.387473] (orbslam3) StderrLine: {'line': b'                 from /home/romi/fawad/ros2_ws/src/ORB_SLAM3_ROS2/src/monocular/mono.cpp:7:\n'}
[9.387561] (orbslam3) StderrLine: {'line': b'/usr/include/eigen3/Eigen/src/Core/util/Constants.h:167:37: note: declared here\n'}
[9.387650] (orbslam3) StderrLine: {'line': b'  167 | EIGEN_DEPRECATED const unsigned int AlignedBit = 0x80;\n'}
[9.387741] (orbslam3) StderrLine: {'line': b'      |                                     ^~~~~~~~~~\n'}
[9.410488] (orbslam3) StderrLine: {'line': b'In file included from /home/romi/fawad/ORB_SLAM3/Thirdparty/g2o/g2o/types/types_six_dof_expmap.h:38,\n'}
[9.410699] (orbslam3) StderrLine: {'line': b'                 from /home/romi/fawad/ORB_SLAM3/include/Converter.h:26,\n'}
[9.410798] (orbslam3) StderrLine: {'line': b'                 from /home/romi/fawad/ORB_SLAM3/include/Frame.h:33,\n'}
[9.410888] (orbslam3) StderrLine: {'line': b'                 from /home/romi/fawad/ORB_SLAM3/include/KeyFrame.h:28,\n'}
[9.410977] (orbslam3) StderrLine: {'line': b'                 from /home/romi/fawad/ORB_SLAM3/include/MapPoint.h:23,\n'}
[9.411214] (orbslam3) StderrLine: {'line': b'                 from /home/romi/fawad/ORB_SLAM3/include/FrameDrawer.h:24,\n'}
[9.411336] (orbslam3) StderrLine: {'line': b'                 from /home/romi/fawad/ORB_SLAM3/include/Viewer.h:23,\n'}
[9.411419] (orbslam3) StderrLine: {'line': b'                 from /home/romi/fawad/ORB_SLAM3/include/Tracking.h:26,\n'}
[9.411506] (orbslam3) StderrLine: {'line': b'                 from /home/romi/fawad/ORB_SLAM3/include/System.h:31,\n'}
[9.411595] (orbslam3) StderrLine: {'line': b'                 from /home/romi/fawad/ros2_ws/src/ORB_SLAM3_ROS2/src/monocular/monocular-slam-node.hpp:9,\n'}
[9.411681] (orbslam3) StderrLine: {'line': b'                 from /home/romi/fawad/ros2_ws/src/ORB_SLAM3_ROS2/src/monocular/mono.cpp:7:\n'}
[9.411770] (orbslam3) StderrLine: {'line': b'/home/romi/fawad/ORB_SLAM3/Thirdparty/g2o/g2o/types/../core/base_binary_edge.h:60:80: warning: \xe2\x80\x98Eigen::AlignedBit\xe2\x80\x99 is deprecated [-Wdeprecated-declarations]\n'}
[9.411862] (orbslam3) StderrLine: {'line': b'   60 | ::Map<Matrix<double, Dj, Di>, Matrix<double, Dj, Di>::Flags & AlignedBit ? Aligned : Unaligned > HessianBlockTransposedType;\n'}
[9.411951] (orbslam3) StderrLine: {'line': b'      |                                                       ~~~~~~^~~~~~~~~~~~\n'}
[9.412035] (orbslam3) StderrLine: {'line': b'\n'}
[9.412148] (orbslam3) StderrLine: {'line': b'In file included from /usr/include/eigen3/Eigen/Core:161,\n'}
[9.412244] (orbslam3) StderrLine: {'line': b'                 from /usr/include/eigen3/Eigen/LU:11,\n'}
[9.412331] (orbslam3) StderrLine: {'line': b'                 from /home/romi/fawad/ORB_SLAM3/Thirdparty/Sophus/sophus/so2.hpp:12,\n'}
[9.412418] (orbslam3) StderrLine: {'line': b'                 from /home/romi/fawad/ORB_SLAM3/Thirdparty/Sophus/sophus/se2.hpp:7,\n'}
[9.412506] (orbslam3) StderrLine: {'line': b'                 from /home/romi/fawad/ORB_SLAM3/Thirdparty/Sophus/sophus/geometry.hpp:7,\n'}
[9.412591] (orbslam3) StderrLine: {'line': b'                 from /home/romi/fawad/ORB_SLAM3/include/Frame.h:28,\n'}
[9.412680] (orbslam3) StderrLine: {'line': b'                 from /home/romi/fawad/ORB_SLAM3/include/KeyFrame.h:28,\n'}
[9.412770] (orbslam3) StderrLine: {'line': b'                 from /home/romi/fawad/ORB_SLAM3/include/MapPoint.h:23,\n'}
[9.412854] (orbslam3) StderrLine: {'line': b'                 from /home/romi/fawad/ORB_SLAM3/include/FrameDrawer.h:24,\n'}
[9.412940] (orbslam3) StderrLine: {'line': b'                 from /home/romi/fawad/ORB_SLAM3/include/Viewer.h:23,\n'}
[9.413022] (orbslam3) StderrLine: {'line': b'                 from /home/romi/fawad/ORB_SLAM3/include/Tracking.h:26,\n'}
[9.413119] (orbslam3) StderrLine: {'line': b'                 from /home/romi/fawad/ORB_SLAM3/include/System.h:31,\n'}
[9.413219] (orbslam3) StderrLine: {'line': b'                 from /home/romi/fawad/ros2_ws/src/ORB_SLAM3_ROS2/src/monocular/monocular-slam-node.hpp:9,\n'}
[9.413307] (orbslam3) StderrLine: {'line': b'                 from /home/romi/fawad/ros2_ws/src/ORB_SLAM3_ROS2/src/monocular/mono.cpp:7:\n'}
[9.413393] (orbslam3) StderrLine: {'line': b'/usr/include/eigen3/Eigen/src/Core/util/Constants.h:167:37: note: declared here\n'}
[9.413481] (orbslam3) StderrLine: {'line': b'  167 | EIGEN_DEPRECATED const unsigned int AlignedBit = 0x80;\n'}
[9.413566] (orbslam3) StderrLine: {'line': b'      |                                     ^~~~~~~~~~\n'}
[9.438339] (orbslam3) StderrLine: {'line': b'In file included from /home/romi/fawad/ORB_SLAM3/Thirdparty/g2o/g2o/types/types_six_dof_expmap.h:37,\n'}
[9.438549] (orbslam3) StderrLine: {'line': b'                 from /home/romi/fawad/ORB_SLAM3/include/Converter.h:26,\n'}
[9.438651] (orbslam3) StderrLine: {'line': b'                 from /home/romi/fawad/ORB_SLAM3/include/Frame.h:33,\n'}
[9.438892] (orbslam3) StderrLine: {'line': b'                 from /home/romi/fawad/ORB_SLAM3/include/KeyFrame.h:28,\n'}
[9.438999] (orbslam3) StderrLine: {'line': b'                 from /home/romi/fawad/ORB_SLAM3/include/MapPoint.h:23,\n'}
[9.439091] (orbslam3) StderrLine: {'line': b'                 from /home/romi/fawad/ORB_SLAM3/include/FrameDrawer.h:24,\n'}
[9.439197] (orbslam3) StderrLine: {'line': b'                 from /home/romi/fawad/ORB_SLAM3/include/Viewer.h:23,\n'}
[9.439286] (orbslam3) StderrLine: {'line': b'                 from /home/romi/fawad/ORB_SLAM3/include/Tracking.h:26,\n'}
[9.439376] (orbslam3) StderrLine: {'line': b'                 from /home/romi/fawad/ORB_SLAM3/include/System.h:31,\n'}
[9.439471] (orbslam3) StderrLine: {'line': b'                 from /home/romi/fawad/ros2_ws/src/ORB_SLAM3_ROS2/src/rgbd/rgbd-slam-node.hpp:18,\n'}
[9.439561] (orbslam3) StderrLine: {'line': b'                 from /home/romi/fawad/ros2_ws/src/ORB_SLAM3_ROS2/src/rgbd/rgbd.cpp:7:\n'}
[9.439647] (orbslam3) StderrLine: {'line': b'/home/romi/fawad/ORB_SLAM3/Thirdparty/g2o/g2o/types/../core/base_vertex.h: In instantiation of \xe2\x80\x98class g2o::BaseVertex<7, g2o::Sim3>\xe2\x80\x99:\n'}
[9.439740] (orbslam3) StderrLine: {'line': b'/home/romi/fawad/ORB_SLAM3/Thirdparty/g2o/g2o/types/types_seven_dof_expmap.h:48:35:   required from here\n'}
[9.439827] (orbslam3) StderrLine: {'line': b'/home/romi/fawad/ORB_SLAM3/Thirdparty/g2o/g2o/types/../core/base_vertex.h:62:72: warning: \xe2\x80\x98Eigen::AlignedBit\xe2\x80\x99 is deprecated [-Wdeprecated-declarations]\n'}
[9.439914] (orbslam3) StderrLine: {'line': b'   62 |     typedef Eigen::Map<Matrix<double, D, D>, Matrix<double,D,D>::Flags & AlignedBit ? Aligned : Unaligned >  HessianBlockType;\n'}
[9.440000] (orbslam3) StderrLine: {'line': b'      |                                                                  ~~~~~~^~~~~~~~~~~~\n'}
[9.440089] (orbslam3) StderrLine: {'line': b'In file included from /usr/include/eigen3/Eigen/Core:161,\n'}
[9.440190] (orbslam3) StderrLine: {'line': b'                 from /usr/include/eigen3/Eigen/LU:11,\n'}
[9.440269] (orbslam3) StderrLine: {'line': b'                 from /home/romi/fawad/ORB_SLAM3/Thirdparty/Sophus/sophus/so2.hpp:12,\n'}
[9.440354] (orbslam3) StderrLine: {'line': b'                 from /home/romi/fawad/ORB_SLAM3/Thirdparty/Sophus/sophus/se2.hpp:7,\n'}
[9.440436] (orbslam3) StderrLine: {'line': b'                 from /home/romi/fawad/ORB_SLAM3/Thirdparty/Sophus/sophus/geometry.hpp:7,\n'}
[9.440523] (orbslam3) StderrLine: {'line': b'                 from /home/romi/fawad/ORB_SLAM3/include/Frame.h:28,\n'}
[9.440606] (-) TimerEvent: {}
[9.440833] (orbslam3) StderrLine: {'line': b'                 from /home/romi/fawad/ORB_SLAM3/include/KeyFrame.h:28,\n'}
[9.440937] (orbslam3) StderrLine: {'line': b'                 from /home/romi/fawad/ORB_SLAM3/include/MapPoint.h:23,\n'}
[9.441029] (orbslam3) StderrLine: {'line': b'                 from /home/romi/fawad/ORB_SLAM3/include/FrameDrawer.h:24,\n'}
[9.441128] (orbslam3) StderrLine: {'line': b'                 from /home/romi/fawad/ORB_SLAM3/include/Viewer.h:23,\n'}
[9.441722] (orbslam3) StderrLine: {'line': b'                 from /home/romi/fawad/ORB_SLAM3/include/Tracking.h:26,\n'}
[9.441825] (orbslam3) StderrLine: {'line': b'                 from /home/romi/fawad/ORB_SLAM3/include/System.h:31,\n'}
[9.441923] (orbslam3) StderrLine: {'line': b'                 from /home/romi/fawad/ros2_ws/src/ORB_SLAM3_ROS2/src/rgbd/rgbd-slam-node.hpp:18,\n'}
[9.442013] (orbslam3) StderrLine: {'line': b'                 from /home/romi/fawad/ros2_ws/src/ORB_SLAM3_ROS2/src/rgbd/rgbd.cpp:7:\n'}
[9.442108] (orbslam3) StderrLine: {'line': b'/usr/include/eigen3/Eigen/src/Core/util/Constants.h:167:37: note: declared here\n'}
[9.442209] (orbslam3) StderrLine: {'line': b'  167 | EIGEN_DEPRECATED const unsigned int AlignedBit = 0x80;\n'}
[9.442299] (orbslam3) StderrLine: {'line': b'      |                                     ^~~~~~~~~~\n'}
[9.488609] (orbslam3) StderrLine: {'line': b'In file included from /home/romi/fawad/ORB_SLAM3/Thirdparty/g2o/g2o/types/types_six_dof_expmap.h:38,\n'}
[9.489093] (orbslam3) StderrLine: {'line': b'                 from /home/romi/fawad/ORB_SLAM3/include/Converter.h:26,\n'}
[9.489211] (orbslam3) StderrLine: {'line': b'                 from /home/romi/fawad/ORB_SLAM3/include/Frame.h:33,\n'}
[9.489291] (orbslam3) StderrLine: {'line': b'                 from /home/romi/fawad/ORB_SLAM3/include/KeyFrame.h:28,\n'}
[9.489368] (orbslam3) StderrLine: {'line': b'                 from /home/romi/fawad/ORB_SLAM3/include/MapPoint.h:23,\n'}
[9.489445] (orbslam3) StderrLine: {'line': b'                 from /home/romi/fawad/ORB_SLAM3/include/FrameDrawer.h:24,\n'}
[9.489533] (orbslam3) StderrLine: {'line': b'                 from /home/romi/fawad/ORB_SLAM3/include/Viewer.h:23,\n'}
[9.489608] (orbslam3) StderrLine: {'line': b'                 from /home/romi/fawad/ORB_SLAM3/include/Tracking.h:26,\n'}
[9.489682] (orbslam3) StderrLine: {'line': b'                 from /home/romi/fawad/ORB_SLAM3/include/System.h:31,\n'}
[9.489756] (orbslam3) StderrLine: {'line': b'                 from /home/romi/fawad/ros2_ws/src/ORB_SLAM3_ROS2/src/rgbd/rgbd-slam-node.hpp:18,\n'}
[9.489832] (orbslam3) StderrLine: {'line': b'                 from /home/romi/fawad/ros2_ws/src/ORB_SLAM3_ROS2/src/rgbd/rgbd.cpp:7:\n'}
[9.489907] (orbslam3) StderrLine: {'line': b'/home/romi/fawad/ORB_SLAM3/Thirdparty/g2o/g2o/types/../core/base_binary_edge.h: In instantiation of \xe2\x80\x98class g2o::BaseBinaryEdge<7, g2o::Sim3, g2o::VertexSim3Expmap, g2o::VertexSim3Expmap>\xe2\x80\x99:\n'}
[9.489986] (orbslam3) StderrLine: {'line': b'/home/romi/fawad/ORB_SLAM3/Thirdparty/g2o/g2o/types/types_seven_dof_expmap.h:99:27:   required from here\n'}
[9.490061] (orbslam3) StderrLine: {'line': b'/home/romi/fawad/ORB_SLAM3/Thirdparty/g2o/g2o/types/../core/base_binary_edge.h:59:80: warning: \xe2\x80\x98Eigen::AlignedBit\xe2\x80\x99 is deprecated [-Wdeprecated-declarations]\n'}
[9.490149] (orbslam3) StderrLine: {'line': b'   59 |       typedef Eigen::Map<Matrix<double, Di, Dj>, Matrix<double, Di, Dj>::Flags & AlignedBit ? Aligned : Unaligned > HessianBlockType;\n'}
[9.490234] (orbslam3) StderrLine: {'line': b'      |                                                                          ~~~~~~^~~~~~~~~~~~\n'}
[9.490310] (orbslam3) StderrLine: {'line': b'In file included from /usr/include/eigen3/Eigen/Core:161,\n'}
[9.490384] (orbslam3) StderrLine: {'line': b'                 from /usr/include/eigen3/Eigen/LU:11,\n'}
[9.490459] (orbslam3) StderrLine: {'line': b'                 from /home/romi/fawad/ORB_SLAM3/Thirdparty/Sophus/sophus/so2.hpp:12,\n'}
[9.490571] (orbslam3) StderrLine: {'line': b'                 from /home/romi/fawad/ORB_SLAM3/Thirdparty/Sophus/sophus/se2.hpp:7,\n'}
[9.490648] (orbslam3) StderrLine: {'line': b'                 from /home/romi/fawad/ORB_SLAM3/Thirdparty/Sophus/sophus/geometry.hpp:7,\n'}
[9.490728] (orbslam3) StderrLine: {'line': b'                 from /home/romi/fawad/ORB_SLAM3/include/Frame.h:28,\n'}
[9.490803] (orbslam3) StderrLine: {'line': b'                 from /home/romi/fawad/ORB_SLAM3/include/KeyFrame.h:28,\n'}
[9.490877] (orbslam3) StderrLine: {'line': b'                 from /home/romi/fawad/ORB_SLAM3/include/MapPoint.h:23,\n'}
[9.490951] (orbslam3) StderrLine: {'line': b'                 from /home/romi/fawad/ORB_SLAM3/include/FrameDrawer.h:24,\n'}
[9.491025] (orbslam3) StderrLine: {'line': b'                 from /home/romi/fawad/ORB_SLAM3/include/Viewer.h:23,\n'}
[9.491105] (orbslam3) StderrLine: {'line': b'                 from /home/romi/fawad/ORB_SLAM3/include/Tracking.h:26,\n'}
[9.491188] (orbslam3) StderrLine: {'line': b'                 from /home/romi/fawad/ORB_SLAM3/include/System.h:31,\n'}
[9.491263] (orbslam3) StderrLine: {'line': b'                 from /home/romi/fawad/ros2_ws/src/ORB_SLAM3_ROS2/src/rgbd/rgbd-slam-node.hpp:18,\n'}
[9.491345] (orbslam3) StderrLine: {'line': b'                 from /home/romi/fawad/ros2_ws/src/ORB_SLAM3_ROS2/src/rgbd/rgbd.cpp:7:\n'}
[9.491423] (orbslam3) StderrLine: {'line': b'/usr/include/eigen3/Eigen/src/Core/util/Constants.h:167:37: note: declared here\n'}
[9.491499] (orbslam3) StderrLine: {'line': b'  167 | EIGEN_DEPRECATED const unsigned int AlignedBit = 0x80;\n'}
[9.491573] (orbslam3) StderrLine: {'line': b'      |                                     ^~~~~~~~~~\n'}
[9.491654] (orbslam3) StderrLine: {'line': b'In file included from /home/romi/fawad/ORB_SLAM3/Thirdparty/g2o/g2o/types/types_six_dof_expmap.h:38,\n'}
[9.491730] (orbslam3) StderrLine: {'line': b'                 from /home/romi/fawad/ORB_SLAM3/include/Converter.h:26,\n'}
[9.491805] (orbslam3) StderrLine: {'line': b'                 from /home/romi/fawad/ORB_SLAM3/include/Frame.h:33,\n'}
[9.491884] (orbslam3) StderrLine: {'line': b'                 from /home/romi/fawad/ORB_SLAM3/include/KeyFrame.h:28,\n'}
[9.491958] (orbslam3) StderrLine: {'line': b'                 from /home/romi/fawad/ORB_SLAM3/include/MapPoint.h:23,\n'}
[9.492033] (orbslam3) StderrLine: {'line': b'                 from /home/romi/fawad/ORB_SLAM3/include/FrameDrawer.h:24,\n'}
[9.492163] (orbslam3) StderrLine: {'line': b'                 from /home/romi/fawad/ORB_SLAM3/include/Viewer.h:23,\n'}
[9.492252] (orbslam3) StderrLine: {'line': b'                 from /home/romi/fawad/ORB_SLAM3/include/Tracking.h:26,\n'}
[9.492329] (orbslam3) StderrLine: {'line': b'                 from /home/romi/fawad/ORB_SLAM3/include/System.h:31,\n'}
[9.492403] (orbslam3) StderrLine: {'line': b'                 from /home/romi/fawad/ros2_ws/src/ORB_SLAM3_ROS2/src/rgbd/rgbd-slam-node.hpp:18,\n'}
[9.492477] (orbslam3) StderrLine: {'line': b'                 from /home/romi/fawad/ros2_ws/src/ORB_SLAM3_ROS2/src/rgbd/rgbd.cpp:7:\n'}
[9.492551] (orbslam3) StderrLine: {'line': b'/home/romi/fawad/ORB_SLAM3/Thirdparty/g2o/g2o/types/../core/base_binary_edge.h:60:80: warning: \xe2\x80\x98Eigen::AlignedBit\xe2\x80\x99 is deprecated [-Wdeprecated-declarations]\n'}
[9.492627] (orbslam3) StderrLine: {'line': b'   60 |       typedef Eigen::Map<Matrix<double, Dj, Di>, Matrix<double, Dj, Di>::Flags & AlignedBit ? Aligned : Unaligned > HessianBlockTransposedType;\n'}
[9.492703] (orbslam3) StderrLine: {'line': b'      |                                                                          ~~~~~~^~~~~~~~~~~~\n'}
[9.492779] (orbslam3) StderrLine: {'line': b'In file included from /usr/include/eigen3/Eigen/Core:161,\n'}
[9.492854] (orbslam3) StderrLine: {'line': b'                 from /usr/include/eigen3/Eigen/LU:11,\n'}
[9.492930] (orbslam3) StderrLine: {'line': b'                 from /home/romi/fawad/ORB_SLAM3/Thirdparty/Sophus/sophus/so2.hpp:12,\n'}
[9.493006] (orbslam3) StderrLine: {'line': b'                 from /home/romi/fawad/ORB_SLAM3/Thirdparty/Sophus/sophus/se2.hpp:7,\n'}
[9.493080] (orbslam3) StderrLine: {'line': b'                 from /home/romi/fawad/ORB_SLAM3/Thirdparty/Sophus/sophus/geometry.hpp:7,\n'}
[9.493169] (orbslam3) StderrLine: {'line': b'                 from /home/romi/fawad/ORB_SLAM3/include/Frame.h:28,\n'}
[9.493246] (orbslam3) StderrLine: {'line': b'                 from /home/romi/fawad/ORB_SLAM3/include/KeyFrame.h:28,\n'}
[9.493320] (orbslam3) StderrLine: {'line': b'                 from /home/romi/fawad/ORB_SLAM3/include/MapPoint.h:23,\n'}
[9.493395] (orbslam3) StderrLine: {'line': b'                 from /home/romi/fawad/ORB_SLAM3/include/FrameDrawer.h:24,\n'}
[9.493469] (orbslam3) StderrLine: {'line': b'                 from /home/romi/fawad/ORB_SLAM3/include/Viewer.h:23,\n'}
[9.493542] (orbslam3) StderrLine: {'line': b'                 from /home/romi/fawad/ORB_SLAM3/include/Tracking.h:26,\n'}
[9.493615] (orbslam3) StderrLine: {'line': b'                 from /home/romi/fawad/ORB_SLAM3/include/System.h:31,\n'}
[9.493690] (orbslam3) StderrLine: {'line': b'                 from /home/romi/fawad/ros2_ws/src/ORB_SLAM3_ROS2/src/rgbd/rgbd-slam-node.hpp:18,\n'}
[9.493766] (orbslam3) StderrLine: {'line': b'                 from /home/romi/fawad/ros2_ws/src/ORB_SLAM3_ROS2/src/rgbd/rgbd.cpp:7:\n'}
[9.493841] (orbslam3) StderrLine: {'line': b'/usr/include/eigen3/Eigen/src/Core/util/Constants.h:167:37: note: declared here\n'}
[9.493915] (orbslam3) StderrLine: {'line': b'  167 | EIGEN_DEPRECATED const unsigned int AlignedBit = 0x80;\n'}
[9.493990] (orbslam3) StderrLine: {'line': b'      |                                     ^~~~~~~~~~\n'}
[9.513008] (orbslam3) StderrLine: {'line': b'In file included from /home/romi/fawad/ORB_SLAM3/Thirdparty/g2o/g2o/types/types_six_dof_expmap.h:37,\n'}
[9.513359] (orbslam3) StderrLine: {'line': b'                 from /home/romi/fawad/ORB_SLAM3/include/Converter.h:26,\n'}
[9.513468] (orbslam3) StderrLine: {'line': b'                 from /home/romi/fawad/ORB_SLAM3/include/Frame.h:33,\n'}
[9.513568] (orbslam3) StderrLine: {'line': b'                 from /home/romi/fawad/ORB_SLAM3/include/KeyFrame.h:28,\n'}
[9.513656] (orbslam3) StderrLine: {'line': b'                 from /home/romi/fawad/ORB_SLAM3/include/MapPoint.h:23,\n'}
[9.513731] (orbslam3) StderrLine: {'line': b'                 from /home/romi/fawad/ORB_SLAM3/include/FrameDrawer.h:24,\n'}
[9.513807] (orbslam3) StderrLine: {'line': b'                 from /home/romi/fawad/ORB_SLAM3/include/Viewer.h:23,\n'}
[9.513881] (orbslam3) StderrLine: {'line': b'                 from /home/romi/fawad/ORB_SLAM3/include/Tracking.h:26,\n'}
[9.513955] (orbslam3) StderrLine: {'line': b'                 from /home/romi/fawad/ORB_SLAM3/include/System.h:31,\n'}
[9.514030] (orbslam3) StderrLine: {'line': b'                 from /home/romi/fawad/ros2_ws/src/ORB_SLAM3_ROS2/src/stereo-inertial/stereo-inertial-node.hpp:10,\n'}
[9.514115] (orbslam3) StderrLine: {'line': b'                 from /home/romi/fawad/ros2_ws/src/ORB_SLAM3_ROS2/src/stereo-inertial/stereo-inertial.cpp:7:\n'}
[9.514200] (orbslam3) StderrLine: {'line': b'/home/romi/fawad/ORB_SLAM3/Thirdparty/g2o/g2o/types/../core/base_vertex.h: In instantiation of \xe2\x80\x98class g2o::BaseVertex<3, Eigen::Matrix<double, 3, 1> >\xe2\x80\x99:\n'}
[9.514285] (orbslam3) StderrLine: {'line': b'/home/romi/fawad/ORB_SLAM3/Thirdparty/g2o/g2o/types/types_sba.h:40:35:   required from here\n'}
[9.514362] (orbslam3) StderrLine: {'line': b'/home/romi/fawad/ORB_SLAM3/Thirdparty/g2o/g2o/types/../core/base_vertex.h:62:72: warning: \xe2\x80\x98Eigen::AlignedBit\xe2\x80\x99 is deprecated [-Wdeprecated-declarations]\n'}
[9.514443] (orbslam3) StderrLine: {'line': b'   62 |     typedef Eigen::Map<Matrix<double, D, D>, Matrix<double,D,D>::Flags & AlignedBit ? Aligned : Unaligned >  HessianBlockType;\n'}
[9.514517] (orbslam3) StderrLine: {'line': b'      |                                                                  ~~~~~~^~~~~~~~~~~~\n'}
[9.514592] (orbslam3) StderrLine: {'line': b'In file included from /usr/include/eigen3/Eigen/Core:161,\n'}
[9.514666] (orbslam3) StderrLine: {'line': b'                 from /usr/include/eigen3/Eigen/LU:11,\n'}
[9.514740] (orbslam3) StderrLine: {'line': b'                 from /home/romi/fawad/ORB_SLAM3/Thirdparty/Sophus/sophus/so2.hpp:12,\n'}
[9.514822] (orbslam3) StderrLine: {'line': b'                 from /home/romi/fawad/ORB_SLAM3/Thirdparty/Sophus/sophus/se2.hpp:7,\n'}
[9.514897] (orbslam3) StderrLine: {'line': b'                 from /home/romi/fawad/ORB_SLAM3/Thirdparty/Sophus/sophus/geometry.hpp:7,\n'}
[9.514972] (orbslam3) StderrLine: {'line': b'                 from /home/romi/fawad/ORB_SLAM3/include/Frame.h:28,\n'}
[9.515046] (orbslam3) StderrLine: {'line': b'                 from /home/romi/fawad/ORB_SLAM3/include/KeyFrame.h:28,\n'}
[9.515134] (orbslam3) StderrLine: {'line': b'                 from /home/romi/fawad/ORB_SLAM3/include/MapPoint.h:23,\n'}
[9.515215] (orbslam3) StderrLine: {'line': b'                 from /home/romi/fawad/ORB_SLAM3/include/FrameDrawer.h:24,\n'}
[9.515291] (orbslam3) StderrLine: {'line': b'                 from /home/romi/fawad/ORB_SLAM3/include/Viewer.h:23,\n'}
[9.515364] (orbslam3) StderrLine: {'line': b'                 from /home/romi/fawad/ORB_SLAM3/include/Tracking.h:26,\n'}
[9.515438] (orbslam3) StderrLine: {'line': b'                 from /home/romi/fawad/ORB_SLAM3/include/System.h:31,\n'}
[9.515513] (orbslam3) StderrLine: {'line': b'                 from /home/romi/fawad/ros2_ws/src/ORB_SLAM3_ROS2/src/stereo-inertial/stereo-inertial-node.hpp:10,\n'}
[9.515589] (orbslam3) StderrLine: {'line': b'                 from /home/romi/fawad/ros2_ws/src/ORB_SLAM3_ROS2/src/stereo-inertial/stereo-inertial.cpp:7:\n'}
[9.515663] (orbslam3) StderrLine: {'line': b'/usr/include/eigen3/Eigen/src/Core/util/Constants.h:167:37: note: declared here\n'}
[9.515738] (orbslam3) StderrLine: {'line': b'  167 | EIGEN_DEPRECATED const unsigned int AlignedBit = 0x80;\n'}
[9.515812] (orbslam3) StderrLine: {'line': b'      |                                     ^~~~~~~~~~\n'}
[9.540735] (-) TimerEvent: {}
[9.559310] (orbslam3) StderrLine: {'line': b'In file included from /home/romi/fawad/ORB_SLAM3/Thirdparty/g2o/g2o/types/types_six_dof_expmap.h:38,\n'}
[9.559643] (orbslam3) StderrLine: {'line': b'                 from /home/romi/fawad/ORB_SLAM3/include/Converter.h:26,\n'}
[9.559758] (orbslam3) StderrLine: {'line': b'                 from /home/romi/fawad/ORB_SLAM3/include/Frame.h:33,\n'}
[9.559854] (orbslam3) StderrLine: {'line': b'                 from /home/romi/fawad/ORB_SLAM3/include/KeyFrame.h:28,\n'}
[9.559944] (orbslam3) StderrLine: {'line': b'                 from /home/romi/fawad/ORB_SLAM3/include/MapPoint.h:23,\n'}
[9.560034] (orbslam3) StderrLine: {'line': b'                 from /home/romi/fawad/ORB_SLAM3/include/FrameDrawer.h:24,\n'}
[9.560135] (orbslam3) StderrLine: {'line': b'                 from /home/romi/fawad/ORB_SLAM3/include/Viewer.h:23,\n'}
[9.560231] (orbslam3) StderrLine: {'line': b'                 from /home/romi/fawad/ORB_SLAM3/include/Tracking.h:26,\n'}
[9.560322] (orbslam3) StderrLine: {'line': b'                 from /home/romi/fawad/ORB_SLAM3/include/System.h:31,\n'}
[9.560411] (orbslam3) StderrLine: {'line': b'                 from /home/romi/fawad/ros2_ws/src/ORB_SLAM3_ROS2/src/rgbd/rgbd-slam-node.hpp:18,\n'}
[9.560499] (orbslam3) StderrLine: {'line': b'                 from /home/romi/fawad/ros2_ws/src/ORB_SLAM3_ROS2/src/rgbd/rgbd.cpp:7:\n'}
[9.560589] (orbslam3) StderrLine: {'line': b'/home/romi/fawad/ORB_SLAM3/Thirdparty/g2o/g2o/types/../core/base_binary_edge.h: In instantiation of \xe2\x80\x98class g2o::BaseBinaryEdge<2, Eigen::Matrix<double, 2, 1>, g2o::VertexSBAPointXYZ, g2o::VertexSim3Expmap>\xe2\x80\x99:\n'}
[9.560682] (orbslam3) StderrLine: {'line': b'/home/romi/fawad/ORB_SLAM3/Thirdparty/g2o/g2o/types/types_seven_dof_expmap.h:130:36:   required from here\n'}
[9.560772] (orbslam3) StderrLine: {'line': b'/home/romi/fawad/ORB_SLAM3/Thirdparty/g2o/g2o/types/../core/base_binary_edge.h:59:80: warning: \xe2\x80\x98Eigen::AlignedBit\xe2\x80\x99 is deprecated [-Wdeprecated-declarations]\n'}
[9.560881] (orbslam3) StderrLine: {'line': b'   59 |       typedef Eigen::Map<Matrix<double, Di, Dj>, Matrix<double, Di, Dj>::Flags & AlignedBit ? Aligned : Unaligned > HessianBlockType;\n'}
[9.561206] (orbslam3) StderrLine: {'line': b'      |                                                                          ~~~~~~^~~~~~~~~~~~\n'}
[9.561305] (orbslam3) StderrLine: {'line': b'In file included from /usr/include/eigen3/Eigen/Core:161,\n'}
[9.561398] (orbslam3) StderrLine: {'line': b'                 from /usr/include/eigen3/Eigen/LU:11,\n'}
[9.561468] (orbslam3) StderrLine: {'line': b'                 from /home/romi/fawad/ORB_SLAM3/Thirdparty/Sophus/sophus/so2.hpp:12,\n'}
[9.561538] (orbslam3) StderrLine: {'line': b'                 from /home/romi/fawad/ORB_SLAM3/Thirdparty/Sophus/sophus/se2.hpp:7,\n'}
[9.561620] (orbslam3) StderrLine: {'line': b'                 from /home/romi/fawad/ORB_SLAM3/Thirdparty/Sophus/sophus/geometry.hpp:7,\n'}
[9.561701] (orbslam3) StderrLine: {'line': b'                 from /home/romi/fawad/ORB_SLAM3/include/Frame.h:28,\n'}
[9.561781] (orbslam3) StderrLine: {'line': b'                 from /home/romi/fawad/ORB_SLAM3/include/KeyFrame.h:28,\n'}
[9.561864] (orbslam3) StderrLine: {'line': b'                 from /home/romi/fawad/ORB_SLAM3/include/MapPoint.h:23,\n'}
[9.561952] (orbslam3) StderrLine: {'line': b'                 from /home/romi/fawad/ORB_SLAM3/include/FrameDrawer.h:24,\n'}
[9.562033] (orbslam3) StderrLine: {'line': b'                 from /home/romi/fawad/ORB_SLAM3/include/Viewer.h:23,\n'}
[9.562132] (orbslam3) StderrLine: {'line': b'                 from /home/romi/fawad/ORB_SLAM3/include/Tracking.h:26,\n'}
[9.562222] (orbslam3) StderrLine: {'line': b'                 from /home/romi/fawad/ORB_SLAM3/include/System.h:31,\n'}
[9.562292] (orbslam3) StderrLine: {'line': b'                 from /home/romi/fawad/ros2_ws/src/ORB_SLAM3_ROS2/src/rgbd/rgbd-slam-node.hpp:18,\n'}
[9.562378] (orbslam3) StderrLine: {'line': b'                 from /home/romi/fawad/ros2_ws/src/ORB_SLAM3_ROS2/src/rgbd/rgbd.cpp:7:\n'}
[9.562467] (orbslam3) StderrLine: {'line': b'/usr/include/eigen3/Eigen/src/Core/util/Constants.h:167:37: note: declared here\n'}
[9.562548] (orbslam3) StderrLine: {'line': b'  167 | EIGEN_DEPRECATED const unsigned int AlignedBit = 0x80;\n'}
[9.562632] (orbslam3) StderrLine: {'line': b'      |                                     ^~~~~~~~~~\n'}
[9.562711] (orbslam3) StderrLine: {'line': b'In file included from /home/romi/fawad/ORB_SLAM3/Thirdparty/g2o/g2o/types/types_six_dof_expmap.h:37,\n'}
[9.562797] (orbslam3) StderrLine: {'line': b'                 from /home/romi/fawad/ORB_SLAM3/include/Converter.h:26,\n'}
[9.562884] (orbslam3) StderrLine: {'line': b'                 from /home/romi/fawad/ORB_SLAM3/include/Frame.h:33,\n'}
[9.562968] (orbslam3) StderrLine: {'line': b'                 from /home/romi/fawad/ORB_SLAM3/include/KeyFrame.h:28,\n'}
[9.563071] (orbslam3) StderrLine: {'line': b'                 from /home/romi/fawad/ORB_SLAM3/include/MapPoint.h:23,\n'}
[9.563171] (orbslam3) StderrLine: {'line': b'                 from /home/romi/fawad/ORB_SLAM3/include/FrameDrawer.h:24,\n'}
[9.563258] (orbslam3) StderrLine: {'line': b'                 from /home/romi/fawad/ORB_SLAM3/include/Viewer.h:23,\n'}
[9.563345] (orbslam3) StderrLine: {'line': b'                 from /home/romi/fawad/ORB_SLAM3/include/Tracking.h:26,\n'}
[9.563434] (orbslam3) StderrLine: {'line': b'                 from /home/romi/fawad/ORB_SLAM3/include/System.h:31,\n'}
[9.563524] (orbslam3) StderrLine: {'line': b'                 from /home/romi/fawad/ros2_ws/src/ORB_SLAM3_ROS2/src/stereo-inertial/stereo-inertial-node.hpp:10,\n'}
[9.563616] (orbslam3) StderrLine: {'line': b'                 from /home/romi/fawad/ros2_ws/src/ORB_SLAM3_ROS2/src/stereo-inertial/stereo-inertial.cpp:7:\n'}
[9.563703] (orbslam3) StderrLine: {'line': b'/home/romi/fawad/ORB_SLAM3/Thirdparty/g2o/g2o/types/../core/base_vertex.h: In instantiation of \xe2\x80\x98class g2o::BaseVertex<6, g2o::SE3Quat>\xe2\x80\x99:\n'}
[9.563794] (orbslam3) StderrLine: {'line': b'/home/romi/fawad/ORB_SLAM3/Thirdparty/g2o/g2o/types/types_six_dof_expmap.h:59:33:   required from here\n'}
[9.563888] (orbslam3) StderrLine: {'line': b'/home/romi/fawad/ORB_SLAM3/Thirdparty/g2o/g2o/types/../core/base_vertex.h:62:72: warning: \xe2\x80\x98Eigen::AlignedBit\xe2\x80\x99 is deprecated [-Wdeprecated-declarations]\n'}
[9.563977] (orbslam3) StderrLine: {'line': b'   62 |     typedef Eigen::Map<Matrix<double, D, D>, Matrix<double,D,D>::Flags & AlignedBit ? Aligned : Unaligned >  HessianBlockType;\n'}
[9.564063] (orbslam3) StderrLine: {'line': b'      |                                                                  ~~~~~~^~~~~~~~~~~~\n'}
[9.564163] (orbslam3) StderrLine: {'line': b'In file included from /usr/include/eigen3/Eigen/Core:161,\n'}
[9.564252] (orbslam3) StderrLine: {'line': b'                 from /usr/include/eigen3/Eigen/LU:11,\n'}
[9.564349] (orbslam3) StderrLine: {'line': b'                 from /home/romi/fawad/ORB_SLAM3/Thirdparty/Sophus/sophus/so2.hpp:12,\n'}
[9.564439] (orbslam3) StderrLine: {'line': b'                 from /home/romi/fawad/ORB_SLAM3/Thirdparty/Sophus/sophus/se2.hpp:7,\n'}
[9.564522] (orbslam3) StderrLine: {'line': b'                 from /home/romi/fawad/ORB_SLAM3/Thirdparty/Sophus/sophus/geometry.hpp:7,\n'}
[9.564607] (orbslam3) StderrLine: {'line': b'                 from /home/romi/fawad/ORB_SLAM3/include/Frame.h:28,\n'}
[9.564693] (orbslam3) StderrLine: {'line': b'                 from /home/romi/fawad/ORB_SLAM3/include/KeyFrame.h:28,\n'}
[9.564793] (orbslam3) StderrLine: {'line': b'                 from /home/romi/fawad/ORB_SLAM3/include/MapPoint.h:23,\n'}
[9.564883] (orbslam3) StderrLine: {'line': b'                 from /home/romi/fawad/ORB_SLAM3/include/FrameDrawer.h:24,\n'}
[9.564977] (orbslam3) StderrLine: {'line': b'                 from /home/romi/fawad/ORB_SLAM3/include/Viewer.h:23,\n'}
[9.565064] (orbslam3) StderrLine: {'line': b'                 from /home/romi/fawad/ORB_SLAM3/include/Tracking.h:26,\n'}
[9.565169] (orbslam3) StderrLine: {'line': b'                 from /home/romi/fawad/ORB_SLAM3/include/System.h:31,\n'}
[9.565273] (orbslam3) StderrLine: {'line': b'                 from /home/romi/fawad/ros2_ws/src/ORB_SLAM3_ROS2/src/stereo-inertial/stereo-inertial-node.hpp:10,\n'}
[9.565353] (orbslam3) StderrLine: {'line': b'                 from /home/romi/fawad/ros2_ws/src/ORB_SLAM3_ROS2/src/stereo-inertial/stereo-inertial.cpp:7:\n'}
[9.565435] (orbslam3) StderrLine: {'line': b'/usr/include/eigen3/Eigen/src/Core/util/Constants.h:167:37: note: declared here\n'}
[9.565530] (orbslam3) StderrLine: {'line': b'  167 | EIGEN_DEPRECATED const unsigned int AlignedBit = 0x80;\n'}
[9.565622] (orbslam3) StderrLine: {'line': b'      |                                     ^~~~~~~~~~\n'}
[9.584419] (orbslam3) StderrLine: {'line': b'In file included from /home/romi/fawad/ORB_SLAM3/Thirdparty/g2o/g2o/types/types_six_dof_expmap.h:38,\n'}
[9.584745] (orbslam3) StderrLine: {'line': b'                 from /home/romi/fawad/ORB_SLAM3/include/Converter.h:26,\n'}
[9.584859] (orbslam3) StderrLine: {'line': b'                 from /home/romi/fawad/ORB_SLAM3/include/Frame.h:33,\n'}
[9.584958] (orbslam3) StderrLine: {'line': b'                 from /home/romi/fawad/ORB_SLAM3/include/KeyFrame.h:28,\n'}
[9.585049] (orbslam3) StderrLine: {'line': b'                 from /home/romi/fawad/ORB_SLAM3/include/MapPoint.h:23,\n'}
[9.585160] (orbslam3) StderrLine: {'line': b'                 from /home/romi/fawad/ORB_SLAM3/include/FrameDrawer.h:24,\n'}
[9.585260] (orbslam3) StderrLine: {'line': b'                 from /home/romi/fawad/ORB_SLAM3/include/Viewer.h:23,\n'}
[9.585353] (orbslam3) StderrLine: {'line': b'                 from /home/romi/fawad/ORB_SLAM3/include/Tracking.h:26,\n'}
[9.585446] (orbslam3) StderrLine: {'line': b'                 from /home/romi/fawad/ORB_SLAM3/include/System.h:31,\n'}
[9.585538] (orbslam3) StderrLine: {'line': b'                 from /home/romi/fawad/ros2_ws/src/ORB_SLAM3_ROS2/src/rgbd/rgbd-slam-node.hpp:18,\n'}
[9.585629] (orbslam3) StderrLine: {'line': b'                 from /home/romi/fawad/ros2_ws/src/ORB_SLAM3_ROS2/src/rgbd/rgbd.cpp:7:\n'}
[9.585714] (orbslam3) StderrLine: {'line': b'/home/romi/fawad/ORB_SLAM3/Thirdparty/g2o/g2o/types/../core/base_binary_edge.h:60:80: warning: \xe2\x80\x98Eigen::AlignedBit\xe2\x80\x99 is deprecated [-Wdeprecated-declarations]\n'}
[9.585809] (orbslam3) StderrLine: {'line': b'   60 |       typedef Eigen::Map<Matrix<double, Dj, Di>, Matrix<double, Dj, Di>::Flags & AlignedBit ? Aligned : Unaligned > HessianBlockTransposedType;\n'}
[9.585898] (orbslam3) StderrLine: {'line': b'      |                                                                          ~~~~~~^~~~~~~~~~~~\n'}
[9.585988] (orbslam3) StderrLine: {'line': b'In file included from /usr/include/eigen3/Eigen/Core:161,\n'}
[9.586075] (orbslam3) StderrLine: {'line': b'                 from /usr/include/eigen3/Eigen/LU:11,\n'}
[9.586184] (orbslam3) StderrLine: {'line': b'                 from /home/romi/fawad/ORB_SLAM3/Thirdparty/Sophus/sophus/so2.hpp:12,\n'}
[9.586268] (orbslam3) StderrLine: {'line': b'                 from /home/romi/fawad/ORB_SLAM3/Thirdparty/Sophus/sophus/se2.hpp:7,\n'}
[9.586339] (orbslam3) StderrLine: {'line': b'                 from /home/romi/fawad/ORB_SLAM3/Thirdparty/Sophus/sophus/geometry.hpp:7,\n'}
[9.586415] (orbslam3) StderrLine: {'line': b'                 from /home/romi/fawad/ORB_SLAM3/include/Frame.h:28,\n'}
[9.586498] (orbslam3) StderrLine: {'line': b'                 from /home/romi/fawad/ORB_SLAM3/include/KeyFrame.h:28,\n'}
[9.586578] (orbslam3) StderrLine: {'line': b'                 from /home/romi/fawad/ORB_SLAM3/include/MapPoint.h:23,\n'}
[9.586665] (orbslam3) StderrLine: {'line': b'                 from /home/romi/fawad/ORB_SLAM3/include/FrameDrawer.h:24,\n'}
[9.586758] (orbslam3) StderrLine: {'line': b'                 from /home/romi/fawad/ORB_SLAM3/include/Viewer.h:23,\n'}
[9.586842] (orbslam3) StderrLine: {'line': b'                 from /home/romi/fawad/ORB_SLAM3/include/Tracking.h:26,\n'}
[9.586943] (orbslam3) StderrLine: {'line': b'                 from /home/romi/fawad/ORB_SLAM3/include/System.h:31,\n'}
[9.587027] (orbslam3) StderrLine: {'line': b'                 from /home/romi/fawad/ros2_ws/src/ORB_SLAM3_ROS2/src/rgbd/rgbd-slam-node.hpp:18,\n'}
[9.587137] (orbslam3) StderrLine: {'line': b'                 from /home/romi/fawad/ros2_ws/src/ORB_SLAM3_ROS2/src/rgbd/rgbd.cpp:7:\n'}
[9.587225] (orbslam3) StderrLine: {'line': b'/usr/include/eigen3/Eigen/src/Core/util/Constants.h:167:37: note: declared here\n'}
[9.587311] (orbslam3) StderrLine: {'line': b'  167 | EIGEN_DEPRECATED const unsigned int AlignedBit = 0x80;\n'}
[9.587397] (orbslam3) StderrLine: {'line': b'      |                                     ^~~~~~~~~~\n'}
[9.610803] (orbslam3) StderrLine: {'line': b'In file included from /home/romi/fawad/ORB_SLAM3/Thirdparty/g2o/g2o/types/types_six_dof_expmap.h:38,\n'}
[9.611569] (orbslam3) StderrLine: {'line': b'                 from /home/romi/fawad/ORB_SLAM3/include/Converter.h:26,\n'}
[9.611680] (orbslam3) StderrLine: {'line': b'                 from /home/romi/fawad/ORB_SLAM3/include/Frame.h:33,\n'}
[9.611766] (orbslam3) StderrLine: {'line': b'                 from /home/romi/fawad/ORB_SLAM3/include/KeyFrame.h:28,\n'}
[9.611855] (orbslam3) StderrLine: {'line': b'                 from /home/romi/fawad/ORB_SLAM3/include/MapPoint.h:23,\n'}
[9.611935] (orbslam3) StderrLine: {'line': b'                 from /home/romi/fawad/ORB_SLAM3/include/FrameDrawer.h:24,\n'}
[9.612013] (orbslam3) StderrLine: {'line': b'                 from /home/romi/fawad/ORB_SLAM3/include/Viewer.h:23,\n'}
[9.612122] (orbslam3) StderrLine: {'line': b'                 from /home/romi/fawad/ORB_SLAM3/include/Tracking.h:26,\n'}
[9.612225] (orbslam3) StderrLine: {'line': b'                 from /home/romi/fawad/ORB_SLAM3/include/System.h:31,\n'}
[9.612315] (orbslam3) StderrLine: {'line': b'                 from /home/romi/fawad/ros2_ws/src/ORB_SLAM3_ROS2/src/stereo-inertial/stereo-inertial-node.hpp:10,\n'}
[9.612405] (orbslam3) StderrLine: {'line': b'                 from /home/romi/fawad/ros2_ws/src/ORB_SLAM3_ROS2/src/stereo-inertial/stereo-inertial.cpp:7:\n'}
[9.612505] (orbslam3) StderrLine: {'line': b'/home/romi/fawad/ORB_SLAM3/Thirdparty/g2o/g2o/types/../core/base_binary_edge.h: In instantiation of \xe2\x80\x98class g2o::BaseBinaryEdge<6, g2o::SE3Quat, g2o::VertexSE3Expmap, g2o::VertexSE3Expmap>\xe2\x80\x99:\n'}
[9.612611] (orbslam3) StderrLine: {'line': b'/home/romi/fawad/ORB_SLAM3/Thirdparty/g2o/g2o/types/types_six_dof_expmap.h:83:24:   required from here\n'}
[9.612705] (orbslam3) StderrLine: {'line': b'/home/romi/fawad/ORB_SLAM3/Thirdparty/g2o/g2o/types/../core/base_binary_edge.h:59:80: warning: \xe2\x80\x98Eigen::AlignedBit\xe2\x80\x99 is deprecated [-Wdeprecated-declarations]\n'}
[9.612800] (orbslam3) StderrLine: {'line': b'   59 |       typedef Eigen::Map<Matrix<double, Di, Dj>, Matrix<double, Di, Dj>::Flags & AlignedBit ? Aligned : Unaligned > HessianBlockType;\n'}
[9.612903] (orbslam3) StderrLine: {'line': b'      |                                                                          ~~~~~~^~~~~~~~~~~~\n'}
[9.612994] (orbslam3) StderrLine: {'line': b'In file included from /usr/include/eigen3/Eigen/Core:161,\n'}
[9.613105] (orbslam3) StderrLine: {'line': b'                 from /usr/include/eigen3/Eigen/LU:11,\n'}
[9.613206] (orbslam3) StderrLine: {'line': b'                 from /home/romi/fawad/ORB_SLAM3/Thirdparty/Sophus/sophus/so2.hpp:12,\n'}
[9.613286] (orbslam3) StderrLine: {'line': b'                 from /home/romi/fawad/ORB_SLAM3/Thirdparty/Sophus/sophus/se2.hpp:7,\n'}
[9.613366] (orbslam3) StderrLine: {'line': b'                 from /home/romi/fawad/ORB_SLAM3/Thirdparty/Sophus/sophus/geometry.hpp:7,\n'}
[9.613451] (orbslam3) StderrLine: {'line': b'                 from /home/romi/fawad/ORB_SLAM3/include/Frame.h:28,\n'}
[9.613528] (orbslam3) StderrLine: {'line': b'                 from /home/romi/fawad/ORB_SLAM3/include/KeyFrame.h:28,\n'}
[9.613614] (orbslam3) StderrLine: {'line': b'                 from /home/romi/fawad/ORB_SLAM3/include/MapPoint.h:23,\n'}
[9.613706] (orbslam3) StderrLine: {'line': b'                 from /home/romi/fawad/ORB_SLAM3/include/FrameDrawer.h:24,\n'}
[9.613793] (orbslam3) StderrLine: {'line': b'                 from /home/romi/fawad/ORB_SLAM3/include/Viewer.h:23,\n'}
[9.613876] (orbslam3) StderrLine: {'line': b'                 from /home/romi/fawad/ORB_SLAM3/include/Tracking.h:26,\n'}
[9.613963] (orbslam3) StderrLine: {'line': b'                 from /home/romi/fawad/ORB_SLAM3/include/System.h:31,\n'}
[9.614053] (orbslam3) StderrLine: {'line': b'                 from /home/romi/fawad/ros2_ws/src/ORB_SLAM3_ROS2/src/stereo-inertial/stereo-inertial-node.hpp:10,\n'}
[9.614236] (orbslam3) StderrLine: {'line': b'                 from /home/romi/fawad/ros2_ws/src/ORB_SLAM3_ROS2/src/stereo-inertial/stereo-inertial.cpp:7:\n'}
[9.614335] (orbslam3) StderrLine: {'line': b'/usr/include/eigen3/Eigen/src/Core/util/Constants.h:167:37: note: declared here\n'}
[9.614422] (orbslam3) StderrLine: {'line': b'  167 | EIGEN_DEPRECATED const unsigned int AlignedBit = 0x80;\n'}
[9.614500] (orbslam3) StderrLine: {'line': b'      |                                     ^~~~~~~~~~\n'}
[9.614581] (orbslam3) StderrLine: {'line': b'In file included from /home/romi/fawad/ORB_SLAM3/Thirdparty/g2o/g2o/types/types_six_dof_expmap.h:38,\n'}
[9.615172] (orbslam3) StderrLine: {'line': b'                 from /home/romi/fawad/ORB_SLAM3/include/Converter.h:26,\n'}
[9.615277] (orbslam3) StderrLine: {'line': b'                 from /home/romi/fawad/ORB_SLAM3/include/Frame.h:33,\n'}
[9.615366] (orbslam3) StderrLine: {'line': b'                 from /home/romi/fawad/ORB_SLAM3/include/KeyFrame.h:28,\n'}
[9.615443] (orbslam3) StderrLine: {'line': b'                 from /home/romi/fawad/ORB_SLAM3/include/MapPoint.h:23,\n'}
[9.615529] (orbslam3) StderrLine: {'line': b'                 from /home/romi/fawad/ORB_SLAM3/include/FrameDrawer.h:24,\n'}
[9.615616] (orbslam3) StderrLine: {'line': b'                 from /home/romi/fawad/ORB_SLAM3/include/Viewer.h:23,\n'}
[9.615706] (orbslam3) StderrLine: {'line': b'                 from /home/romi/fawad/ORB_SLAM3/include/Tracking.h:26,\n'}
[9.615799] (orbslam3) StderrLine: {'line': b'                 from /home/romi/fawad/ORB_SLAM3/include/System.h:31,\n'}
[9.615885] (orbslam3) StderrLine: {'line': b'                 from /home/romi/fawad/ros2_ws/src/ORB_SLAM3_ROS2/src/stereo-inertial/stereo-inertial-node.hpp:10,\n'}
[9.615977] (orbslam3) StderrLine: {'line': b'                 from /home/romi/fawad/ros2_ws/src/ORB_SLAM3_ROS2/src/stereo-inertial/stereo-inertial.cpp:7:\n'}
[9.616067] (orbslam3) StderrLine: {'line': b'/home/romi/fawad/ORB_SLAM3/Thirdparty/g2o/g2o/types/../core/base_binary_edge.h:60:80: warning: \xe2\x80\x98Eigen::AlignedBit\xe2\x80\x99 is deprecated [-Wdeprecated-declarations]\n'}
[9.616174] (orbslam3) StderrLine: {'line': b'   60 |       typedef Eigen::Map<Matrix<double, Dj, Di>, Matrix<double, Dj, Di>::Flags & AlignedBit ? Aligned : Unaligned > HessianBlockTransposedType;\n'}
[9.616267] (orbslam3) StderrLine: {'line': b'      |                                                                          ~~~~~~^~~~~~~~~~~~\n'}
[9.616355] (orbslam3) StderrLine: {'line': b'In file included from /usr/include/eigen3/Eigen/Core:161,\n'}
[9.616446] (orbslam3) StderrLine: {'line': b'                 from /usr/include/eigen3/Eigen/LU:11,\n'}
[9.616531] (orbslam3) StderrLine: {'line': b'                 from /home/romi/fawad/ORB_SLAM3/Thirdparty/Sophus/sophus/so2.hpp:12,\n'}
[9.616616] (orbslam3) StderrLine: {'line': b'                 from /home/romi/fawad/ORB_SLAM3/Thirdparty/Sophus/sophus/se2.hpp:7,\n'}
[9.616692] (orbslam3) StderrLine: {'line': b'                 from /home/romi/fawad/ORB_SLAM3/Thirdparty/Sophus/sophus/geometry.hpp:7,\n'}
[9.616775] (orbslam3) StderrLine: {'line': b'                 from /home/romi/fawad/ORB_SLAM3/include/Frame.h:28,\n'}
[9.616866] (orbslam3) StderrLine: {'line': b'                 from /home/romi/fawad/ORB_SLAM3/include/KeyFrame.h:28,\n'}
[9.616946] (orbslam3) StderrLine: {'line': b'                 from /home/romi/fawad/ORB_SLAM3/include/MapPoint.h:23,\n'}
[9.617048] (orbslam3) StderrLine: {'line': b'                 from /home/romi/fawad/ORB_SLAM3/include/FrameDrawer.h:24,\n'}
[9.617158] (orbslam3) StderrLine: {'line': b'                 from /home/romi/fawad/ORB_SLAM3/include/Viewer.h:23,\n'}
[9.617250] (orbslam3) StderrLine: {'line': b'                 from /home/romi/fawad/ORB_SLAM3/include/Tracking.h:26,\n'}
[9.617334] (orbslam3) StderrLine: {'line': b'                 from /home/romi/fawad/ORB_SLAM3/include/System.h:31,\n'}
[9.617423] (orbslam3) StderrLine: {'line': b'                 from /home/romi/fawad/ros2_ws/src/ORB_SLAM3_ROS2/src/stereo-inertial/stereo-inertial-node.hpp:10,\n'}
[9.617512] (orbslam3) StderrLine: {'line': b'                 from /home/romi/fawad/ros2_ws/src/ORB_SLAM3_ROS2/src/stereo-inertial/stereo-inertial.cpp:7:\n'}
[9.617601] (orbslam3) StderrLine: {'line': b'/usr/include/eigen3/Eigen/src/Core/util/Constants.h:167:37: note: declared here\n'}
[9.617691] (orbslam3) StderrLine: {'line': b'  167 | EIGEN_DEPRECATED const unsigned int AlignedBit = 0x80;\n'}
[9.617779] (orbslam3) StderrLine: {'line': b'      |                                     ^~~~~~~~~~\n'}
[9.634961] (orbslam3) StderrLine: {'line': b'In file included from /home/romi/fawad/ORB_SLAM3/Thirdparty/g2o/g2o/types/types_six_dof_expmap.h:37,\n'}
[9.635342] (orbslam3) StderrLine: {'line': b'                 from /home/romi/fawad/ORB_SLAM3/include/Converter.h:26,\n'}
[9.635446] (orbslam3) StderrLine: {'line': b'                 from /home/romi/fawad/ORB_SLAM3/include/Frame.h:33,\n'}
[9.635533] (orbslam3) StderrLine: {'line': b'                 from /home/romi/fawad/ORB_SLAM3/include/KeyFrame.h:28,\n'}
[9.635622] (orbslam3) StderrLine: {'line': b'                 from /home/romi/fawad/ORB_SLAM3/include/MapPoint.h:23,\n'}
[9.635708] (orbslam3) StderrLine: {'line': b'                 from /home/romi/fawad/ORB_SLAM3/include/FrameDrawer.h:24,\n'}
[9.635794] (orbslam3) StderrLine: {'line': b'                 from /home/romi/fawad/ORB_SLAM3/include/Viewer.h:23,\n'}
[9.635882] (orbslam3) StderrLine: {'line': b'                 from /home/romi/fawad/ORB_SLAM3/include/Tracking.h:26,\n'}
[9.635968] (orbslam3) StderrLine: {'line': b'                 from /home/romi/fawad/ORB_SLAM3/include/System.h:31,\n'}
[9.636056] (orbslam3) StderrLine: {'line': b'                 from /home/romi/fawad/ros2_ws/src/ORB_SLAM3_ROS2/src/stereo/stereo-slam-node.hpp:13,\n'}
[9.636172] (orbslam3) StderrLine: {'line': b'                 from /home/romi/fawad/ros2_ws/src/ORB_SLAM3_ROS2/src/stereo/stereo.cpp:7:\n'}
[9.636264] (orbslam3) StderrLine: {'line': b'/home/romi/fawad/ORB_SLAM3/Thirdparty/g2o/g2o/types/../core/base_vertex.h: In instantiation of \xe2\x80\x98class g2o::BaseVertex<3, Eigen::Matrix<double, 3, 1> >\xe2\x80\x99:\n'}
[9.636351] (orbslam3) StderrLine: {'line': b'/home/romi/fawad/ORB_SLAM3/Thirdparty/g2o/g2o/types/types_sba.h:40:35:   required from here\n'}
[9.636444] (orbslam3) StderrLine: {'line': b'/home/romi/fawad/ORB_SLAM3/Thirdparty/g2o/g2o/types/../core/base_vertex.h:62:72: warning: \xe2\x80\x98Eigen::AlignedBit\xe2\x80\x99 is deprecated [-Wdeprecated-declarations]\n'}
[9.636532] (orbslam3) StderrLine: {'line': b'   62 |     typedef Eigen::Map<Matrix<double, D, D>, Matrix<double,D,D>::Flags & AlignedBit ? Aligned : Unaligned >  HessianBlockType;\n'}
[9.636622] (orbslam3) StderrLine: {'line': b'      |                                                                  ~~~~~~^~~~~~~~~~~~\n'}
[9.636741] (orbslam3) StderrLine: {'line': b'In file included from /usr/include/eigen3/Eigen/Core:161,\n'}
[9.636830] (orbslam3) StderrLine: {'line': b'                 from /usr/include/eigen3/Eigen/LU:11,\n'}
[9.636919] (orbslam3) StderrLine: {'line': b'                 from /home/romi/fawad/ORB_SLAM3/Thirdparty/Sophus/sophus/so2.hpp:12,\n'}
[9.637007] (orbslam3) StderrLine: {'line': b'                 from /home/romi/fawad/ORB_SLAM3/Thirdparty/Sophus/sophus/se2.hpp:7,\n'}
[9.637103] (orbslam3) StderrLine: {'line': b'                 from /home/romi/fawad/ORB_SLAM3/Thirdparty/Sophus/sophus/geometry.hpp:7,\n'}
[9.637208] (orbslam3) StderrLine: {'line': b'                 from /home/romi/fawad/ORB_SLAM3/include/Frame.h:28,\n'}
[9.637295] (orbslam3) StderrLine: {'line': b'                 from /home/romi/fawad/ORB_SLAM3/include/KeyFrame.h:28,\n'}
[9.637379] (orbslam3) StderrLine: {'line': b'                 from /home/romi/fawad/ORB_SLAM3/include/MapPoint.h:23,\n'}
[9.637461] (orbslam3) StderrLine: {'line': b'                 from /home/romi/fawad/ORB_SLAM3/include/FrameDrawer.h:24,\n'}
[9.637542] (orbslam3) StderrLine: {'line': b'                 from /home/romi/fawad/ORB_SLAM3/include/Viewer.h:23,\n'}
[9.637626] (orbslam3) StderrLine: {'line': b'                 from /home/romi/fawad/ORB_SLAM3/include/Tracking.h:26,\n'}
[9.637772] (orbslam3) StderrLine: {'line': b'                 from /home/romi/fawad/ORB_SLAM3/include/System.h:31,\n'}
[9.637865] (orbslam3) StderrLine: {'line': b'                 from /home/romi/fawad/ros2_ws/src/ORB_SLAM3_ROS2/src/stereo/stereo-slam-node.hpp:13,\n'}
[9.637955] (orbslam3) StderrLine: {'line': b'                 from /home/romi/fawad/ros2_ws/src/ORB_SLAM3_ROS2/src/stereo/stereo.cpp:7:\n'}
[9.638043] (orbslam3) StderrLine: {'line': b'/usr/include/eigen3/Eigen/src/Core/util/Constants.h:167:37: note: declared here\n'}
[9.638147] (orbslam3) StderrLine: {'line': b'  167 | EIGEN_DEPRECATED const unsigned int AlignedBit = 0x80;\n'}
[9.638241] (orbslam3) StderrLine: {'line': b'      |                                     ^~~~~~~~~~\n'}
[9.640848] (-) TimerEvent: {}
[9.652721] (orbslam3) StderrLine: {'line': b'In file included from /home/romi/fawad/ORB_SLAM3/Thirdparty/g2o/g2o/types/types_six_dof_expmap.h:37,\n'}
[9.653037] (orbslam3) StderrLine: {'line': b'                 from /home/romi/fawad/ORB_SLAM3/include/Converter.h:26,\n'}
[9.653170] (orbslam3) StderrLine: {'line': b'                 from /home/romi/fawad/ORB_SLAM3/include/Frame.h:33,\n'}
[9.653274] (orbslam3) StderrLine: {'line': b'                 from /home/romi/fawad/ORB_SLAM3/include/KeyFrame.h:28,\n'}
[9.653358] (orbslam3) StderrLine: {'line': b'                 from /home/romi/fawad/ORB_SLAM3/include/MapPoint.h:23,\n'}
[9.653439] (orbslam3) StderrLine: {'line': b'                 from /home/romi/fawad/ORB_SLAM3/include/FrameDrawer.h:24,\n'}
[9.653523] (orbslam3) StderrLine: {'line': b'                 from /home/romi/fawad/ORB_SLAM3/include/Viewer.h:23,\n'}
[9.653608] (orbslam3) StderrLine: {'line': b'                 from /home/romi/fawad/ORB_SLAM3/include/Tracking.h:26,\n'}
[9.653697] (orbslam3) StderrLine: {'line': b'                 from /home/romi/fawad/ORB_SLAM3/include/System.h:31,\n'}
[9.653785] (orbslam3) StderrLine: {'line': b'                 from /home/romi/fawad/ros2_ws/src/ORB_SLAM3_ROS2/src/monocular/monocular-slam-node.hpp:9,\n'}
[9.653875] (orbslam3) StderrLine: {'line': b'                 from /home/romi/fawad/ros2_ws/src/ORB_SLAM3_ROS2/src/monocular/monocular-slam-node.cpp:1:\n'}
[9.653966] (orbslam3) StderrLine: {'line': b'/home/romi/fawad/ORB_SLAM3/Thirdparty/g2o/g2o/types/../core/base_vertex.h: In instantiation of \xe2\x80\x98class g2o::BaseVertex<3, Eigen::Matrix<double, 3, 1> >\xe2\x80\x99:\n'}
[9.654058] (orbslam3) StderrLine: {'line': b'/home/romi/fawad/ORB_SLAM3/Thirdparty/g2o/g2o/types/types_sba.h:40:35:   required from here\n'}
[9.654166] (orbslam3) StderrLine: {'line': b'/home/romi/fawad/ORB_SLAM3/Thirdparty/g2o/g2o/types/../core/base_vertex.h:62:72: warning: \xe2\x80\x98Eigen::AlignedBit\xe2\x80\x99 is deprecated [-Wdeprecated-declarations]\n'}
[9.654256] (orbslam3) StderrLine: {'line': b'   62 |     typedef Eigen::Map<Matrix<double, D, D>, Matrix<double,D,D>::Flags & AlignedBit ? Aligned : Unaligned >  HessianBlockType;\n'}
[9.654353] (orbslam3) StderrLine: {'line': b'      |                                                                  ~~~~~~^~~~~~~~~~~~\n'}
[9.654481] (orbslam3) StderrLine: {'line': b'In file included from /usr/include/eigen3/Eigen/Core:161,\n'}
[9.654571] (orbslam3) StderrLine: {'line': b'                 from /usr/include/eigen3/Eigen/LU:11,\n'}
[9.654664] (orbslam3) StderrLine: {'line': b'                 from /home/romi/fawad/ORB_SLAM3/Thirdparty/Sophus/sophus/so2.hpp:12,\n'}
[9.654751] (orbslam3) StderrLine: {'line': b'                 from /home/romi/fawad/ORB_SLAM3/Thirdparty/Sophus/sophus/se2.hpp:7,\n'}
[9.654838] (orbslam3) StderrLine: {'line': b'                 from /home/romi/fawad/ORB_SLAM3/Thirdparty/Sophus/sophus/geometry.hpp:7,\n'}
[9.654930] (orbslam3) StderrLine: {'line': b'                 from /home/romi/fawad/ORB_SLAM3/include/Frame.h:28,\n'}
[9.655017] (orbslam3) StderrLine: {'line': b'                 from /home/romi/fawad/ORB_SLAM3/include/KeyFrame.h:28,\n'}
[9.655113] (orbslam3) StderrLine: {'line': b'                 from /home/romi/fawad/ORB_SLAM3/include/MapPoint.h:23,\n'}
[9.655207] (orbslam3) StderrLine: {'line': b'                 from /home/romi/fawad/ORB_SLAM3/include/FrameDrawer.h:24,\n'}
[9.655293] (orbslam3) StderrLine: {'line': b'                 from /home/romi/fawad/ORB_SLAM3/include/Viewer.h:23,\n'}
[9.655379] (orbslam3) StderrLine: {'line': b'                 from /home/romi/fawad/ORB_SLAM3/include/Tracking.h:26,\n'}
[9.655522] (orbslam3) StderrLine: {'line': b'                 from /home/romi/fawad/ORB_SLAM3/include/System.h:31,\n'}
[9.655617] (orbslam3) StderrLine: {'line': b'                 from /home/romi/fawad/ros2_ws/src/ORB_SLAM3_ROS2/src/monocular/monocular-slam-node.hpp:9,\n'}
[9.655713] (orbslam3) StderrLine: {'line': b'                 from /home/romi/fawad/ros2_ws/src/ORB_SLAM3_ROS2/src/monocular/monocular-slam-node.cpp:1:\n'}
[9.655800] (orbslam3) StderrLine: {'line': b'/usr/include/eigen3/Eigen/src/Core/util/Constants.h:167:37: note: declared here\n'}
[9.655889] (orbslam3) StderrLine: {'line': b'  167 | EIGEN_DEPRECATED const unsigned int AlignedBit = 0x80;\n'}
[9.655976] (orbslam3) StderrLine: {'line': b'      |                                     ^~~~~~~~~~\n'}
[9.669420] (orbslam3) StderrLine: {'line': b'In file included from /home/romi/fawad/ORB_SLAM3/Thirdparty/g2o/g2o/types/types_six_dof_expmap.h:37,\n'}
[9.669746] (orbslam3) StderrLine: {'line': b'                 from /home/romi/fawad/ORB_SLAM3/include/Converter.h:26,\n'}
[9.669849] (orbslam3) StderrLine: {'line': b'                 from /home/romi/fawad/ORB_SLAM3/include/Frame.h:33,\n'}
[9.669939] (orbslam3) StderrLine: {'line': b'                 from /home/romi/fawad/ORB_SLAM3/include/KeyFrame.h:28,\n'}
[9.670012] (orbslam3) StderrLine: {'line': b'                 from /home/romi/fawad/ORB_SLAM3/include/MapPoint.h:23,\n'}
[9.670092] (orbslam3) StderrLine: {'line': b'                 from /home/romi/fawad/ORB_SLAM3/include/FrameDrawer.h:24,\n'}
[9.670175] (orbslam3) StderrLine: {'line': b'                 from /home/romi/fawad/ORB_SLAM3/include/Viewer.h:23,\n'}
[9.670257] (orbslam3) StderrLine: {'line': b'                 from /home/romi/fawad/ORB_SLAM3/include/Tracking.h:26,\n'}
[9.670343] (orbslam3) StderrLine: {'line': b'                 from /home/romi/fawad/ORB_SLAM3/include/System.h:31,\n'}
[9.670414] (orbslam3) StderrLine: {'line': b'                 from /home/romi/fawad/ros2_ws/src/ORB_SLAM3_ROS2/src/stereo/stereo-slam-node.hpp:13,\n'}
[9.670488] (orbslam3) StderrLine: {'line': b'                 from /home/romi/fawad/ros2_ws/src/ORB_SLAM3_ROS2/src/stereo/stereo.cpp:7:\n'}
[9.670557] (orbslam3) StderrLine: {'line': b'/home/romi/fawad/ORB_SLAM3/Thirdparty/g2o/g2o/types/../core/base_vertex.h: In instantiation of \xe2\x80\x98class g2o::BaseVertex<6, g2o::SE3Quat>\xe2\x80\x99:\n'}
[9.670645] (orbslam3) StderrLine: {'line': b'/home/romi/fawad/ORB_SLAM3/Thirdparty/g2o/g2o/types/types_six_dof_expmap.h:59:33:   required from here\n'}
[9.670745] (orbslam3) StderrLine: {'line': b'/home/romi/fawad/ORB_SLAM3/Thirdparty/g2o/g2o/types/../core/base_vertex.h:62:72: warning: \xe2\x80\x98Eigen::AlignedBit\xe2\x80\x99 is deprecated [-Wdeprecated-declarations]\n'}
[9.670832] (orbslam3) StderrLine: {'line': b'   62 |     typedef Eigen::Map<Matrix<double, D, D>, Matrix<double,D,D>::Flags & AlignedBit ? Aligned : Unaligned >  HessianBlockType;\n'}
[9.670930] (orbslam3) StderrLine: {'line': b'      |                                                                  ~~~~~~^~~~~~~~~~~~\n'}
[9.671018] (orbslam3) StderrLine: {'line': b'In file included from /usr/include/eigen3/Eigen/Core:161,\n'}
[9.671114] (orbslam3) StderrLine: {'line': b'                 from /usr/include/eigen3/Eigen/LU:11,\n'}
[9.671216] (orbslam3) StderrLine: {'line': b'                 from /home/romi/fawad/ORB_SLAM3/Thirdparty/Sophus/sophus/so2.hpp:12,\n'}
[9.671310] (orbslam3) StderrLine: {'line': b'                 from /home/romi/fawad/ORB_SLAM3/Thirdparty/Sophus/sophus/se2.hpp:7,\n'}
[9.671397] (orbslam3) StderrLine: {'line': b'                 from /home/romi/fawad/ORB_SLAM3/Thirdparty/Sophus/sophus/geometry.hpp:7,\n'}
[9.671496] (orbslam3) StderrLine: {'line': b'                 from /home/romi/fawad/ORB_SLAM3/include/Frame.h:28,\n'}
[9.671591] (orbslam3) StderrLine: {'line': b'                 from /home/romi/fawad/ORB_SLAM3/include/KeyFrame.h:28,\n'}
[9.671685] (orbslam3) StderrLine: {'line': b'                 from /home/romi/fawad/ORB_SLAM3/include/MapPoint.h:23,\n'}
[9.671774] (orbslam3) StderrLine: {'line': b'                 from /home/romi/fawad/ORB_SLAM3/include/FrameDrawer.h:24,\n'}
[9.671863] (orbslam3) StderrLine: {'line': b'                 from /home/romi/fawad/ORB_SLAM3/include/Viewer.h:23,\n'}
[9.671948] (orbslam3) StderrLine: {'line': b'                 from /home/romi/fawad/ORB_SLAM3/include/Tracking.h:26,\n'}
[9.672016] (orbslam3) StderrLine: {'line': b'                 from /home/romi/fawad/ORB_SLAM3/include/System.h:31,\n'}
[9.672082] (orbslam3) StderrLine: {'line': b'                 from /home/romi/fawad/ros2_ws/src/ORB_SLAM3_ROS2/src/stereo/stereo-slam-node.hpp:13,\n'}
[9.672169] (orbslam3) StderrLine: {'line': b'                 from /home/romi/fawad/ros2_ws/src/ORB_SLAM3_ROS2/src/stereo/stereo.cpp:7:\n'}
[9.672238] (orbslam3) StderrLine: {'line': b'/usr/include/eigen3/Eigen/src/Core/util/Constants.h:167:37: note: declared here\n'}
[9.672306] (orbslam3) StderrLine: {'line': b'  167 | EIGEN_DEPRECATED const unsigned int AlignedBit = 0x80;\n'}
[9.672381] (orbslam3) StderrLine: {'line': b'      |                                     ^~~~~~~~~~\n'}
[9.691408] (orbslam3) StderrLine: {'line': b'In file included from /home/romi/fawad/ORB_SLAM3/Thirdparty/g2o/g2o/types/types_six_dof_expmap.h:37,\n'}
[9.691611] (orbslam3) StderrLine: {'line': b'                 from /home/romi/fawad/ORB_SLAM3/include/Converter.h:26,\n'}
[9.691717] (orbslam3) StderrLine: {'line': b'                 from /home/romi/fawad/ORB_SLAM3/include/Frame.h:33,\n'}
[9.691958] (orbslam3) StderrLine: {'line': b'                 from /home/romi/fawad/ORB_SLAM3/include/KeyFrame.h:28,\n'}
[9.692076] (orbslam3) StderrLine: {'line': b'                 from /home/romi/fawad/ORB_SLAM3/include/MapPoint.h:23,\n'}
[9.692187] (orbslam3) StderrLine: {'line': b'                 from /home/romi/fawad/ORB_SLAM3/include/FrameDrawer.h:24,\n'}
[9.692279] (orbslam3) StderrLine: {'line': b'                 from /home/romi/fawad/ORB_SLAM3/include/Viewer.h:23,\n'}
[9.692372] (orbslam3) StderrLine: {'line': b'                 from /home/romi/fawad/ORB_SLAM3/include/Tracking.h:26,\n'}
[9.692466] (orbslam3) StderrLine: {'line': b'                 from /home/romi/fawad/ORB_SLAM3/include/System.h:31,\n'}
[9.692552] (orbslam3) StderrLine: {'line': b'                 from /home/romi/fawad/ros2_ws/src/ORB_SLAM3_ROS2/src/monocular/monocular-slam-node.hpp:9,\n'}
[9.692642] (orbslam3) StderrLine: {'line': b'                 from /home/romi/fawad/ros2_ws/src/ORB_SLAM3_ROS2/src/monocular/monocular-slam-node.cpp:1:\n'}
[9.692731] (orbslam3) StderrLine: {'line': b'/home/romi/fawad/ORB_SLAM3/Thirdparty/g2o/g2o/types/../core/base_vertex.h: In instantiation of \xe2\x80\x98class g2o::BaseVertex<6, g2o::SE3Quat>\xe2\x80\x99:\n'}
[9.692843] (orbslam3) StderrLine: {'line': b'/home/romi/fawad/ORB_SLAM3/Thirdparty/g2o/g2o/types/types_six_dof_expmap.h:59:33:   required from here\n'}
[9.692933] (orbslam3) StderrLine: {'line': b'/home/romi/fawad/ORB_SLAM3/Thirdparty/g2o/g2o/types/../core/base_vertex.h:62:72: warning: \xe2\x80\x98Eigen::AlignedBit\xe2\x80\x99 is deprecated [-Wdeprecated-declarations]\n'}
[9.693033] (orbslam3) StderrLine: {'line': b'   62 |     typedef Eigen::Map<Matrix<double, D, D>, Matrix<double,D,D>::Flags & AlignedBit ? Aligned : Unaligned >  HessianBlockType;\n'}
[9.693138] (orbslam3) StderrLine: {'line': b'      |                                                                  ~~~~~~^~~~~~~~~~~~\n'}
[9.693234] (orbslam3) StderrLine: {'line': b'In file included from /usr/include/eigen3/Eigen/Core:161,\n'}
[9.693322] (orbslam3) StderrLine: {'line': b'                 from /usr/include/eigen3/Eigen/LU:11,\n'}
[9.693414] (orbslam3) StderrLine: {'line': b'                 from /home/romi/fawad/ORB_SLAM3/Thirdparty/Sophus/sophus/so2.hpp:12,\n'}
[9.693504] (orbslam3) StderrLine: {'line': b'                 from /home/romi/fawad/ORB_SLAM3/Thirdparty/Sophus/sophus/se2.hpp:7,\n'}
[9.693597] (orbslam3) StderrLine: {'line': b'                 from /home/romi/fawad/ORB_SLAM3/Thirdparty/Sophus/sophus/geometry.hpp:7,\n'}
[9.693686] (orbslam3) StderrLine: {'line': b'                 from /home/romi/fawad/ORB_SLAM3/include/Frame.h:28,\n'}
[9.693776] (orbslam3) StderrLine: {'line': b'                 from /home/romi/fawad/ORB_SLAM3/include/KeyFrame.h:28,\n'}
[9.693872] (orbslam3) StderrLine: {'line': b'                 from /home/romi/fawad/ORB_SLAM3/include/MapPoint.h:23,\n'}
[9.693961] (orbslam3) StderrLine: {'line': b'                 from /home/romi/fawad/ORB_SLAM3/include/FrameDrawer.h:24,\n'}
[9.694049] (orbslam3) StderrLine: {'line': b'                 from /home/romi/fawad/ORB_SLAM3/include/Viewer.h:23,\n'}
[9.694191] (orbslam3) StderrLine: {'line': b'                 from /home/romi/fawad/ORB_SLAM3/include/Tracking.h:26,\n'}
[9.694288] (orbslam3) StderrLine: {'line': b'                 from /home/romi/fawad/ORB_SLAM3/include/System.h:31,\n'}
[9.694380] (orbslam3) StderrLine: {'line': b'                 from /home/romi/fawad/ros2_ws/src/ORB_SLAM3_ROS2/src/monocular/monocular-slam-node.hpp:9,\n'}
[9.694470] (orbslam3) StderrLine: {'line': b'                 from /home/romi/fawad/ros2_ws/src/ORB_SLAM3_ROS2/src/monocular/monocular-slam-node.cpp:1:\n'}
[9.694562] (orbslam3) StderrLine: {'line': b'/usr/include/eigen3/Eigen/src/Core/util/Constants.h:167:37: note: declared here\n'}
[9.694642] (orbslam3) StderrLine: {'line': b'  167 | EIGEN_DEPRECATED const unsigned int AlignedBit = 0x80;\n'}
[9.694714] (orbslam3) StderrLine: {'line': b'      |                                     ^~~~~~~~~~\n'}
[9.703597] (orbslam3) StderrLine: {'line': b'In file included from /home/romi/fawad/ORB_SLAM3/Thirdparty/g2o/g2o/types/types_six_dof_expmap.h:38,\n'}
[9.703793] (orbslam3) StderrLine: {'line': b'                 from /home/romi/fawad/ORB_SLAM3/include/Converter.h:26,\n'}
[9.703916] (orbslam3) StderrLine: {'line': b'                 from /home/romi/fawad/ORB_SLAM3/include/Frame.h:33,\n'}
[9.704036] (orbslam3) StderrLine: {'line': b'                 from /home/romi/fawad/ORB_SLAM3/include/KeyFrame.h:28,\n'}
[9.704141] (orbslam3) StderrLine: {'line': b'                 from /home/romi/fawad/ORB_SLAM3/include/MapPoint.h:23,\n'}
[9.704244] (orbslam3) StderrLine: {'line': b'                 from /home/romi/fawad/ORB_SLAM3/include/FrameDrawer.h:24,\n'}
[9.704325] (orbslam3) StderrLine: {'line': b'                 from /home/romi/fawad/ORB_SLAM3/include/Viewer.h:23,\n'}
[9.704401] (orbslam3) StderrLine: {'line': b'                 from /home/romi/fawad/ORB_SLAM3/include/Tracking.h:26,\n'}
[9.704484] (orbslam3) StderrLine: {'line': b'                 from /home/romi/fawad/ORB_SLAM3/include/System.h:31,\n'}
[9.704568] (orbslam3) StderrLine: {'line': b'                 from /home/romi/fawad/ros2_ws/src/ORB_SLAM3_ROS2/src/stereo/stereo-slam-node.hpp:13,\n'}
[9.704642] (orbslam3) StderrLine: {'line': b'                 from /home/romi/fawad/ros2_ws/src/ORB_SLAM3_ROS2/src/stereo/stereo.cpp:7:\n'}
[9.704725] (orbslam3) StderrLine: {'line': b'/home/romi/fawad/ORB_SLAM3/Thirdparty/g2o/g2o/types/../core/base_binary_edge.h: In instantiation of \xe2\x80\x98class g2o::BaseBinaryEdge<6, g2o::SE3Quat, g2o::VertexSE3Expmap, g2o::VertexSE3Expmap>\xe2\x80\x99:\n'}
[9.704828] (orbslam3) StderrLine: {'line': b'/home/romi/fawad/ORB_SLAM3/Thirdparty/g2o/g2o/types/types_six_dof_expmap.h:83:24:   required from here\n'}
[9.704916] (orbslam3) StderrLine: {'line': b'/home/romi/fawad/ORB_SLAM3/Thirdparty/g2o/g2o/types/../core/base_binary_edge.h:59:80: warning: \xe2\x80\x98Eigen::AlignedBit\xe2\x80\x99 is deprecated [-Wdeprecated-declarations]\n'}
[9.705011] (orbslam3) StderrLine: {'line': b'   59 |       typedef Eigen::Map<Matrix<double, Di, Dj>, Matrix<double, Di, Dj>::Flags & AlignedBit ? Aligned : Unaligned > HessianBlockType;\n'}
[9.705106] (orbslam3) StderrLine: {'line': b'      |                                                                          ~~~~~~^~~~~~~~~~~~\n'}
[9.705945] (orbslam3) StderrLine: {'line': b'In file included from /usr/include/eigen3/Eigen/Core:161,\n'}
[9.706051] (orbslam3) StderrLine: {'line': b'                 from /usr/include/eigen3/Eigen/LU:11,\n'}
[9.706160] (orbslam3) StderrLine: {'line': b'                 from /home/romi/fawad/ORB_SLAM3/Thirdparty/Sophus/sophus/so2.hpp:12,\n'}
[9.706259] (orbslam3) StderrLine: {'line': b'                 from /home/romi/fawad/ORB_SLAM3/Thirdparty/Sophus/sophus/se2.hpp:7,\n'}
[9.706350] (orbslam3) StderrLine: {'line': b'                 from /home/romi/fawad/ORB_SLAM3/Thirdparty/Sophus/sophus/geometry.hpp:7,\n'}
[9.706431] (orbslam3) StderrLine: {'line': b'                 from /home/romi/fawad/ORB_SLAM3/include/Frame.h:28,\n'}
[9.706510] (orbslam3) StderrLine: {'line': b'                 from /home/romi/fawad/ORB_SLAM3/include/KeyFrame.h:28,\n'}
[9.706594] (orbslam3) StderrLine: {'line': b'                 from /home/romi/fawad/ORB_SLAM3/include/MapPoint.h:23,\n'}
[9.706677] (orbslam3) StderrLine: {'line': b'                 from /home/romi/fawad/ORB_SLAM3/include/FrameDrawer.h:24,\n'}
[9.706765] (orbslam3) StderrLine: {'line': b'                 from /home/romi/fawad/ORB_SLAM3/include/Viewer.h:23,\n'}
[9.706866] (orbslam3) StderrLine: {'line': b'                 from /home/romi/fawad/ORB_SLAM3/include/Tracking.h:26,\n'}
[9.706962] (orbslam3) StderrLine: {'line': b'                 from /home/romi/fawad/ORB_SLAM3/include/System.h:31,\n'}
[9.707049] (orbslam3) StderrLine: {'line': b'                 from /home/romi/fawad/ros2_ws/src/ORB_SLAM3_ROS2/src/stereo/stereo-slam-node.hpp:13,\n'}
[9.707154] (orbslam3) StderrLine: {'line': b'                 from /home/romi/fawad/ros2_ws/src/ORB_SLAM3_ROS2/src/stereo/stereo.cpp:7:\n'}
[9.707249] (orbslam3) StderrLine: {'line': b'/usr/include/eigen3/Eigen/src/Core/util/Constants.h:167:37: note: declared here\n'}
[9.707334] (orbslam3) StderrLine: {'line': b'  167 | EIGEN_DEPRECATED const unsigned int AlignedBit = 0x80;\n'}
[9.707422] (orbslam3) StderrLine: {'line': b'      |                                     ^~~~~~~~~~\n'}
[9.707504] (orbslam3) StderrLine: {'line': b'In file included from /home/romi/fawad/ORB_SLAM3/Thirdparty/g2o/g2o/types/types_six_dof_expmap.h:38,\n'}
[9.707601] (orbslam3) StderrLine: {'line': b'                 from /home/romi/fawad/ORB_SLAM3/include/Converter.h:26,\n'}
[9.707678] (orbslam3) StderrLine: {'line': b'                 from /home/romi/fawad/ORB_SLAM3/include/Frame.h:33,\n'}
[9.707768] (orbslam3) StderrLine: {'line': b'                 from /home/romi/fawad/ORB_SLAM3/include/KeyFrame.h:28,\n'}
[9.707854] (orbslam3) StderrLine: {'line': b'                 from /home/romi/fawad/ORB_SLAM3/include/MapPoint.h:23,\n'}
[9.707930] (orbslam3) StderrLine: {'line': b'                 from /home/romi/fawad/ORB_SLAM3/include/FrameDrawer.h:24,\n'}
[9.708012] (orbslam3) StderrLine: {'line': b'                 from /home/romi/fawad/ORB_SLAM3/include/Viewer.h:23,\n'}
[9.708102] (orbslam3) StderrLine: {'line': b'                 from /home/romi/fawad/ORB_SLAM3/include/Tracking.h:26,\n'}
[9.708251] (orbslam3) StderrLine: {'line': b'                 from /home/romi/fawad/ORB_SLAM3/include/System.h:31,\n'}
[9.708350] (orbslam3) StderrLine: {'line': b'                 from /home/romi/fawad/ros2_ws/src/ORB_SLAM3_ROS2/src/stereo/stereo-slam-node.hpp:13,\n'}
[9.708438] (orbslam3) StderrLine: {'line': b'                 from /home/romi/fawad/ros2_ws/src/ORB_SLAM3_ROS2/src/stereo/stereo.cpp:7:\n'}
[9.708523] (orbslam3) StderrLine: {'line': b'/home/romi/fawad/ORB_SLAM3/Thirdparty/g2o/g2o/types/../core/base_binary_edge.h:60:80: warning: \xe2\x80\x98Eigen::AlignedBit\xe2\x80\x99 is deprecated [-Wdeprecated-declarations]\n'}
[9.708611] (orbslam3) StderrLine: {'line': b'   60 |       typedef Eigen::Map<Matrix<double, Dj, Di>, Matrix<double, Dj, Di>::Flags & AlignedBit ? Aligned : Unaligned > HessianBlockTransposedType;\n'}
[9.708699] (orbslam3) StderrLine: {'line': b'      |                                                                          ~~~~~~^~~~~~~~~~~~\n'}
[9.708779] (orbslam3) StderrLine: {'line': b'In file included from /usr/include/eigen3/Eigen/Core:161,\n'}
[9.708856] (orbslam3) StderrLine: {'line': b'                 from /usr/include/eigen3/Eigen/LU:11,\n'}
[9.708938] (orbslam3) StderrLine: {'line': b'                 from /home/romi/fawad/ORB_SLAM3/Thirdparty/Sophus/sophus/so2.hpp:12,\n'}
[9.709020] (orbslam3) StderrLine: {'line': b'                 from /home/romi/fawad/ORB_SLAM3/Thirdparty/Sophus/sophus/se2.hpp:7,\n'}
[9.709110] (orbslam3) StderrLine: {'line': b'                 from /home/romi/fawad/ORB_SLAM3/Thirdparty/Sophus/sophus/geometry.hpp:7,\n'}
[9.709274] (orbslam3) StderrLine: {'line': b'                 from /home/romi/fawad/ORB_SLAM3/include/Frame.h:28,\n'}
[9.709368] (orbslam3) StderrLine: {'line': b'                 from /home/romi/fawad/ORB_SLAM3/include/KeyFrame.h:28,\n'}
[9.709455] (orbslam3) StderrLine: {'line': b'                 from /home/romi/fawad/ORB_SLAM3/include/MapPoint.h:23,\n'}
[9.709539] (orbslam3) StderrLine: {'line': b'                 from /home/romi/fawad/ORB_SLAM3/include/FrameDrawer.h:24,\n'}
[9.709622] (orbslam3) StderrLine: {'line': b'                 from /home/romi/fawad/ORB_SLAM3/include/Viewer.h:23,\n'}
[9.709707] (orbslam3) StderrLine: {'line': b'                 from /home/romi/fawad/ORB_SLAM3/include/Tracking.h:26,\n'}
[9.709792] (orbslam3) StderrLine: {'line': b'                 from /home/romi/fawad/ORB_SLAM3/include/System.h:31,\n'}
[9.709878] (orbslam3) StderrLine: {'line': b'                 from /home/romi/fawad/ros2_ws/src/ORB_SLAM3_ROS2/src/stereo/stereo-slam-node.hpp:13,\n'}
[9.709963] (orbslam3) StderrLine: {'line': b'                 from /home/romi/fawad/ros2_ws/src/ORB_SLAM3_ROS2/src/stereo/stereo.cpp:7:\n'}
[9.710051] (orbslam3) StderrLine: {'line': b'/usr/include/eigen3/Eigen/src/Core/util/Constants.h:167:37: note: declared here\n'}
[9.710153] (orbslam3) StderrLine: {'line': b'  167 | EIGEN_DEPRECATED const unsigned int AlignedBit = 0x80;\n'}
[9.710242] (orbslam3) StderrLine: {'line': b'      |                                     ^~~~~~~~~~\n'}
[9.734291] (orbslam3) StderrLine: {'line': b'In file included from /home/romi/fawad/ORB_SLAM3/Thirdparty/g2o/g2o/types/types_six_dof_expmap.h:38,\n'}
[9.734672] (orbslam3) StderrLine: {'line': b'                 from /home/romi/fawad/ORB_SLAM3/include/Converter.h:26,\n'}
[9.734784] (orbslam3) StderrLine: {'line': b'                 from /home/romi/fawad/ORB_SLAM3/include/Frame.h:33,\n'}
[9.734875] (orbslam3) StderrLine: {'line': b'                 from /home/romi/fawad/ORB_SLAM3/include/KeyFrame.h:28,\n'}
[9.734963] (orbslam3) StderrLine: {'line': b'                 from /home/romi/fawad/ORB_SLAM3/include/MapPoint.h:23,\n'}
[9.735052] (orbslam3) StderrLine: {'line': b'                 from /home/romi/fawad/ORB_SLAM3/include/FrameDrawer.h:24,\n'}
[9.735145] (orbslam3) StderrLine: {'line': b'                 from /home/romi/fawad/ORB_SLAM3/include/Viewer.h:23,\n'}
[9.735228] (orbslam3) StderrLine: {'line': b'                 from /home/romi/fawad/ORB_SLAM3/include/Tracking.h:26,\n'}
[9.735312] (orbslam3) StderrLine: {'line': b'                 from /home/romi/fawad/ORB_SLAM3/include/System.h:31,\n'}
[9.735412] (orbslam3) StderrLine: {'line': b'                 from /home/romi/fawad/ros2_ws/src/ORB_SLAM3_ROS2/src/stereo-inertial/stereo-inertial-node.hpp:10,\n'}
[9.735499] (orbslam3) StderrLine: {'line': b'                 from /home/romi/fawad/ros2_ws/src/ORB_SLAM3_ROS2/src/stereo-inertial/stereo-inertial.cpp:7:\n'}
[9.735590] (orbslam3) StderrLine: {'line': b'/home/romi/fawad/ORB_SLAM3/Thirdparty/g2o/g2o/types/../core/base_binary_edge.h: In instantiation of \xe2\x80\x98class g2o::BaseBinaryEdge<2, Eigen::Matrix<double, 2, 1>, g2o::VertexSBAPointXYZ, g2o::VertexSE3Expmap>\xe2\x80\x99:\n'}
[9.735682] (orbslam3) StderrLine: {'line': b'/home/romi/fawad/ORB_SLAM3/Thirdparty/g2o/g2o/types/types_six_dof_expmap.h:114:35:   required from here\n'}
[9.735767] (orbslam3) StderrLine: {'line': b'/home/romi/fawad/ORB_SLAM3/Thirdparty/g2o/g2o/types/../core/base_binary_edge.h:59:80: warning: \xe2\x80\x98Eigen::AlignedBit\xe2\x80\x99 is deprecated [-Wdeprecated-declarations]\n'}
[9.735861] (orbslam3) StderrLine: {'line': b'   59 |       typedef Eigen::Map<Matrix<double, Di, Dj>, Matrix<double, Di, Dj>::Flags & AlignedBit ? Aligned : Unaligned > HessianBlockType;\n'}
[9.735949] (orbslam3) StderrLine: {'line': b'      |                                                                          ~~~~~~^~~~~~~~~~~~\n'}
[9.736036] (orbslam3) StderrLine: {'line': b'In file included from /usr/include/eigen3/Eigen/Core:161,\n'}
[9.736141] (orbslam3) StderrLine: {'line': b'                 from /usr/include/eigen3/Eigen/LU:11,\n'}
[9.736236] (orbslam3) StderrLine: {'line': b'                 from /home/romi/fawad/ORB_SLAM3/Thirdparty/Sophus/sophus/so2.hpp:12,\n'}
[9.736322] (orbslam3) StderrLine: {'line': b'                 from /home/romi/fawad/ORB_SLAM3/Thirdparty/Sophus/sophus/se2.hpp:7,\n'}
[9.736409] (orbslam3) StderrLine: {'line': b'                 from /home/romi/fawad/ORB_SLAM3/Thirdparty/Sophus/sophus/geometry.hpp:7,\n'}
[9.736495] (orbslam3) StderrLine: {'line': b'                 from /home/romi/fawad/ORB_SLAM3/include/Frame.h:28,\n'}
[9.736609] (orbslam3) StderrLine: {'line': b'                 from /home/romi/fawad/ORB_SLAM3/include/KeyFrame.h:28,\n'}
[9.736698] (orbslam3) StderrLine: {'line': b'                 from /home/romi/fawad/ORB_SLAM3/include/MapPoint.h:23,\n'}
[9.736784] (orbslam3) StderrLine: {'line': b'                 from /home/romi/fawad/ORB_SLAM3/include/FrameDrawer.h:24,\n'}
[9.736872] (orbslam3) StderrLine: {'line': b'                 from /home/romi/fawad/ORB_SLAM3/include/Viewer.h:23,\n'}
[9.736960] (orbslam3) StderrLine: {'line': b'                 from /home/romi/fawad/ORB_SLAM3/include/Tracking.h:26,\n'}
[9.737047] (orbslam3) StderrLine: {'line': b'                 from /home/romi/fawad/ORB_SLAM3/include/System.h:31,\n'}
[9.737141] (orbslam3) StderrLine: {'line': b'                 from /home/romi/fawad/ros2_ws/src/ORB_SLAM3_ROS2/src/stereo-inertial/stereo-inertial-node.hpp:10,\n'}
[9.737233] (orbslam3) StderrLine: {'line': b'                 from /home/romi/fawad/ros2_ws/src/ORB_SLAM3_ROS2/src/stereo-inertial/stereo-inertial.cpp:7:\n'}
[9.737319] (orbslam3) StderrLine: {'line': b'/usr/include/eigen3/Eigen/src/Core/util/Constants.h:167:37: note: declared here\n'}
[9.737405] (orbslam3) StderrLine: {'line': b'  167 | EIGEN_DEPRECATED const unsigned int AlignedBit = 0x80;\n'}
[9.737491] (orbslam3) StderrLine: {'line': b'      |                                     ^~~~~~~~~~\n'}
[9.740947] (-) TimerEvent: {}
[9.758672] (orbslam3) StderrLine: {'line': b'In file included from /home/romi/fawad/ORB_SLAM3/Thirdparty/g2o/g2o/types/types_six_dof_expmap.h:38,\n'}
[9.758891] (orbslam3) StderrLine: {'line': b'                 from /home/romi/fawad/ORB_SLAM3/include/Converter.h:26,\n'}
[9.758994] (orbslam3) StderrLine: {'line': b'                 from /home/romi/fawad/ORB_SLAM3/include/Frame.h:33,\n'}
[9.759089] (orbslam3) StderrLine: {'line': b'                 from /home/romi/fawad/ORB_SLAM3/include/KeyFrame.h:28,\n'}
[9.759191] (orbslam3) StderrLine: {'line': b'                 from /home/romi/fawad/ORB_SLAM3/include/MapPoint.h:23,\n'}
[9.759286] (orbslam3) StderrLine: {'line': b'                 from /home/romi/fawad/ORB_SLAM3/include/FrameDrawer.h:24,\n'}
[9.759361] (orbslam3) StderrLine: {'line': b'                 from /home/romi/fawad/ORB_SLAM3/include/Viewer.h:23,\n'}
[9.759955] (orbslam3) StderrLine: {'line': b'                 from /home/romi/fawad/ORB_SLAM3/include/Tracking.h:26,\n'}
[9.760078] (orbslam3) StderrLine: {'line': b'                 from /home/romi/fawad/ORB_SLAM3/include/System.h:31,\n'}
[9.760197] (orbslam3) StderrLine: {'line': b'                 from /home/romi/fawad/ros2_ws/src/ORB_SLAM3_ROS2/src/stereo-inertial/stereo-inertial-node.hpp:10,\n'}
[9.760291] (orbslam3) StderrLine: {'line': b'                 from /home/romi/fawad/ros2_ws/src/ORB_SLAM3_ROS2/src/stereo-inertial/stereo-inertial.cpp:7:\n'}
[9.760371] (orbslam3) StderrLine: {'line': b'/home/romi/fawad/ORB_SLAM3/Thirdparty/g2o/g2o/types/../core/base_binary_edge.h:60:80: warning: \xe2\x80\x98Eigen::AlignedBit\xe2\x80\x99 is deprecated [-Wdeprecated-declarations]\n'}
[9.760456] (orbslam3) StderrLine: {'line': b'   60 |       typedef Eigen::Map<Matrix<double, Dj, Di>, Matrix<double, Dj, Di>::Flags & AlignedBit ? Aligned : Unaligned > HessianBlockTransposedType;\n'}
[9.760557] (orbslam3) StderrLine: {'line': b'      |                                                                          ~~~~~~^~~~~~~~~~~~\n'}
[9.760644] (orbslam3) StderrLine: {'line': b'In file included from /usr/include/eigen3/Eigen/Core:161,\n'}
[9.760735] (orbslam3) StderrLine: {'line': b'                 from /usr/include/eigen3/Eigen/LU:11,\n'}
[9.760821] (orbslam3) StderrLine: {'line': b'                 from /home/romi/fawad/ORB_SLAM3/Thirdparty/Sophus/sophus/so2.hpp:12,\n'}
[9.760909] (orbslam3) StderrLine: {'line': b'                 from /home/romi/fawad/ORB_SLAM3/Thirdparty/Sophus/sophus/se2.hpp:7,\n'}
[9.761000] (orbslam3) StderrLine: {'line': b'                 from /home/romi/fawad/ORB_SLAM3/Thirdparty/Sophus/sophus/geometry.hpp:7,\n'}
[9.761088] (orbslam3) StderrLine: {'line': b'                 from /home/romi/fawad/ORB_SLAM3/include/Frame.h:28,\n'}
[9.761192] (orbslam3) StderrLine: {'line': b'                 from /home/romi/fawad/ORB_SLAM3/include/KeyFrame.h:28,\n'}
[9.761287] (orbslam3) StderrLine: {'line': b'                 from /home/romi/fawad/ORB_SLAM3/include/MapPoint.h:23,\n'}
[9.761377] (orbslam3) StderrLine: {'line': b'                 from /home/romi/fawad/ORB_SLAM3/include/FrameDrawer.h:24,\n'}
[9.761458] (orbslam3) StderrLine: {'line': b'                 from /home/romi/fawad/ORB_SLAM3/include/Viewer.h:23,\n'}
[9.761551] (orbslam3) StderrLine: {'line': b'                 from /home/romi/fawad/ORB_SLAM3/include/Tracking.h:26,\n'}
[9.761622] (orbslam3) StderrLine: {'line': b'                 from /home/romi/fawad/ORB_SLAM3/include/System.h:31,\n'}
[9.761715] (orbslam3) StderrLine: {'line': b'                 from /home/romi/fawad/ros2_ws/src/ORB_SLAM3_ROS2/src/stereo-inertial/stereo-inertial-node.hpp:10,\n'}
[9.761802] (orbslam3) StderrLine: {'line': b'                 from /home/romi/fawad/ros2_ws/src/ORB_SLAM3_ROS2/src/stereo-inertial/stereo-inertial.cpp:7:\n'}
[9.761882] (orbslam3) StderrLine: {'line': b'/usr/include/eigen3/Eigen/src/Core/util/Constants.h:167:37: note: declared here\n'}
[9.761958] (orbslam3) StderrLine: {'line': b'  167 | EIGEN_DEPRECATED const unsigned int AlignedBit = 0x80;\n'}
[9.762035] (orbslam3) StderrLine: {'line': b'      |                                     ^~~~~~~~~~\n'}
[9.781517] (orbslam3) StderrLine: {'line': b'In file included from /home/romi/fawad/ORB_SLAM3/Thirdparty/g2o/g2o/types/types_six_dof_expmap.h:38,\n'}
[9.781723] (orbslam3) StderrLine: {'line': b'                 from /home/romi/fawad/ORB_SLAM3/include/Converter.h:26,\n'}
[9.781822] (orbslam3) StderrLine: {'line': b'                 from /home/romi/fawad/ORB_SLAM3/include/Frame.h:33,\n'}
[9.781906] (orbslam3) StderrLine: {'line': b'                 from /home/romi/fawad/ORB_SLAM3/include/KeyFrame.h:28,\n'}
[9.782008] (orbslam3) StderrLine: {'line': b'                 from /home/romi/fawad/ORB_SLAM3/include/MapPoint.h:23,\n'}
[9.782116] (orbslam3) StderrLine: {'line': b'                 from /home/romi/fawad/ORB_SLAM3/include/FrameDrawer.h:24,\n'}
[9.782214] (orbslam3) StderrLine: {'line': b'                 from /home/romi/fawad/ORB_SLAM3/include/Viewer.h:23,\n'}
[9.782302] (orbslam3) StderrLine: {'line': b'                 from /home/romi/fawad/ORB_SLAM3/include/Tracking.h:26,\n'}
[9.782388] (orbslam3) StderrLine: {'line': b'                 from /home/romi/fawad/ORB_SLAM3/include/System.h:31,\n'}
[9.782480] (orbslam3) StderrLine: {'line': b'                 from /home/romi/fawad/ros2_ws/src/ORB_SLAM3_ROS2/src/monocular/monocular-slam-node.hpp:9,\n'}
[9.782569] (orbslam3) StderrLine: {'line': b'                 from /home/romi/fawad/ros2_ws/src/ORB_SLAM3_ROS2/src/monocular/monocular-slam-node.cpp:1:\n'}
[9.782657] (orbslam3) StderrLine: {'line': b'/home/romi/fawad/ORB_SLAM3/Thirdparty/g2o/g2o/types/../core/base_binary_edge.h: In instantiation of \xe2\x80\x98class g2o::BaseBinaryEdge<6, g2o::SE3Quat, g2o::VertexSE3Expmap, g2o::VertexSE3Expmap>\xe2\x80\x99:\n'}
[9.782748] (orbslam3) StderrLine: {'line': b'/home/romi/fawad/ORB_SLAM3/Thirdparty/g2o/g2o/types/types_six_dof_expmap.h:83:24:   required from here\n'}
[9.782836] (orbslam3) StderrLine: {'line': b'/home/romi/fawad/ORB_SLAM3/Thirdparty/g2o/g2o/types/../core/base_binary_edge.h:59:80: warning: \xe2\x80\x98Eigen::AlignedBit\xe2\x80\x99 is deprecated [-Wdeprecated-declarations]\n'}
[9.782925] (orbslam3) StderrLine: {'line': b'   59 |       typedef Eigen::Map<Matrix<double, Di, Dj>, Matrix<double, Di, Dj>::Flags & AlignedBit ? Aligned : Unaligned > HessianBlockType;\n'}
[9.783024] (orbslam3) StderrLine: {'line': b'      |                                                                          ~~~~~~^~~~~~~~~~~~\n'}
[9.783117] (orbslam3) StderrLine: {'line': b'In file included from /usr/include/eigen3/Eigen/Core:161,\n'}
[9.783218] (orbslam3) StderrLine: {'line': b'                 from /usr/include/eigen3/Eigen/LU:11,\n'}
[9.783306] (orbslam3) StderrLine: {'line': b'                 from /home/romi/fawad/ORB_SLAM3/Thirdparty/Sophus/sophus/so2.hpp:12,\n'}
[9.783395] (orbslam3) StderrLine: {'line': b'                 from /home/romi/fawad/ORB_SLAM3/Thirdparty/Sophus/sophus/se2.hpp:7,\n'}
[9.783480] (orbslam3) StderrLine: {'line': b'                 from /home/romi/fawad/ORB_SLAM3/Thirdparty/Sophus/sophus/geometry.hpp:7,\n'}
[9.783566] (orbslam3) StderrLine: {'line': b'                 from /home/romi/fawad/ORB_SLAM3/include/Frame.h:28,\n'}
[9.783658] (orbslam3) StderrLine: {'line': b'                 from /home/romi/fawad/ORB_SLAM3/include/KeyFrame.h:28,\n'}
[9.783743] (orbslam3) StderrLine: {'line': b'                 from /home/romi/fawad/ORB_SLAM3/include/MapPoint.h:23,\n'}
[9.783834] (orbslam3) StderrLine: {'line': b'                 from /home/romi/fawad/ORB_SLAM3/include/FrameDrawer.h:24,\n'}
[9.783921] (orbslam3) StderrLine: {'line': b'                 from /home/romi/fawad/ORB_SLAM3/include/Viewer.h:23,\n'}
[9.784008] (orbslam3) StderrLine: {'line': b'                 from /home/romi/fawad/ORB_SLAM3/include/Tracking.h:26,\n'}
[9.784103] (orbslam3) StderrLine: {'line': b'                 from /home/romi/fawad/ORB_SLAM3/include/System.h:31,\n'}
[9.784204] (orbslam3) StderrLine: {'line': b'                 from /home/romi/fawad/ros2_ws/src/ORB_SLAM3_ROS2/src/monocular/monocular-slam-node.hpp:9,\n'}
[9.784290] (orbslam3) StderrLine: {'line': b'                 from /home/romi/fawad/ros2_ws/src/ORB_SLAM3_ROS2/src/monocular/monocular-slam-node.cpp:1:\n'}
[9.784390] (orbslam3) StderrLine: {'line': b'/usr/include/eigen3/Eigen/src/Core/util/Constants.h:167:37: note: declared here\n'}
[9.784479] (orbslam3) StderrLine: {'line': b'  167 | EIGEN_DEPRECATED const unsigned int AlignedBit = 0x80;\n'}
[9.784568] (orbslam3) StderrLine: {'line': b'      |                                     ^~~~~~~~~~\n'}
[9.787130] (orbslam3) StderrLine: {'line': b'In file included from /home/romi/fawad/ORB_SLAM3/Thirdparty/g2o/g2o/types/types_six_dof_expmap.h:38,\n'}
[9.787372] (orbslam3) StderrLine: {'line': b'                 from /home/romi/fawad/ORB_SLAM3/include/Converter.h:26,\n'}
[9.787474] (orbslam3) StderrLine: {'line': b'                 from /home/romi/fawad/ORB_SLAM3/include/Frame.h:33,\n'}
[9.787560] (orbslam3) StderrLine: {'line': b'                 from /home/romi/fawad/ORB_SLAM3/include/KeyFrame.h:28,\n'}
[9.787652] (orbslam3) StderrLine: {'line': b'                 from /home/romi/fawad/ORB_SLAM3/include/MapPoint.h:23,\n'}
[9.787740] (orbslam3) StderrLine: {'line': b'                 from /home/romi/fawad/ORB_SLAM3/include/FrameDrawer.h:24,\n'}
[9.787812] (orbslam3) StderrLine: {'line': b'                 from /home/romi/fawad/ORB_SLAM3/include/Viewer.h:23,\n'}
[9.787891] (orbslam3) StderrLine: {'line': b'                 from /home/romi/fawad/ORB_SLAM3/include/Tracking.h:26,\n'}
[9.787967] (orbslam3) StderrLine: {'line': b'                 from /home/romi/fawad/ORB_SLAM3/include/System.h:31,\n'}
[9.788052] (orbslam3) StderrLine: {'line': b'                 from /home/romi/fawad/ros2_ws/src/ORB_SLAM3_ROS2/src/monocular/monocular-slam-node.hpp:9,\n'}
[9.788221] (orbslam3) StderrLine: {'line': b'                 from /home/romi/fawad/ros2_ws/src/ORB_SLAM3_ROS2/src/monocular/monocular-slam-node.cpp:1:\n'}
[9.788317] (orbslam3) StderrLine: {'line': b'/home/romi/fawad/ORB_SLAM3/Thirdparty/g2o/g2o/types/../core/base_binary_edge.h:60:80: warning: \xe2\x80\x98Eigen::AlignedBit\xe2\x80\x99 is deprecated [-Wdeprecated-declarations]\n'}
[9.788406] (orbslam3) StderrLine: {'line': b'   60 |       typedef Eigen::Map<Matrix<double, Dj, Di>, Matrix<double, Dj, Di>::Flags & AlignedBit ? Aligned : Unaligned > HessianBlockTransposedType;\n'}
[9.788495] (orbslam3) StderrLine: {'line': b'      |                                                                          ~~~~~~^~~~~~~~~~~~\n'}
[9.788587] (orbslam3) StderrLine: {'line': b'In file included from /usr/include/eigen3/Eigen/Core:161,\n'}
[9.788672] (orbslam3) StderrLine: {'line': b'                 from /usr/include/eigen3/Eigen/LU:11,\n'}
[9.788755] (orbslam3) StderrLine: {'line': b'                 from /home/romi/fawad/ORB_SLAM3/Thirdparty/Sophus/sophus/so2.hpp:12,\n'}
[9.788836] (orbslam3) StderrLine: {'line': b'                 from /home/romi/fawad/ORB_SLAM3/Thirdparty/Sophus/sophus/se2.hpp:7,\n'}
[9.788919] (orbslam3) StderrLine: {'line': b'                 from /home/romi/fawad/ORB_SLAM3/Thirdparty/Sophus/sophus/geometry.hpp:7,\n'}
[9.789002] (orbslam3) StderrLine: {'line': b'                 from /home/romi/fawad/ORB_SLAM3/include/Frame.h:28,\n'}
[9.789109] (orbslam3) StderrLine: {'line': b'                 from /home/romi/fawad/ORB_SLAM3/include/KeyFrame.h:28,\n'}
[9.789205] (orbslam3) StderrLine: {'line': b'                 from /home/romi/fawad/ORB_SLAM3/include/MapPoint.h:23,\n'}
[9.789292] (orbslam3) StderrLine: {'line': b'                 from /home/romi/fawad/ORB_SLAM3/include/FrameDrawer.h:24,\n'}
[9.789381] (orbslam3) StderrLine: {'line': b'                 from /home/romi/fawad/ORB_SLAM3/include/Viewer.h:23,\n'}
[9.789470] (orbslam3) StderrLine: {'line': b'                 from /home/romi/fawad/ORB_SLAM3/include/Tracking.h:26,\n'}
[9.789557] (orbslam3) StderrLine: {'line': b'                 from /home/romi/fawad/ORB_SLAM3/include/System.h:31,\n'}
[9.789642] (orbslam3) StderrLine: {'line': b'                 from /home/romi/fawad/ros2_ws/src/ORB_SLAM3_ROS2/src/monocular/monocular-slam-node.hpp:9,\n'}
[9.789728] (orbslam3) StderrLine: {'line': b'                 from /home/romi/fawad/ros2_ws/src/ORB_SLAM3_ROS2/src/monocular/monocular-slam-node.cpp:1:\n'}
[9.789815] (orbslam3) StderrLine: {'line': b'/usr/include/eigen3/Eigen/src/Core/util/Constants.h:167:37: note: declared here\n'}
[9.789902] (orbslam3) StderrLine: {'line': b'  167 | EIGEN_DEPRECATED const unsigned int AlignedBit = 0x80;\n'}
[9.790008] (orbslam3) StderrLine: {'line': b'      |                                     ^~~~~~~~~~\n'}
[9.801190] (orbslam3) StderrLine: {'line': b'In file included from /home/romi/fawad/ORB_SLAM3/Thirdparty/g2o/g2o/types/types_six_dof_expmap.h:38,\n'}
[9.801401] (orbslam3) StderrLine: {'line': b'                 from /home/romi/fawad/ORB_SLAM3/include/Converter.h:26,\n'}
[9.801509] (orbslam3) StderrLine: {'line': b'                 from /home/romi/fawad/ORB_SLAM3/include/Frame.h:33,\n'}
[9.801599] (orbslam3) StderrLine: {'line': b'                 from /home/romi/fawad/ORB_SLAM3/include/KeyFrame.h:28,\n'}
[9.802087] (orbslam3) StderrLine: {'line': b'                 from /home/romi/fawad/ORB_SLAM3/include/MapPoint.h:23,\n'}
[9.802202] (orbslam3) StderrLine: {'line': b'                 from /home/romi/fawad/ORB_SLAM3/include/FrameDrawer.h:24,\n'}
[9.802297] (orbslam3) StderrLine: {'line': b'                 from /home/romi/fawad/ORB_SLAM3/include/Viewer.h:23,\n'}
[9.802387] (orbslam3) StderrLine: {'line': b'                 from /home/romi/fawad/ORB_SLAM3/include/Tracking.h:26,\n'}
[9.802470] (orbslam3) StderrLine: {'line': b'                 from /home/romi/fawad/ORB_SLAM3/include/System.h:31,\n'}
[9.802545] (orbslam3) StderrLine: {'line': b'                 from /home/romi/fawad/ros2_ws/src/ORB_SLAM3_ROS2/src/stereo/stereo-slam-node.hpp:13,\n'}
[9.802623] (orbslam3) StderrLine: {'line': b'                 from /home/romi/fawad/ros2_ws/src/ORB_SLAM3_ROS2/src/stereo/stereo.cpp:7:\n'}
[9.802707] (orbslam3) StderrLine: {'line': b'/home/romi/fawad/ORB_SLAM3/Thirdparty/g2o/g2o/types/../core/base_binary_edge.h: In instantiation of \xe2\x80\x98class g2o::BaseBinaryEdge<2, Eigen::Matrix<double, 2, 1>, g2o::VertexSBAPointXYZ, g2o::VertexSE3Expmap>\xe2\x80\x99:\n'}
[9.802795] (orbslam3) StderrLine: {'line': b'/home/romi/fawad/ORB_SLAM3/Thirdparty/g2o/g2o/types/types_six_dof_expmap.h:114:35:   required from here\n'}
[9.802878] (orbslam3) StderrLine: {'line': b'/home/romi/fawad/ORB_SLAM3/Thirdparty/g2o/g2o/types/../core/base_binary_edge.h:59:80: warning: \xe2\x80\x98Eigen::AlignedBit\xe2\x80\x99 is deprecated [-Wdeprecated-declarations]\n'}
[9.802982] (orbslam3) StderrLine: {'line': b'   59 |       typedef Eigen::Map<Matrix<double, Di, Dj>, Matrix<double, Di, Dj>::Flags & AlignedBit ? Aligned : Unaligned > HessianBlockType;\n'}
[9.803074] (orbslam3) StderrLine: {'line': b'      |                                                                          ~~~~~~^~~~~~~~~~~~\n'}
[9.803183] (orbslam3) StderrLine: {'line': b'In file included from /usr/include/eigen3/Eigen/Core:161,\n'}
[9.803275] (orbslam3) StderrLine: {'line': b'                 from /usr/include/eigen3/Eigen/LU:11,\n'}
[9.803364] (orbslam3) StderrLine: {'line': b'                 from /home/romi/fawad/ORB_SLAM3/Thirdparty/Sophus/sophus/so2.hpp:12,\n'}
[9.803448] (orbslam3) StderrLine: {'line': b'                 from /home/romi/fawad/ORB_SLAM3/Thirdparty/Sophus/sophus/se2.hpp:7,\n'}
[9.803522] (orbslam3) StderrLine: {'line': b'                 from /home/romi/fawad/ORB_SLAM3/Thirdparty/Sophus/sophus/geometry.hpp:7,\n'}
[9.803607] (orbslam3) StderrLine: {'line': b'                 from /home/romi/fawad/ORB_SLAM3/include/Frame.h:28,\n'}
[9.803689] (orbslam3) StderrLine: {'line': b'                 from /home/romi/fawad/ORB_SLAM3/include/KeyFrame.h:28,\n'}
[9.803774] (orbslam3) StderrLine: {'line': b'                 from /home/romi/fawad/ORB_SLAM3/include/MapPoint.h:23,\n'}
[9.803864] (orbslam3) StderrLine: {'line': b'                 from /home/romi/fawad/ORB_SLAM3/include/FrameDrawer.h:24,\n'}
[9.803952] (orbslam3) StderrLine: {'line': b'                 from /home/romi/fawad/ORB_SLAM3/include/Viewer.h:23,\n'}
[9.804075] (orbslam3) StderrLine: {'line': b'                 from /home/romi/fawad/ORB_SLAM3/include/Tracking.h:26,\n'}
[9.804178] (orbslam3) StderrLine: {'line': b'                 from /home/romi/fawad/ORB_SLAM3/include/System.h:31,\n'}
[9.804267] (orbslam3) StderrLine: {'line': b'                 from /home/romi/fawad/ros2_ws/src/ORB_SLAM3_ROS2/src/stereo/stereo-slam-node.hpp:13,\n'}
[9.804353] (orbslam3) StderrLine: {'line': b'                 from /home/romi/fawad/ros2_ws/src/ORB_SLAM3_ROS2/src/stereo/stereo.cpp:7:\n'}
[9.804438] (orbslam3) StderrLine: {'line': b'/usr/include/eigen3/Eigen/src/Core/util/Constants.h:167:37: note: declared here\n'}
[9.804532] (orbslam3) StderrLine: {'line': b'  167 | EIGEN_DEPRECATED const unsigned int AlignedBit = 0x80;\n'}
[9.804617] (orbslam3) StderrLine: {'line': b'      |                                     ^~~~~~~~~~\n'}
[9.820357] (orbslam3) StderrLine: {'line': b'In file included from /home/romi/fawad/ORB_SLAM3/Thirdparty/g2o/g2o/types/types_six_dof_expmap.h:38,\n'}
[9.820563] (orbslam3) StderrLine: {'line': b'                 from /home/romi/fawad/ORB_SLAM3/include/Converter.h:26,\n'}
[9.820662] (orbslam3) StderrLine: {'line': b'                 from /home/romi/fawad/ORB_SLAM3/include/Frame.h:33,\n'}
[9.820744] (orbslam3) StderrLine: {'line': b'                 from /home/romi/fawad/ORB_SLAM3/include/KeyFrame.h:28,\n'}
[9.820832] (orbslam3) StderrLine: {'line': b'                 from /home/romi/fawad/ORB_SLAM3/include/MapPoint.h:23,\n'}
[9.820920] (orbslam3) StderrLine: {'line': b'                 from /home/romi/fawad/ORB_SLAM3/include/FrameDrawer.h:24,\n'}
[9.821009] (orbslam3) StderrLine: {'line': b'                 from /home/romi/fawad/ORB_SLAM3/include/Viewer.h:23,\n'}
[9.821105] (orbslam3) StderrLine: {'line': b'                 from /home/romi/fawad/ORB_SLAM3/include/Tracking.h:26,\n'}
[9.821206] (orbslam3) StderrLine: {'line': b'                 from /home/romi/fawad/ORB_SLAM3/include/System.h:31,\n'}
[9.821294] (orbslam3) StderrLine: {'line': b'                 from /home/romi/fawad/ros2_ws/src/ORB_SLAM3_ROS2/src/stereo/stereo-slam-node.hpp:13,\n'}
[9.821380] (orbslam3) StderrLine: {'line': b'                 from /home/romi/fawad/ros2_ws/src/ORB_SLAM3_ROS2/src/stereo/stereo.cpp:7:\n'}
[9.821469] (orbslam3) StderrLine: {'line': b'/home/romi/fawad/ORB_SLAM3/Thirdparty/g2o/g2o/types/../core/base_binary_edge.h:60:80: warning: \xe2\x80\x98Eigen::AlignedBit\xe2\x80\x99 is deprecated [-Wdeprecated-declarations]\n'}
[9.821558] (orbslam3) StderrLine: {'line': b'   60 |       typedef Eigen::Map<Matrix<double, Dj, Di>, Matrix<double, Dj, Di>::Flags & AlignedBit ? Aligned : Unaligned > HessianBlockTransposedType;\n'}
[9.821646] (orbslam3) StderrLine: {'line': b'      |                                                                          ~~~~~~^~~~~~~~~~~~\n'}
[9.821733] (orbslam3) StderrLine: {'line': b'In file included from /usr/include/eigen3/Eigen/Core:161,\n'}
[9.821823] (orbslam3) StderrLine: {'line': b'                 from /usr/include/eigen3/Eigen/LU:11,\n'}
[9.821906] (orbslam3) StderrLine: {'line': b'                 from /home/romi/fawad/ORB_SLAM3/Thirdparty/Sophus/sophus/so2.hpp:12,\n'}
[9.821994] (orbslam3) StderrLine: {'line': b'                 from /home/romi/fawad/ORB_SLAM3/Thirdparty/Sophus/sophus/se2.hpp:7,\n'}
[9.822080] (orbslam3) StderrLine: {'line': b'                 from /home/romi/fawad/ORB_SLAM3/Thirdparty/Sophus/sophus/geometry.hpp:7,\n'}
[9.822185] (orbslam3) StderrLine: {'line': b'                 from /home/romi/fawad/ORB_SLAM3/include/Frame.h:28,\n'}
[9.822277] (orbslam3) StderrLine: {'line': b'                 from /home/romi/fawad/ORB_SLAM3/include/KeyFrame.h:28,\n'}
[9.822364] (orbslam3) StderrLine: {'line': b'                 from /home/romi/fawad/ORB_SLAM3/include/MapPoint.h:23,\n'}
[9.822446] (orbslam3) StderrLine: {'line': b'                 from /home/romi/fawad/ORB_SLAM3/include/FrameDrawer.h:24,\n'}
[9.822527] (orbslam3) StderrLine: {'line': b'                 from /home/romi/fawad/ORB_SLAM3/include/Viewer.h:23,\n'}
[9.822611] (orbslam3) StderrLine: {'line': b'                 from /home/romi/fawad/ORB_SLAM3/include/Tracking.h:26,\n'}
[9.822699] (orbslam3) StderrLine: {'line': b'                 from /home/romi/fawad/ORB_SLAM3/include/System.h:31,\n'}
[9.822789] (orbslam3) StderrLine: {'line': b'                 from /home/romi/fawad/ros2_ws/src/ORB_SLAM3_ROS2/src/stereo/stereo-slam-node.hpp:13,\n'}
[9.822901] (orbslam3) StderrLine: {'line': b'                 from /home/romi/fawad/ros2_ws/src/ORB_SLAM3_ROS2/src/stereo/stereo.cpp:7:\n'}
[9.822990] (orbslam3) StderrLine: {'line': b'/usr/include/eigen3/Eigen/src/Core/util/Constants.h:167:37: note: declared here\n'}
[9.823085] (orbslam3) StderrLine: {'line': b'  167 | EIGEN_DEPRECATED const unsigned int AlignedBit = 0x80;\n'}
[9.823187] (orbslam3) StderrLine: {'line': b'      |                                     ^~~~~~~~~~\n'}
[9.841062] (-) TimerEvent: {}
[9.855397] (orbslam3) StderrLine: {'line': b'In file included from /home/romi/fawad/ORB_SLAM3/Thirdparty/g2o/g2o/types/types_six_dof_expmap.h:38,\n'}
[9.855597] (orbslam3) StderrLine: {'line': b'                 from /home/romi/fawad/ORB_SLAM3/include/Converter.h:26,\n'}
[9.855702] (orbslam3) StderrLine: {'line': b'                 from /home/romi/fawad/ORB_SLAM3/include/Frame.h:33,\n'}
[9.855799] (orbslam3) StderrLine: {'line': b'                 from /home/romi/fawad/ORB_SLAM3/include/KeyFrame.h:28,\n'}
[9.855890] (orbslam3) StderrLine: {'line': b'                 from /home/romi/fawad/ORB_SLAM3/include/MapPoint.h:23,\n'}
[9.855980] (orbslam3) StderrLine: {'line': b'                 from /home/romi/fawad/ORB_SLAM3/include/FrameDrawer.h:24,\n'}
[9.856066] (orbslam3) StderrLine: {'line': b'                 from /home/romi/fawad/ORB_SLAM3/include/Viewer.h:23,\n'}
[9.856172] (orbslam3) StderrLine: {'line': b'                 from /home/romi/fawad/ORB_SLAM3/include/Tracking.h:26,\n'}
[9.856264] (orbslam3) StderrLine: {'line': b'                 from /home/romi/fawad/ORB_SLAM3/include/System.h:31,\n'}
[9.856352] (orbslam3) StderrLine: {'line': b'                 from /home/romi/fawad/ros2_ws/src/ORB_SLAM3_ROS2/src/stereo-inertial/stereo-inertial-node.hpp:10,\n'}
[9.857390] (orbslam3) StderrLine: {'line': b'                 from /home/romi/fawad/ros2_ws/src/ORB_SLAM3_ROS2/src/stereo-inertial/stereo-inertial.cpp:7:\n'}
[9.857531] (orbslam3) StderrLine: {'line': b'/home/romi/fawad/ORB_SLAM3/Thirdparty/g2o/g2o/types/../core/base_binary_edge.h: In instantiation of \xe2\x80\x98class g2o::BaseBinaryEdge<3, Eigen::Matrix<double, 3, 1>, g2o::VertexSBAPointXYZ, g2o::VertexSE3Expmap>\xe2\x80\x99:\n'}
[9.857643] (orbslam3) StderrLine: {'line': b'/home/romi/fawad/ORB_SLAM3/Thirdparty/g2o/g2o/types/types_six_dof_expmap.h:146:41:   required from here\n'}
[9.857732] (orbslam3) StderrLine: {'line': b'/home/romi/fawad/ORB_SLAM3/Thirdparty/g2o/g2o/types/../core/base_binary_edge.h:59:80: warning: \xe2\x80\x98Eigen::AlignedBit\xe2\x80\x99 is deprecated [-Wdeprecated-declarations]\n'}
[9.857819] (orbslam3) StderrLine: {'line': b'   59 |       typedef Eigen::Map<Matrix<double, Di, Dj>, Matrix<double, Di, Dj>::Flags & AlignedBit ? Aligned : Unaligned > HessianBlockType;\n'}
[9.857901] (orbslam3) StderrLine: {'line': b'      |                                                                          ~~~~~~^~~~~~~~~~~~\n'}
[9.857987] (orbslam3) StderrLine: {'line': b'In file included from /usr/include/eigen3/Eigen/Core:161,\n'}
[9.858074] (orbslam3) StderrLine: {'line': b'                 from /usr/include/eigen3/Eigen/LU:11,\n'}
[9.858278] (orbslam3) StderrLine: {'line': b'                 from /home/romi/fawad/ORB_SLAM3/Thirdparty/Sophus/sophus/so2.hpp:12,\n'}
[9.858358] (orbslam3) StderrLine: {'line': b'                 from /home/romi/fawad/ORB_SLAM3/Thirdparty/Sophus/sophus/se2.hpp:7,\n'}
[9.858434] (orbslam3) StderrLine: {'line': b'                 from /home/romi/fawad/ORB_SLAM3/Thirdparty/Sophus/sophus/geometry.hpp:7,\n'}
[9.858513] (orbslam3) StderrLine: {'line': b'                 from /home/romi/fawad/ORB_SLAM3/include/Frame.h:28,\n'}
[9.858586] (orbslam3) StderrLine: {'line': b'                 from /home/romi/fawad/ORB_SLAM3/include/KeyFrame.h:28,\n'}
[9.858656] (orbslam3) StderrLine: {'line': b'                 from /home/romi/fawad/ORB_SLAM3/include/MapPoint.h:23,\n'}
[9.858735] (orbslam3) StderrLine: {'line': b'                 from /home/romi/fawad/ORB_SLAM3/include/FrameDrawer.h:24,\n'}
[9.858808] (orbslam3) StderrLine: {'line': b'                 from /home/romi/fawad/ORB_SLAM3/include/Viewer.h:23,\n'}
[9.858881] (orbslam3) StderrLine: {'line': b'                 from /home/romi/fawad/ORB_SLAM3/include/Tracking.h:26,\n'}
[9.858976] (orbslam3) StderrLine: {'line': b'                 from /home/romi/fawad/ORB_SLAM3/include/System.h:31,\n'}
[9.859060] (orbslam3) StderrLine: {'line': b'                 from /home/romi/fawad/ros2_ws/src/ORB_SLAM3_ROS2/src/stereo-inertial/stereo-inertial-node.hpp:10,\n'}
[9.859165] (orbslam3) StderrLine: {'line': b'                 from /home/romi/fawad/ros2_ws/src/ORB_SLAM3_ROS2/src/stereo-inertial/stereo-inertial.cpp:7:\n'}
[9.859247] (orbslam3) StderrLine: {'line': b'/usr/include/eigen3/Eigen/src/Core/util/Constants.h:167:37: note: declared here\n'}
[9.859335] (orbslam3) StderrLine: {'line': b'  167 | EIGEN_DEPRECATED const unsigned int AlignedBit = 0x80;\n'}
[9.859417] (orbslam3) StderrLine: {'line': b'      |                                     ^~~~~~~~~~\n'}
[9.859486] (orbslam3) StderrLine: {'line': b'In file included from /home/romi/fawad/ORB_SLAM3/Thirdparty/g2o/g2o/types/types_six_dof_expmap.h:38,\n'}
[9.859557] (orbslam3) StderrLine: {'line': b'                 from /home/romi/fawad/ORB_SLAM3/include/Converter.h:26,\n'}
[9.859636] (orbslam3) StderrLine: {'line': b'                 from /home/romi/fawad/ORB_SLAM3/include/Frame.h:33,\n'}
[9.859709] (orbslam3) StderrLine: {'line': b'                 from /home/romi/fawad/ORB_SLAM3/include/KeyFrame.h:28,\n'}
[9.859793] (orbslam3) StderrLine: {'line': b'                 from /home/romi/fawad/ORB_SLAM3/include/MapPoint.h:23,\n'}
[9.859878] (orbslam3) StderrLine: {'line': b'                 from /home/romi/fawad/ORB_SLAM3/include/FrameDrawer.h:24,\n'}
[9.859967] (orbslam3) StderrLine: {'line': b'                 from /home/romi/fawad/ORB_SLAM3/include/Viewer.h:23,\n'}
[9.860067] (orbslam3) StderrLine: {'line': b'                 from /home/romi/fawad/ORB_SLAM3/include/Tracking.h:26,\n'}
[9.860173] (orbslam3) StderrLine: {'line': b'                 from /home/romi/fawad/ORB_SLAM3/include/System.h:31,\n'}
[9.860263] (orbslam3) StderrLine: {'line': b'                 from /home/romi/fawad/ros2_ws/src/ORB_SLAM3_ROS2/src/stereo-inertial/stereo-inertial-node.hpp:10,\n'}
[9.860352] (orbslam3) StderrLine: {'line': b'                 from /home/romi/fawad/ros2_ws/src/ORB_SLAM3_ROS2/src/stereo-inertial/stereo-inertial.cpp:7:\n'}
[9.860436] (orbslam3) StderrLine: {'line': b'/home/romi/fawad/ORB_SLAM3/Thirdparty/g2o/g2o/types/../core/base_binary_edge.h:60:80: warning: \xe2\x80\x98Eigen::AlignedBit\xe2\x80\x99 is deprecated [-Wdeprecated-declarations]\n'}
[9.860519] (orbslam3) StderrLine: {'line': b'   60 |       typedef Eigen::Map<Matrix<double, Dj, Di>, Matrix<double, Dj, Di>::Flags & AlignedBit ? Aligned : Unaligned > HessianBlockTransposedType;\n'}
[9.860607] (orbslam3) StderrLine: {'line': b'      |                                                                          ~~~~~~^~~~~~~~~~~~\n'}
[9.860692] (orbslam3) StderrLine: {'line': b'In file included from /usr/include/eigen3/Eigen/Core:161,\n'}
[9.860779] (orbslam3) StderrLine: {'line': b'                 from /usr/include/eigen3/Eigen/LU:11,\n'}
[9.860864] (orbslam3) StderrLine: {'line': b'                 from /home/romi/fawad/ORB_SLAM3/Thirdparty/Sophus/sophus/so2.hpp:12,\n'}
[9.860948] (orbslam3) StderrLine: {'line': b'                 from /home/romi/fawad/ORB_SLAM3/Thirdparty/Sophus/sophus/se2.hpp:7,\n'}
[9.861031] (orbslam3) StderrLine: {'line': b'                 from /home/romi/fawad/ORB_SLAM3/Thirdparty/Sophus/sophus/geometry.hpp:7,\n'}
[9.861621] (orbslam3) StderrLine: {'line': b'                 from /home/romi/fawad/ORB_SLAM3/include/Frame.h:28,\n'}
[9.861758] (orbslam3) StderrLine: {'line': b'                 from /home/romi/fawad/ORB_SLAM3/include/KeyFrame.h:28,\n'}
[9.861852] (orbslam3) StderrLine: {'line': b'                 from /home/romi/fawad/ORB_SLAM3/include/MapPoint.h:23,\n'}
[9.862499] (orbslam3) StderrLine: {'line': b'                 from /home/romi/fawad/ORB_SLAM3/include/FrameDrawer.h:24,\n'}
[9.862586] (orbslam3) StderrLine: {'line': b'                 from /home/romi/fawad/ORB_SLAM3/include/Viewer.h:23,\n'}
[9.862672] (orbslam3) StderrLine: {'line': b'                 from /home/romi/fawad/ORB_SLAM3/include/Tracking.h:26,\n'}
[9.862772] (orbslam3) StderrLine: {'line': b'                 from /home/romi/fawad/ORB_SLAM3/include/System.h:31,\n'}
[9.862865] (orbslam3) StderrLine: {'line': b'                 from /home/romi/fawad/ros2_ws/src/ORB_SLAM3_ROS2/src/stereo-inertial/stereo-inertial-node.hpp:10,\n'}
[9.862954] (orbslam3) StderrLine: {'line': b'                 from /home/romi/fawad/ros2_ws/src/ORB_SLAM3_ROS2/src/stereo-inertial/stereo-inertial.cpp:7:\n'}
[9.863041] (orbslam3) StderrLine: {'line': b'/usr/include/eigen3/Eigen/src/Core/util/Constants.h:167:37: note: declared here\n'}
[9.863181] (orbslam3) StderrLine: {'line': b'  167 | EIGEN_DEPRECATED const unsigned int AlignedBit = 0x80;\n'}
[9.863282] (orbslam3) StderrLine: {'line': b'      |                                     ^~~~~~~~~~\n'}
[9.863546] (orbslam3) StderrLine: {'line': b'In file included from /home/romi/fawad/ORB_SLAM3/Thirdparty/g2o/g2o/types/types_six_dof_expmap.h:38,\n'}
[9.863642] (orbslam3) StderrLine: {'line': b'                 from /home/romi/fawad/ORB_SLAM3/include/Converter.h:26,\n'}
[9.863730] (orbslam3) StderrLine: {'line': b'                 from /home/romi/fawad/ORB_SLAM3/include/Frame.h:33,\n'}
[9.863816] (orbslam3) StderrLine: {'line': b'                 from /home/romi/fawad/ORB_SLAM3/include/KeyFrame.h:28,\n'}
[9.863902] (orbslam3) StderrLine: {'line': b'                 from /home/romi/fawad/ORB_SLAM3/include/MapPoint.h:23,\n'}
[9.863988] (orbslam3) StderrLine: {'line': b'                 from /home/romi/fawad/ORB_SLAM3/include/FrameDrawer.h:24,\n'}
[9.864089] (orbslam3) StderrLine: {'line': b'                 from /home/romi/fawad/ORB_SLAM3/include/Viewer.h:23,\n'}
[9.864193] (orbslam3) StderrLine: {'line': b'                 from /home/romi/fawad/ORB_SLAM3/include/Tracking.h:26,\n'}
[9.864284] (orbslam3) StderrLine: {'line': b'                 from /home/romi/fawad/ORB_SLAM3/include/System.h:31,\n'}
[9.864365] (orbslam3) StderrLine: {'line': b'                 from /home/romi/fawad/ros2_ws/src/ORB_SLAM3_ROS2/src/monocular/monocular-slam-node.hpp:9,\n'}
[9.864452] (orbslam3) StderrLine: {'line': b'                 from /home/romi/fawad/ros2_ws/src/ORB_SLAM3_ROS2/src/monocular/monocular-slam-node.cpp:1:\n'}
[9.864534] (orbslam3) StderrLine: {'line': b'/home/romi/fawad/ORB_SLAM3/Thirdparty/g2o/g2o/types/../core/base_binary_edge.h: In instantiation of \xe2\x80\x98class g2o::BaseBinaryEdge<2, Eigen::Matrix<double, 2, 1>, g2o::VertexSBAPointXYZ, g2o::VertexSE3Expmap>\xe2\x80\x99:\n'}
[9.864620] (orbslam3) StderrLine: {'line': b'/home/romi/fawad/ORB_SLAM3/Thirdparty/g2o/g2o/types/types_six_dof_expmap.h:114:35:   required from here\n'}
[9.864706] (orbslam3) StderrLine: {'line': b'/home/romi/fawad/ORB_SLAM3/Thirdparty/g2o/g2o/types/../core/base_binary_edge.h:59:80: warning: \xe2\x80\x98Eigen::AlignedBit\xe2\x80\x99 is deprecated [-Wdeprecated-declarations]\n'}
[9.864800] (orbslam3) StderrLine: {'line': b'   59 |       typedef Eigen::Map<Matrix<double, Di, Dj>, Matrix<double, Di, Dj>::Flags & AlignedBit ? Aligned : Unaligned > HessianBlockType;\n'}
[9.864892] (orbslam3) StderrLine: {'line': b'      |                                                                          ~~~~~~^~~~~~~~~~~~\n'}
[9.864995] (orbslam3) StderrLine: {'line': b'In file included from /usr/include/eigen3/Eigen/Core:161,\n'}
[9.865086] (orbslam3) StderrLine: {'line': b'                 from /usr/include/eigen3/Eigen/LU:11,\n'}
[9.865206] (orbslam3) StderrLine: {'line': b'                 from /home/romi/fawad/ORB_SLAM3/Thirdparty/Sophus/sophus/so2.hpp:12,\n'}
[9.865303] (orbslam3) StderrLine: {'line': b'                 from /home/romi/fawad/ORB_SLAM3/Thirdparty/Sophus/sophus/se2.hpp:7,\n'}
[9.865555] (orbslam3) StderrLine: {'line': b'                 from /home/romi/fawad/ORB_SLAM3/Thirdparty/Sophus/sophus/geometry.hpp:7,\n'}
[9.865664] (orbslam3) StderrLine: {'line': b'                 from /home/romi/fawad/ORB_SLAM3/include/Frame.h:28,\n'}
[9.865762] (orbslam3) StderrLine: {'line': b'                 from /home/romi/fawad/ORB_SLAM3/include/KeyFrame.h:28,\n'}
[9.865866] (orbslam3) StderrLine: {'line': b'                 from /home/romi/fawad/ORB_SLAM3/include/MapPoint.h:23,\n'}
[9.865956] (orbslam3) StderrLine: {'line': b'                 from /home/romi/fawad/ORB_SLAM3/include/FrameDrawer.h:24,\n'}
[9.866044] (orbslam3) StderrLine: {'line': b'                 from /home/romi/fawad/ORB_SLAM3/include/Viewer.h:23,\n'}
[9.866150] (orbslam3) StderrLine: {'line': b'                 from /home/romi/fawad/ORB_SLAM3/include/Tracking.h:26,\n'}
[9.866242] (orbslam3) StderrLine: {'line': b'                 from /home/romi/fawad/ORB_SLAM3/include/System.h:31,\n'}
[9.866330] (orbslam3) StderrLine: {'line': b'                 from /home/romi/fawad/ros2_ws/src/ORB_SLAM3_ROS2/src/monocular/monocular-slam-node.hpp:9,\n'}
[9.866580] (orbslam3) StderrLine: {'line': b'                 from /home/romi/fawad/ros2_ws/src/ORB_SLAM3_ROS2/src/monocular/monocular-slam-node.cpp:1:\n'}
[9.866694] (orbslam3) StderrLine: {'line': b'/usr/include/eigen3/Eigen/src/Core/util/Constants.h:167:37: note: declared here\n'}
[9.866787] (orbslam3) StderrLine: {'line': b'  167 | EIGEN_DEPRECATED const unsigned int AlignedBit = 0x80;\n'}
[9.866882] (orbslam3) StderrLine: {'line': b'      |                                     ^~~~~~~~~~\n'}
[9.889918] (orbslam3) StderrLine: {'line': b'In file included from /home/romi/fawad/ORB_SLAM3/Thirdparty/g2o/g2o/types/types_six_dof_expmap.h:38,\n'}
[9.890157] (orbslam3) StderrLine: {'line': b'                 from /home/romi/fawad/ORB_SLAM3/include/Converter.h:26,\n'}
[9.890264] (orbslam3) StderrLine: {'line': b'                 from /home/romi/fawad/ORB_SLAM3/include/Frame.h:33,\n'}
[9.890337] (orbslam3) StderrLine: {'line': b'                 from /home/romi/fawad/ORB_SLAM3/include/KeyFrame.h:28,\n'}
[9.890407] (orbslam3) StderrLine: {'line': b'                 from /home/romi/fawad/ORB_SLAM3/include/MapPoint.h:23,\n'}
[9.890489] (orbslam3) StderrLine: {'line': b'                 from /home/romi/fawad/ORB_SLAM3/include/FrameDrawer.h:24,\n'}
[9.890567] (orbslam3) StderrLine: {'line': b'                 from /home/romi/fawad/ORB_SLAM3/include/Viewer.h:23,\n'}
[9.890657] (orbslam3) StderrLine: {'line': b'                 from /home/romi/fawad/ORB_SLAM3/include/Tracking.h:26,\n'}
[9.890738] (orbslam3) StderrLine: {'line': b'                 from /home/romi/fawad/ORB_SLAM3/include/System.h:31,\n'}
[9.890822] (orbslam3) StderrLine: {'line': b'                 from /home/romi/fawad/ros2_ws/src/ORB_SLAM3_ROS2/src/monocular/monocular-slam-node.hpp:9,\n'}
[9.890924] (orbslam3) StderrLine: {'line': b'                 from /home/romi/fawad/ros2_ws/src/ORB_SLAM3_ROS2/src/monocular/monocular-slam-node.cpp:1:\n'}
[9.891006] (orbslam3) StderrLine: {'line': b'/home/romi/fawad/ORB_SLAM3/Thirdparty/g2o/g2o/types/../core/base_binary_edge.h:60:80: warning: \xe2\x80\x98Eigen::AlignedBit\xe2\x80\x99 is deprecated [-Wdeprecated-declarations]\n'}
[9.891078] (orbslam3) StderrLine: {'line': b'   60 |       typedef Eigen::Map<Matrix<double, Dj, Di>, Matrix<double, Dj, Di>::Flags & AlignedBit ? Aligned : Unaligned > HessianBlockTransposedType;\n'}
[9.891162] (orbslam3) StderrLine: {'line': b'      |                                                                          ~~~~~~^~~~~~~~~~~~\n'}
[9.891475] (orbslam3) StderrLine: {'line': b'In file included from /usr/include/eigen3/Eigen/Core:161,\n'}
[9.891567] (orbslam3) StderrLine: {'line': b'                 from /usr/include/eigen3/Eigen/LU:11,\n'}
[9.891649] (orbslam3) StderrLine: {'line': b'                 from /home/romi/fawad/ORB_SLAM3/Thirdparty/Sophus/sophus/so2.hpp:12,\n'}
[9.891725] (orbslam3) StderrLine: {'line': b'                 from /home/romi/fawad/ORB_SLAM3/Thirdparty/Sophus/sophus/se2.hpp:7,\n'}
[9.891800] (orbslam3) StderrLine: {'line': b'                 from /home/romi/fawad/ORB_SLAM3/Thirdparty/Sophus/sophus/geometry.hpp:7,\n'}
[9.891883] (orbslam3) StderrLine: {'line': b'                 from /home/romi/fawad/ORB_SLAM3/include/Frame.h:28,\n'}
[9.891970] (orbslam3) StderrLine: {'line': b'                 from /home/romi/fawad/ORB_SLAM3/include/KeyFrame.h:28,\n'}
[9.892086] (orbslam3) StderrLine: {'line': b'                 from /home/romi/fawad/ORB_SLAM3/include/MapPoint.h:23,\n'}
[9.892194] (orbslam3) StderrLine: {'line': b'                 from /home/romi/fawad/ORB_SLAM3/include/FrameDrawer.h:24,\n'}
[9.892285] (orbslam3) StderrLine: {'line': b'                 from /home/romi/fawad/ORB_SLAM3/include/Viewer.h:23,\n'}
[9.892358] (orbslam3) StderrLine: {'line': b'                 from /home/romi/fawad/ORB_SLAM3/include/Tracking.h:26,\n'}
[9.892435] (orbslam3) StderrLine: {'line': b'                 from /home/romi/fawad/ORB_SLAM3/include/System.h:31,\n'}
[9.892512] (orbslam3) StderrLine: {'line': b'                 from /home/romi/fawad/ros2_ws/src/ORB_SLAM3_ROS2/src/monocular/monocular-slam-node.hpp:9,\n'}
[9.892593] (orbslam3) StderrLine: {'line': b'                 from /home/romi/fawad/ros2_ws/src/ORB_SLAM3_ROS2/src/monocular/monocular-slam-node.cpp:1:\n'}
[9.892682] (orbslam3) StderrLine: {'line': b'/usr/include/eigen3/Eigen/src/Core/util/Constants.h:167:37: note: declared here\n'}
[9.892778] (orbslam3) StderrLine: {'line': b'  167 | EIGEN_DEPRECATED const unsigned int AlignedBit = 0x80;\n'}
[9.892876] (orbslam3) StderrLine: {'line': b'      |                                     ^~~~~~~~~~\n'}
[9.901226] (orbslam3) StderrLine: {'line': b'In file included from /home/romi/fawad/ORB_SLAM3/Thirdparty/g2o/g2o/types/types_six_dof_expmap.h:38,\n'}
[9.901444] (orbslam3) StderrLine: {'line': b'                 from /home/romi/fawad/ORB_SLAM3/include/Converter.h:26,\n'}
[9.901572] (orbslam3) StderrLine: {'line': b'                 from /home/romi/fawad/ORB_SLAM3/include/Frame.h:33,\n'}
[9.901666] (orbslam3) StderrLine: {'line': b'                 from /home/romi/fawad/ORB_SLAM3/include/KeyFrame.h:28,\n'}
[9.901753] (orbslam3) StderrLine: {'line': b'                 from /home/romi/fawad/ORB_SLAM3/include/MapPoint.h:23,\n'}
[9.901840] (orbslam3) StderrLine: {'line': b'                 from /home/romi/fawad/ORB_SLAM3/include/FrameDrawer.h:24,\n'}
[9.901918] (orbslam3) StderrLine: {'line': b'                 from /home/romi/fawad/ORB_SLAM3/include/Viewer.h:23,\n'}
[9.902006] (orbslam3) StderrLine: {'line': b'                 from /home/romi/fawad/ORB_SLAM3/include/Tracking.h:26,\n'}
[9.902083] (orbslam3) StderrLine: {'line': b'                 from /home/romi/fawad/ORB_SLAM3/include/System.h:31,\n'}
[9.902181] (orbslam3) StderrLine: {'line': b'                 from /home/romi/fawad/ros2_ws/src/ORB_SLAM3_ROS2/src/stereo/stereo-slam-node.hpp:13,\n'}
[9.902277] (orbslam3) StderrLine: {'line': b'                 from /home/romi/fawad/ros2_ws/src/ORB_SLAM3_ROS2/src/stereo/stereo.cpp:7:\n'}
[9.902372] (orbslam3) StderrLine: {'line': b'/home/romi/fawad/ORB_SLAM3/Thirdparty/g2o/g2o/types/../core/base_binary_edge.h: In instantiation of \xe2\x80\x98class g2o::BaseBinaryEdge<3, Eigen::Matrix<double, 3, 1>, g2o::VertexSBAPointXYZ, g2o::VertexSE3Expmap>\xe2\x80\x99:\n'}
[9.902469] (orbslam3) StderrLine: {'line': b'/home/romi/fawad/ORB_SLAM3/Thirdparty/g2o/g2o/types/types_six_dof_expmap.h:146:41:   required from here\n'}
[9.902585] (orbslam3) StderrLine: {'line': b'/home/romi/fawad/ORB_SLAM3/Thirdparty/g2o/g2o/types/../core/base_binary_edge.h:59:80: warning: \xe2\x80\x98Eigen::AlignedBit\xe2\x80\x99 is deprecated [-Wdeprecated-declarations]\n'}
[9.902834] (orbslam3) StderrLine: {'line': b'   59 |       typedef Eigen::Map<Matrix<double, Di, Dj>, Matrix<double, Di, Dj>::Flags & AlignedBit ? Aligned : Unaligned > HessianBlockType;\n'}
[9.902923] (orbslam3) StderrLine: {'line': b'      |                                                                          ~~~~~~^~~~~~~~~~~~\n'}
[9.903011] (orbslam3) StderrLine: {'line': b'In file included from /usr/include/eigen3/Eigen/Core:161,\n'}
[9.903105] (orbslam3) StderrLine: {'line': b'                 from /usr/include/eigen3/Eigen/LU:11,\n'}
[9.903205] (orbslam3) StderrLine: {'line': b'                 from /home/romi/fawad/ORB_SLAM3/Thirdparty/Sophus/sophus/so2.hpp:12,\n'}
[9.903296] (orbslam3) StderrLine: {'line': b'                 from /home/romi/fawad/ORB_SLAM3/Thirdparty/Sophus/sophus/se2.hpp:7,\n'}
[9.903392] (orbslam3) StderrLine: {'line': b'                 from /home/romi/fawad/ORB_SLAM3/Thirdparty/Sophus/sophus/geometry.hpp:7,\n'}
[9.903481] (orbslam3) StderrLine: {'line': b'                 from /home/romi/fawad/ORB_SLAM3/include/Frame.h:28,\n'}
[9.903569] (orbslam3) StderrLine: {'line': b'                 from /home/romi/fawad/ORB_SLAM3/include/KeyFrame.h:28,\n'}
[9.903656] (orbslam3) StderrLine: {'line': b'                 from /home/romi/fawad/ORB_SLAM3/include/MapPoint.h:23,\n'}
[9.903736] (orbslam3) StderrLine: {'line': b'                 from /home/romi/fawad/ORB_SLAM3/include/FrameDrawer.h:24,\n'}
[9.903820] (orbslam3) StderrLine: {'line': b'                 from /home/romi/fawad/ORB_SLAM3/include/Viewer.h:23,\n'}
[9.903915] (orbslam3) StderrLine: {'line': b'                 from /home/romi/fawad/ORB_SLAM3/include/Tracking.h:26,\n'}
[9.904004] (orbslam3) StderrLine: {'line': b'                 from /home/romi/fawad/ORB_SLAM3/include/System.h:31,\n'}
[9.904092] (orbslam3) StderrLine: {'line': b'                 from /home/romi/fawad/ros2_ws/src/ORB_SLAM3_ROS2/src/stereo/stereo-slam-node.hpp:13,\n'}
[9.904195] (orbslam3) StderrLine: {'line': b'                 from /home/romi/fawad/ros2_ws/src/ORB_SLAM3_ROS2/src/stereo/stereo.cpp:7:\n'}
[9.904284] (orbslam3) StderrLine: {'line': b'/usr/include/eigen3/Eigen/src/Core/util/Constants.h:167:37: note: declared here\n'}
[9.904372] (orbslam3) StderrLine: {'line': b'  167 | EIGEN_DEPRECATED const unsigned int AlignedBit = 0x80;\n'}
[9.904459] (orbslam3) StderrLine: {'line': b'      |                                     ^~~~~~~~~~\n'}
[9.904544] (orbslam3) StderrLine: {'line': b'In file included from /home/romi/fawad/ORB_SLAM3/Thirdparty/g2o/g2o/types/types_six_dof_expmap.h:38,\n'}
[9.904633] (orbslam3) StderrLine: {'line': b'                 from /home/romi/fawad/ORB_SLAM3/include/Converter.h:26,\n'}
[9.904718] (orbslam3) StderrLine: {'line': b'                 from /home/romi/fawad/ORB_SLAM3/include/Frame.h:33,\n'}
[9.904804] (orbslam3) StderrLine: {'line': b'                 from /home/romi/fawad/ORB_SLAM3/include/KeyFrame.h:28,\n'}
[9.904876] (orbslam3) StderrLine: {'line': b'                 from /home/romi/fawad/ORB_SLAM3/include/MapPoint.h:23,\n'}
[9.904958] (orbslam3) StderrLine: {'line': b'                 from /home/romi/fawad/ORB_SLAM3/include/FrameDrawer.h:24,\n'}
[9.905043] (orbslam3) StderrLine: {'line': b'                 from /home/romi/fawad/ORB_SLAM3/include/Viewer.h:23,\n'}
[9.905139] (orbslam3) StderrLine: {'line': b'                 from /home/romi/fawad/ORB_SLAM3/include/Tracking.h:26,\n'}
[9.905221] (orbslam3) StderrLine: {'line': b'                 from /home/romi/fawad/ORB_SLAM3/include/System.h:31,\n'}
[9.905307] (orbslam3) StderrLine: {'line': b'                 from /home/romi/fawad/ros2_ws/src/ORB_SLAM3_ROS2/src/stereo/stereo-slam-node.hpp:13,\n'}
[9.905394] (orbslam3) StderrLine: {'line': b'                 from /home/romi/fawad/ros2_ws/src/ORB_SLAM3_ROS2/src/stereo/stereo.cpp:7:\n'}
[9.905479] (orbslam3) StderrLine: {'line': b'/home/romi/fawad/ORB_SLAM3/Thirdparty/g2o/g2o/types/../core/base_binary_edge.h:60:80: warning: \xe2\x80\x98Eigen::AlignedBit\xe2\x80\x99 is deprecated [-Wdeprecated-declarations]\n'}
[9.905567] (orbslam3) StderrLine: {'line': b'   60 |       typedef Eigen::Map<Matrix<double, Dj, Di>, Matrix<double, Dj, Di>::Flags & AlignedBit ? Aligned : Unaligned > HessianBlockTransposedType;\n'}
[9.905657] (orbslam3) StderrLine: {'line': b'      |                                                                          ~~~~~~^~~~~~~~~~~~\n'}
[9.905745] (orbslam3) StderrLine: {'line': b'In file included from /usr/include/eigen3/Eigen/Core:161,\n'}
[9.905830] (orbslam3) StderrLine: {'line': b'                 from /usr/include/eigen3/Eigen/LU:11,\n'}
[9.905915] (orbslam3) StderrLine: {'line': b'                 from /home/romi/fawad/ORB_SLAM3/Thirdparty/Sophus/sophus/so2.hpp:12,\n'}
[9.906000] (orbslam3) StderrLine: {'line': b'                 from /home/romi/fawad/ORB_SLAM3/Thirdparty/Sophus/sophus/se2.hpp:7,\n'}
[9.906082] (orbslam3) StderrLine: {'line': b'                 from /home/romi/fawad/ORB_SLAM3/Thirdparty/Sophus/sophus/geometry.hpp:7,\n'}
[9.906175] (orbslam3) StderrLine: {'line': b'                 from /home/romi/fawad/ORB_SLAM3/include/Frame.h:28,\n'}
[9.906261] (orbslam3) StderrLine: {'line': b'                 from /home/romi/fawad/ORB_SLAM3/include/KeyFrame.h:28,\n'}
[9.906343] (orbslam3) StderrLine: {'line': b'                 from /home/romi/fawad/ORB_SLAM3/include/MapPoint.h:23,\n'}
[9.906428] (orbslam3) StderrLine: {'line': b'                 from /home/romi/fawad/ORB_SLAM3/include/FrameDrawer.h:24,\n'}
[9.906513] (orbslam3) StderrLine: {'line': b'                 from /home/romi/fawad/ORB_SLAM3/include/Viewer.h:23,\n'}
[9.906599] (orbslam3) StderrLine: {'line': b'                 from /home/romi/fawad/ORB_SLAM3/include/Tracking.h:26,\n'}
[9.906685] (orbslam3) StderrLine: {'line': b'                 from /home/romi/fawad/ORB_SLAM3/include/System.h:31,\n'}
[9.906770] (orbslam3) StderrLine: {'line': b'                 from /home/romi/fawad/ros2_ws/src/ORB_SLAM3_ROS2/src/stereo/stereo-slam-node.hpp:13,\n'}
[9.906857] (orbslam3) StderrLine: {'line': b'                 from /home/romi/fawad/ros2_ws/src/ORB_SLAM3_ROS2/src/stereo/stereo.cpp:7:\n'}
[9.906941] (orbslam3) StderrLine: {'line': b'/usr/include/eigen3/Eigen/src/Core/util/Constants.h:167:37: note: declared here\n'}
[9.907029] (orbslam3) StderrLine: {'line': b'  167 | EIGEN_DEPRECATED const unsigned int AlignedBit = 0x80;\n'}
[9.907122] (orbslam3) StderrLine: {'line': b'      |                                     ^~~~~~~~~~\n'}
[9.941174] (-) TimerEvent: {}
[9.969272] (orbslam3) StderrLine: {'line': b'In file included from /home/romi/fawad/ORB_SLAM3/Thirdparty/g2o/g2o/types/types_six_dof_expmap.h:38,\n'}
[9.969811] (orbslam3) StderrLine: {'line': b'                 from /home/romi/fawad/ORB_SLAM3/include/Converter.h:26,\n'}
[9.969939] (orbslam3) StderrLine: {'line': b'                 from /home/romi/fawad/ORB_SLAM3/include/Frame.h:33,\n'}
[9.970032] (orbslam3) StderrLine: {'line': b'                 from /home/romi/fawad/ORB_SLAM3/include/KeyFrame.h:28,\n'}
[9.970141] (orbslam3) StderrLine: {'line': b'                 from /home/romi/fawad/ORB_SLAM3/include/MapPoint.h:23,\n'}
[9.970235] (orbslam3) StderrLine: {'line': b'                 from /home/romi/fawad/ORB_SLAM3/include/FrameDrawer.h:24,\n'}
[9.970321] (orbslam3) StderrLine: {'line': b'                 from /home/romi/fawad/ORB_SLAM3/include/Viewer.h:23,\n'}
[9.970413] (orbslam3) StderrLine: {'line': b'                 from /home/romi/fawad/ORB_SLAM3/include/Tracking.h:26,\n'}
[9.970500] (orbslam3) StderrLine: {'line': b'                 from /home/romi/fawad/ORB_SLAM3/include/System.h:31,\n'}
[9.970590] (orbslam3) StderrLine: {'line': b'                 from /home/romi/fawad/ros2_ws/src/ORB_SLAM3_ROS2/src/monocular/monocular-slam-node.hpp:9,\n'}
[9.970676] (orbslam3) StderrLine: {'line': b'                 from /home/romi/fawad/ros2_ws/src/ORB_SLAM3_ROS2/src/monocular/monocular-slam-node.cpp:1:\n'}
[9.970763] (orbslam3) StderrLine: {'line': b'/home/romi/fawad/ORB_SLAM3/Thirdparty/g2o/g2o/types/../core/base_binary_edge.h: In instantiation of \xe2\x80\x98class g2o::BaseBinaryEdge<3, Eigen::Matrix<double, 3, 1>, g2o::VertexSBAPointXYZ, g2o::VertexSE3Expmap>\xe2\x80\x99:\n'}
[9.970873] (orbslam3) StderrLine: {'line': b'/home/romi/fawad/ORB_SLAM3/Thirdparty/g2o/g2o/types/types_six_dof_expmap.h:146:41:   required from here\n'}
[9.970961] (orbslam3) StderrLine: {'line': b'/home/romi/fawad/ORB_SLAM3/Thirdparty/g2o/g2o/types/../core/base_binary_edge.h:59:80: warning: \xe2\x80\x98Eigen::AlignedBit\xe2\x80\x99 is deprecated [-Wdeprecated-declarations]\n'}
[9.971049] (orbslam3) StderrLine: {'line': b'   59 |       typedef Eigen::Map<Matrix<double, Di, Dj>, Matrix<double, Di, Dj>::Flags & AlignedBit ? Aligned : Unaligned > HessianBlockType;\n'}
[9.971155] (orbslam3) StderrLine: {'line': b'      |                                                                          ~~~~~~^~~~~~~~~~~~\n'}
[9.971256] (orbslam3) StderrLine: {'line': b'In file included from /usr/include/eigen3/Eigen/Core:161,\n'}
[9.971342] (orbslam3) StderrLine: {'line': b'                 from /usr/include/eigen3/Eigen/LU:11,\n'}
[9.971427] (orbslam3) StderrLine: {'line': b'                 from /home/romi/fawad/ORB_SLAM3/Thirdparty/Sophus/sophus/so2.hpp:12,\n'}
[9.971514] (orbslam3) StderrLine: {'line': b'                 from /home/romi/fawad/ORB_SLAM3/Thirdparty/Sophus/sophus/se2.hpp:7,\n'}
[9.971603] (orbslam3) StderrLine: {'line': b'                 from /home/romi/fawad/ORB_SLAM3/Thirdparty/Sophus/sophus/geometry.hpp:7,\n'}
[9.971690] (orbslam3) StderrLine: {'line': b'                 from /home/romi/fawad/ORB_SLAM3/include/Frame.h:28,\n'}
[9.971776] (orbslam3) StderrLine: {'line': b'                 from /home/romi/fawad/ORB_SLAM3/include/KeyFrame.h:28,\n'}
[9.971865] (orbslam3) StderrLine: {'line': b'                 from /home/romi/fawad/ORB_SLAM3/include/MapPoint.h:23,\n'}
[9.971954] (orbslam3) StderrLine: {'line': b'                 from /home/romi/fawad/ORB_SLAM3/include/FrameDrawer.h:24,\n'}
[9.972042] (orbslam3) StderrLine: {'line': b'                 from /home/romi/fawad/ORB_SLAM3/include/Viewer.h:23,\n'}
[9.972142] (orbslam3) StderrLine: {'line': b'                 from /home/romi/fawad/ORB_SLAM3/include/Tracking.h:26,\n'}
[9.972235] (orbslam3) StderrLine: {'line': b'                 from /home/romi/fawad/ORB_SLAM3/include/System.h:31,\n'}
[9.972324] (orbslam3) StderrLine: {'line': b'                 from /home/romi/fawad/ros2_ws/src/ORB_SLAM3_ROS2/src/monocular/monocular-slam-node.hpp:9,\n'}
[9.972414] (orbslam3) StderrLine: {'line': b'                 from /home/romi/fawad/ros2_ws/src/ORB_SLAM3_ROS2/src/monocular/monocular-slam-node.cpp:1:\n'}
[9.972501] (orbslam3) StderrLine: {'line': b'/usr/include/eigen3/Eigen/src/Core/util/Constants.h:167:37: note: declared here\n'}
[9.972588] (orbslam3) StderrLine: {'line': b'  167 | EIGEN_DEPRECATED const unsigned int AlignedBit = 0x80;\n'}
[9.972675] (orbslam3) StderrLine: {'line': b'      |                                     ^~~~~~~~~~\n'}
[9.972762] (orbslam3) StderrLine: {'line': b'In file included from /home/romi/fawad/ORB_SLAM3/Thirdparty/g2o/g2o/types/types_six_dof_expmap.h:38,\n'}
[9.972852] (orbslam3) StderrLine: {'line': b'                 from /home/romi/fawad/ORB_SLAM3/include/Converter.h:26,\n'}
[9.972938] (orbslam3) StderrLine: {'line': b'                 from /home/romi/fawad/ORB_SLAM3/include/Frame.h:33,\n'}
[9.973017] (orbslam3) StderrLine: {'line': b'                 from /home/romi/fawad/ORB_SLAM3/include/KeyFrame.h:28,\n'}
[9.973088] (orbslam3) StderrLine: {'line': b'                 from /home/romi/fawad/ORB_SLAM3/include/MapPoint.h:23,\n'}
[9.973328] (orbslam3) StderrLine: {'line': b'                 from /home/romi/fawad/ORB_SLAM3/include/FrameDrawer.h:24,\n'}
[9.973419] (orbslam3) StderrLine: {'line': b'                 from /home/romi/fawad/ORB_SLAM3/include/Viewer.h:23,\n'}
[9.973501] (orbslam3) StderrLine: {'line': b'                 from /home/romi/fawad/ORB_SLAM3/include/Tracking.h:26,\n'}
[9.973567] (orbslam3) StderrLine: {'line': b'                 from /home/romi/fawad/ORB_SLAM3/include/System.h:31,\n'}
[9.973635] (orbslam3) StderrLine: {'line': b'                 from /home/romi/fawad/ros2_ws/src/ORB_SLAM3_ROS2/src/monocular/monocular-slam-node.hpp:9,\n'}
[9.973705] (orbslam3) StderrLine: {'line': b'                 from /home/romi/fawad/ros2_ws/src/ORB_SLAM3_ROS2/src/monocular/monocular-slam-node.cpp:1:\n'}
[9.973773] (orbslam3) StderrLine: {'line': b'/home/romi/fawad/ORB_SLAM3/Thirdparty/g2o/g2o/types/../core/base_binary_edge.h:60:80: warning: \xe2\x80\x98Eigen::AlignedBit\xe2\x80\x99 is deprecated [-Wdeprecated-declarations]\n'}
[9.973849] (orbslam3) StderrLine: {'line': b'   60 |       typedef Eigen::Map<Matrix<double, Dj, Di>, Matrix<double, Dj, Di>::Flags & AlignedBit ? Aligned : Unaligned > HessianBlockTransposedType;\n'}
[9.973940] (orbslam3) StderrLine: {'line': b'      |                                                                          ~~~~~~^~~~~~~~~~~~\n'}
[9.974023] (orbslam3) StderrLine: {'line': b'In file included from /usr/include/eigen3/Eigen/Core:161,\n'}
[9.974111] (orbslam3) StderrLine: {'line': b'                 from /usr/include/eigen3/Eigen/LU:11,\n'}
[9.974207] (orbslam3) StderrLine: {'line': b'                 from /home/romi/fawad/ORB_SLAM3/Thirdparty/Sophus/sophus/so2.hpp:12,\n'}
[9.974295] (orbslam3) StderrLine: {'line': b'                 from /home/romi/fawad/ORB_SLAM3/Thirdparty/Sophus/sophus/se2.hpp:7,\n'}
[9.974372] (orbslam3) StderrLine: {'line': b'                 from /home/romi/fawad/ORB_SLAM3/Thirdparty/Sophus/sophus/geometry.hpp:7,\n'}
[9.974464] (orbslam3) StderrLine: {'line': b'                 from /home/romi/fawad/ORB_SLAM3/include/Frame.h:28,\n'}
[9.974549] (orbslam3) StderrLine: {'line': b'                 from /home/romi/fawad/ORB_SLAM3/include/KeyFrame.h:28,\n'}
[9.974624] (orbslam3) StderrLine: {'line': b'                 from /home/romi/fawad/ORB_SLAM3/include/MapPoint.h:23,\n'}
[9.974691] (orbslam3) StderrLine: {'line': b'                 from /home/romi/fawad/ORB_SLAM3/include/FrameDrawer.h:24,\n'}
[9.974764] (orbslam3) StderrLine: {'line': b'                 from /home/romi/fawad/ORB_SLAM3/include/Viewer.h:23,\n'}
[9.974837] (orbslam3) StderrLine: {'line': b'                 from /home/romi/fawad/ORB_SLAM3/include/Tracking.h:26,\n'}
[9.974906] (orbslam3) StderrLine: {'line': b'                 from /home/romi/fawad/ORB_SLAM3/include/System.h:31,\n'}
[9.974995] (orbslam3) StderrLine: {'line': b'                 from /home/romi/fawad/ros2_ws/src/ORB_SLAM3_ROS2/src/monocular/monocular-slam-node.hpp:9,\n'}
[9.975072] (orbslam3) StderrLine: {'line': b'                 from /home/romi/fawad/ros2_ws/src/ORB_SLAM3_ROS2/src/monocular/monocular-slam-node.cpp:1:\n'}
[9.975164] (orbslam3) StderrLine: {'line': b'/usr/include/eigen3/Eigen/src/Core/util/Constants.h:167:37: note: declared here\n'}
[9.975248] (orbslam3) StderrLine: {'line': b'  167 | EIGEN_DEPRECATED const unsigned int AlignedBit = 0x80;\n'}
[9.975321] (orbslam3) StderrLine: {'line': b'      |                                     ^~~~~~~~~~\n'}
[9.997708] (orbslam3) StderrLine: {'line': b'In file included from /home/romi/fawad/ORB_SLAM3/Thirdparty/g2o/g2o/types/types_six_dof_expmap.h:37,\n'}
[9.997921] (orbslam3) StderrLine: {'line': b'                 from /home/romi/fawad/ORB_SLAM3/include/Converter.h:26,\n'}
[9.998241] (orbslam3) StderrLine: {'line': b'                 from /home/romi/fawad/ORB_SLAM3/include/Frame.h:33,\n'}
[9.998362] (orbslam3) StderrLine: {'line': b'                 from /home/romi/fawad/ORB_SLAM3/include/KeyFrame.h:28,\n'}
[9.998458] (orbslam3) StderrLine: {'line': b'                 from /home/romi/fawad/ORB_SLAM3/include/MapPoint.h:23,\n'}
[9.998547] (orbslam3) StderrLine: {'line': b'                 from /home/romi/fawad/ORB_SLAM3/include/FrameDrawer.h:24,\n'}
[9.998636] (orbslam3) StderrLine: {'line': b'                 from /home/romi/fawad/ORB_SLAM3/include/Viewer.h:23,\n'}
[9.998712] (orbslam3) StderrLine: {'line': b'                 from /home/romi/fawad/ORB_SLAM3/include/Tracking.h:26,\n'}
[9.998787] (orbslam3) StderrLine: {'line': b'                 from /home/romi/fawad/ORB_SLAM3/include/System.h:31,\n'}
[9.999055] (orbslam3) StderrLine: {'line': b'                 from /home/romi/fawad/ros2_ws/src/ORB_SLAM3_ROS2/src/rgbd/rgbd-slam-node.hpp:18,\n'}
[9.999166] (orbslam3) StderrLine: {'line': b'                 from /home/romi/fawad/ros2_ws/src/ORB_SLAM3_ROS2/src/rgbd/rgbd-slam-node.cpp:1:\n'}
[9.999258] (orbslam3) StderrLine: {'line': b'/home/romi/fawad/ORB_SLAM3/Thirdparty/g2o/g2o/types/../core/base_vertex.h: In instantiation of \xe2\x80\x98class g2o::BaseVertex<3, Eigen::Matrix<double, 3, 1> >\xe2\x80\x99:\n'}
[9.999355] (orbslam3) StderrLine: {'line': b'/home/romi/fawad/ORB_SLAM3/Thirdparty/g2o/g2o/types/types_sba.h:40:35:   required from here\n'}
[9.999440] (orbslam3) StderrLine: {'line': b'/home/romi/fawad/ORB_SLAM3/Thirdparty/g2o/g2o/types/../core/base_vertex.h:62:72: warning: \xe2\x80\x98Eigen::AlignedBit\xe2\x80\x99 is deprecated [-Wdeprecated-declarations]\n'}
[9.999538] (orbslam3) StderrLine: {'line': b'   62 |     typedef Eigen::Map<Matrix<double, D, D>, Matrix<double,D,D>::Flags & AlignedBit ? Aligned : Unaligned >  HessianBlockType;\n'}
[9.999624] (orbslam3) StderrLine: {'line': b'      |                                                                  ~~~~~~^~~~~~~~~~~~\n'}
[9.999711] (orbslam3) StderrLine: {'line': b'In file included from /usr/include/eigen3/Eigen/Core:161,\n'}
[9.999798] (orbslam3) StderrLine: {'line': b'                 from /usr/include/eigen3/Eigen/LU:11,\n'}
[9.999888] (orbslam3) StderrLine: {'line': b'                 from /home/romi/fawad/ORB_SLAM3/Thirdparty/Sophus/sophus/so2.hpp:12,\n'}
[9.999975] (orbslam3) StderrLine: {'line': b'                 from /home/romi/fawad/ORB_SLAM3/Thirdparty/Sophus/sophus/se2.hpp:7,\n'}
[10.000062] (orbslam3) StderrLine: {'line': b'                 from /home/romi/fawad/ORB_SLAM3/Thirdparty/Sophus/sophus/geometry.hpp:7,\n'}
[10.000166] (orbslam3) StderrLine: {'line': b'                 from /home/romi/fawad/ORB_SLAM3/include/Frame.h:28,\n'}
[10.000259] (orbslam3) StderrLine: {'line': b'                 from /home/romi/fawad/ORB_SLAM3/include/KeyFrame.h:28,\n'}
[10.000345] (orbslam3) StderrLine: {'line': b'                 from /home/romi/fawad/ORB_SLAM3/include/MapPoint.h:23,\n'}
[10.000430] (orbslam3) StderrLine: {'line': b'                 from /home/romi/fawad/ORB_SLAM3/include/FrameDrawer.h:24,\n'}
[10.000517] (orbslam3) StderrLine: {'line': b'                 from /home/romi/fawad/ORB_SLAM3/include/Viewer.h:23,\n'}
[10.000602] (orbslam3) StderrLine: {'line': b'                 from /home/romi/fawad/ORB_SLAM3/include/Tracking.h:26,\n'}
[10.000687] (orbslam3) StderrLine: {'line': b'                 from /home/romi/fawad/ORB_SLAM3/include/System.h:31,\n'}
[10.000773] (orbslam3) StderrLine: {'line': b'                 from /home/romi/fawad/ros2_ws/src/ORB_SLAM3_ROS2/src/rgbd/rgbd-slam-node.hpp:18,\n'}
[10.000860] (orbslam3) StderrLine: {'line': b'                 from /home/romi/fawad/ros2_ws/src/ORB_SLAM3_ROS2/src/rgbd/rgbd-slam-node.cpp:1:\n'}
[10.000946] (orbslam3) StderrLine: {'line': b'/usr/include/eigen3/Eigen/src/Core/util/Constants.h:167:37: note: declared here\n'}
[10.001033] (orbslam3) StderrLine: {'line': b'  167 | EIGEN_DEPRECATED const unsigned int AlignedBit = 0x80;\n'}
[10.001147] (orbslam3) StderrLine: {'line': b'      |                                     ^~~~~~~~~~\n'}
[10.041290] (-) TimerEvent: {}
[10.044634] (orbslam3) StderrLine: {'line': b'In file included from /home/romi/fawad/ORB_SLAM3/Thirdparty/g2o/g2o/types/types_six_dof_expmap.h:37,\n'}
[10.044835] (orbslam3) StderrLine: {'line': b'                 from /home/romi/fawad/ORB_SLAM3/include/Converter.h:26,\n'}
[10.044939] (orbslam3) StderrLine: {'line': b'                 from /home/romi/fawad/ORB_SLAM3/include/Frame.h:33,\n'}
[10.045034] (orbslam3) StderrLine: {'line': b'                 from /home/romi/fawad/ORB_SLAM3/include/KeyFrame.h:28,\n'}
[10.045129] (orbslam3) StderrLine: {'line': b'                 from /home/romi/fawad/ORB_SLAM3/include/MapPoint.h:23,\n'}
[10.045222] (orbslam3) StderrLine: {'line': b'                 from /home/romi/fawad/ORB_SLAM3/include/FrameDrawer.h:24,\n'}
[10.045294] (orbslam3) StderrLine: {'line': b'                 from /home/romi/fawad/ORB_SLAM3/include/Viewer.h:23,\n'}
[10.045365] (orbslam3) StderrLine: {'line': b'                 from /home/romi/fawad/ORB_SLAM3/include/Tracking.h:26,\n'}
[10.045447] (orbslam3) StderrLine: {'line': b'                 from /home/romi/fawad/ORB_SLAM3/include/System.h:31,\n'}
[10.045532] (orbslam3) StderrLine: {'line': b'                 from /home/romi/fawad/ros2_ws/src/ORB_SLAM3_ROS2/src/rgbd/rgbd-slam-node.hpp:18,\n'}
[10.045619] (orbslam3) StderrLine: {'line': b'                 from /home/romi/fawad/ros2_ws/src/ORB_SLAM3_ROS2/src/rgbd/rgbd-slam-node.cpp:1:\n'}
[10.045697] (orbslam3) StderrLine: {'line': b'/home/romi/fawad/ORB_SLAM3/Thirdparty/g2o/g2o/types/../core/base_vertex.h: In instantiation of \xe2\x80\x98class g2o::BaseVertex<6, g2o::SE3Quat>\xe2\x80\x99:\n'}
[10.045793] (orbslam3) StderrLine: {'line': b'/home/romi/fawad/ORB_SLAM3/Thirdparty/g2o/g2o/types/types_six_dof_expmap.h:59:33:   required from here\n'}
[10.045876] (orbslam3) StderrLine: {'line': b'/home/romi/fawad/ORB_SLAM3/Thirdparty/g2o/g2o/types/../core/base_vertex.h:62:72: warning: \xe2\x80\x98Eigen::AlignedBit\xe2\x80\x99 is deprecated [-Wdeprecated-declarations]\n'}
[10.045958] (orbslam3) StderrLine: {'line': b'   62 |     typedef Eigen::Map<Matrix<double, D, D>, Matrix<double,D,D>::Flags & AlignedBit ? Aligned : Unaligned >  HessianBlockType;\n'}
[10.046045] (orbslam3) StderrLine: {'line': b'      |                                                                  ~~~~~~^~~~~~~~~~~~\n'}
[10.046145] (orbslam3) StderrLine: {'line': b'In file included from /usr/include/eigen3/Eigen/Core:161,\n'}
[10.046229] (orbslam3) StderrLine: {'line': b'                 from /usr/include/eigen3/Eigen/LU:11,\n'}
[10.046303] (orbslam3) StderrLine: {'line': b'                 from /home/romi/fawad/ORB_SLAM3/Thirdparty/Sophus/sophus/so2.hpp:12,\n'}
[10.046383] (orbslam3) StderrLine: {'line': b'                 from /home/romi/fawad/ORB_SLAM3/Thirdparty/Sophus/sophus/se2.hpp:7,\n'}
[10.046468] (orbslam3) StderrLine: {'line': b'                 from /home/romi/fawad/ORB_SLAM3/Thirdparty/Sophus/sophus/geometry.hpp:7,\n'}
[10.046551] (orbslam3) StderrLine: {'line': b'                 from /home/romi/fawad/ORB_SLAM3/include/Frame.h:28,\n'}
[10.046636] (orbslam3) StderrLine: {'line': b'                 from /home/romi/fawad/ORB_SLAM3/include/KeyFrame.h:28,\n'}
[10.046722] (orbslam3) StderrLine: {'line': b'                 from /home/romi/fawad/ORB_SLAM3/include/MapPoint.h:23,\n'}
[10.046806] (orbslam3) StderrLine: {'line': b'                 from /home/romi/fawad/ORB_SLAM3/include/FrameDrawer.h:24,\n'}
[10.046892] (orbslam3) StderrLine: {'line': b'                 from /home/romi/fawad/ORB_SLAM3/include/Viewer.h:23,\n'}
[10.046981] (orbslam3) StderrLine: {'line': b'                 from /home/romi/fawad/ORB_SLAM3/include/Tracking.h:26,\n'}
[10.047065] (orbslam3) StderrLine: {'line': b'                 from /home/romi/fawad/ORB_SLAM3/include/System.h:31,\n'}
[10.047165] (orbslam3) StderrLine: {'line': b'                 from /home/romi/fawad/ros2_ws/src/ORB_SLAM3_ROS2/src/rgbd/rgbd-slam-node.hpp:18,\n'}
[10.047252] (orbslam3) StderrLine: {'line': b'                 from /home/romi/fawad/ros2_ws/src/ORB_SLAM3_ROS2/src/rgbd/rgbd-slam-node.cpp:1:\n'}
[10.047329] (orbslam3) StderrLine: {'line': b'/usr/include/eigen3/Eigen/src/Core/util/Constants.h:167:37: note: declared here\n'}
[10.047401] (orbslam3) StderrLine: {'line': b'  167 | EIGEN_DEPRECATED const unsigned int AlignedBit = 0x80;\n'}
[10.047481] (orbslam3) StderrLine: {'line': b'      |                                     ^~~~~~~~~~\n'}
[10.094347] (orbslam3) StderrLine: {'line': b'In file included from /home/romi/fawad/ORB_SLAM3/Thirdparty/g2o/g2o/types/types_six_dof_expmap.h:38,\n'}
[10.095265] (orbslam3) StderrLine: {'line': b'                 from /home/romi/fawad/ORB_SLAM3/include/Converter.h:26,\n'}
[10.095366] (orbslam3) StderrLine: {'line': b'                 from /home/romi/fawad/ORB_SLAM3/include/Frame.h:33,\n'}
[10.095451] (orbslam3) StderrLine: {'line': b'                 from /home/romi/fawad/ORB_SLAM3/include/KeyFrame.h:28,\n'}
[10.095538] (orbslam3) StderrLine: {'line': b'                 from /home/romi/fawad/ORB_SLAM3/include/MapPoint.h:23,\n'}
[10.095625] (orbslam3) StderrLine: {'line': b'                 from /home/romi/fawad/ORB_SLAM3/include/FrameDrawer.h:24,\n'}
[10.095710] (orbslam3) StderrLine: {'line': b'                 from /home/romi/fawad/ORB_SLAM3/include/Viewer.h:23,\n'}
[10.095795] (orbslam3) StderrLine: {'line': b'                 from /home/romi/fawad/ORB_SLAM3/include/Tracking.h:26,\n'}
[10.095876] (orbslam3) StderrLine: {'line': b'                 from /home/romi/fawad/ORB_SLAM3/include/System.h:31,\n'}
[10.095961] (orbslam3) StderrLine: {'line': b'                 from /home/romi/fawad/ros2_ws/src/ORB_SLAM3_ROS2/src/rgbd/rgbd-slam-node.hpp:18,\n'}
[10.096064] (orbslam3) StderrLine: {'line': b'                 from /home/romi/fawad/ros2_ws/src/ORB_SLAM3_ROS2/src/rgbd/rgbd-slam-node.cpp:1:\n'}
[10.096164] (orbslam3) StderrLine: {'line': b'/home/romi/fawad/ORB_SLAM3/Thirdparty/g2o/g2o/types/../core/base_binary_edge.h: In instantiation of \xe2\x80\x98class g2o::BaseBinaryEdge<6, g2o::SE3Quat, g2o::VertexSE3Expmap, g2o::VertexSE3Expmap>\xe2\x80\x99:\n'}
[10.096245] (orbslam3) StderrLine: {'line': b'/home/romi/fawad/ORB_SLAM3/Thirdparty/g2o/g2o/types/types_six_dof_expmap.h:83:24:   required from here\n'}
[10.096332] (orbslam3) StderrLine: {'line': b'/home/romi/fawad/ORB_SLAM3/Thirdparty/g2o/g2o/types/../core/base_binary_edge.h:59:80: warning: \xe2\x80\x98Eigen::AlignedBit\xe2\x80\x99 is deprecated [-Wdeprecated-declarations]\n'}
[10.096425] (orbslam3) StderrLine: {'line': b'   59 |       typedef Eigen::Map<Matrix<double, Di, Dj>, Matrix<double, Di, Dj>::Flags & AlignedBit ? Aligned : Unaligned > HessianBlockType;\n'}
[10.096514] (orbslam3) StderrLine: {'line': b'      |                                                                          ~~~~~~^~~~~~~~~~~~\n'}
[10.096604] (orbslam3) StderrLine: {'line': b'In file included from /usr/include/eigen3/Eigen/Core:161,\n'}
[10.096690] (orbslam3) StderrLine: {'line': b'                 from /usr/include/eigen3/Eigen/LU:11,\n'}
[10.096778] (orbslam3) StderrLine: {'line': b'                 from /home/romi/fawad/ORB_SLAM3/Thirdparty/Sophus/sophus/so2.hpp:12,\n'}
[10.096867] (orbslam3) StderrLine: {'line': b'                 from /home/romi/fawad/ORB_SLAM3/Thirdparty/Sophus/sophus/se2.hpp:7,\n'}
[10.096956] (orbslam3) StderrLine: {'line': b'                 from /home/romi/fawad/ORB_SLAM3/Thirdparty/Sophus/sophus/geometry.hpp:7,\n'}
[10.097051] (orbslam3) StderrLine: {'line': b'                 from /home/romi/fawad/ORB_SLAM3/include/Frame.h:28,\n'}
[10.097142] (orbslam3) StderrLine: {'line': b'                 from /home/romi/fawad/ORB_SLAM3/include/KeyFrame.h:28,\n'}
[10.097222] (orbslam3) StderrLine: {'line': b'                 from /home/romi/fawad/ORB_SLAM3/include/MapPoint.h:23,\n'}
[10.097306] (orbslam3) StderrLine: {'line': b'                 from /home/romi/fawad/ORB_SLAM3/include/FrameDrawer.h:24,\n'}
[10.097391] (orbslam3) StderrLine: {'line': b'                 from /home/romi/fawad/ORB_SLAM3/include/Viewer.h:23,\n'}
[10.097497] (orbslam3) StderrLine: {'line': b'                 from /home/romi/fawad/ORB_SLAM3/include/Tracking.h:26,\n'}
[10.097585] (orbslam3) StderrLine: {'line': b'                 from /home/romi/fawad/ORB_SLAM3/include/System.h:31,\n'}
[10.097670] (orbslam3) StderrLine: {'line': b'                 from /home/romi/fawad/ros2_ws/src/ORB_SLAM3_ROS2/src/rgbd/rgbd-slam-node.hpp:18,\n'}
[10.097759] (orbslam3) StderrLine: {'line': b'                 from /home/romi/fawad/ros2_ws/src/ORB_SLAM3_ROS2/src/rgbd/rgbd-slam-node.cpp:1:\n'}
[10.097843] (orbslam3) StderrLine: {'line': b'/usr/include/eigen3/Eigen/src/Core/util/Constants.h:167:37: note: declared here\n'}
[10.097932] (orbslam3) StderrLine: {'line': b'  167 | EIGEN_DEPRECATED const unsigned int AlignedBit = 0x80;\n'}
[10.098020] (orbslam3) StderrLine: {'line': b'      |                                     ^~~~~~~~~~\n'}
[10.099985] (orbslam3) StderrLine: {'line': b'In file included from /home/romi/fawad/ORB_SLAM3/Thirdparty/g2o/g2o/types/types_six_dof_expmap.h:38,\n'}
[10.100217] (orbslam3) StderrLine: {'line': b'                 from /home/romi/fawad/ORB_SLAM3/include/Converter.h:26,\n'}
[10.100311] (orbslam3) StderrLine: {'line': b'                 from /home/romi/fawad/ORB_SLAM3/include/Frame.h:33,\n'}
[10.100394] (orbslam3) StderrLine: {'line': b'                 from /home/romi/fawad/ORB_SLAM3/include/KeyFrame.h:28,\n'}
[10.100476] (orbslam3) StderrLine: {'line': b'                 from /home/romi/fawad/ORB_SLAM3/include/MapPoint.h:23,\n'}
[10.100557] (orbslam3) StderrLine: {'line': b'                 from /home/romi/fawad/ORB_SLAM3/include/FrameDrawer.h:24,\n'}
[10.100649] (orbslam3) StderrLine: {'line': b'                 from /home/romi/fawad/ORB_SLAM3/include/Viewer.h:23,\n'}
[10.100729] (orbslam3) StderrLine: {'line': b'                 from /home/romi/fawad/ORB_SLAM3/include/Tracking.h:26,\n'}
[10.100809] (orbslam3) StderrLine: {'line': b'                 from /home/romi/fawad/ORB_SLAM3/include/System.h:31,\n'}
[10.100882] (orbslam3) StderrLine: {'line': b'                 from /home/romi/fawad/ros2_ws/src/ORB_SLAM3_ROS2/src/rgbd/rgbd-slam-node.hpp:18,\n'}
[10.100963] (orbslam3) StderrLine: {'line': b'                 from /home/romi/fawad/ros2_ws/src/ORB_SLAM3_ROS2/src/rgbd/rgbd-slam-node.cpp:1:\n'}
[10.101045] (orbslam3) StderrLine: {'line': b'/home/romi/fawad/ORB_SLAM3/Thirdparty/g2o/g2o/types/../core/base_binary_edge.h:60:80: warning: \xe2\x80\x98Eigen::AlignedBit\xe2\x80\x99 is deprecated [-Wdeprecated-declarations]\n'}
[10.101132] (orbslam3) StderrLine: {'line': b'   60 |       typedef Eigen::Map<Matrix<double, Dj, Di>, Matrix<double, Dj, Di>::Flags & AlignedBit ? Aligned : Unaligned > HessianBlockTransposedType;\n'}
[10.101212] (orbslam3) StderrLine: {'line': b'      |                                                                          ~~~~~~^~~~~~~~~~~~\n'}
[10.101292] (orbslam3) StderrLine: {'line': b'In file included from /usr/include/eigen3/Eigen/Core:161,\n'}
[10.101376] (orbslam3) StderrLine: {'line': b'                 from /usr/include/eigen3/Eigen/LU:11,\n'}
[10.101462] (orbslam3) StderrLine: {'line': b'                 from /home/romi/fawad/ORB_SLAM3/Thirdparty/Sophus/sophus/so2.hpp:12,\n'}
[10.101548] (orbslam3) StderrLine: {'line': b'                 from /home/romi/fawad/ORB_SLAM3/Thirdparty/Sophus/sophus/se2.hpp:7,\n'}
[10.101632] (orbslam3) StderrLine: {'line': b'                 from /home/romi/fawad/ORB_SLAM3/Thirdparty/Sophus/sophus/geometry.hpp:7,\n'}
[10.101717] (orbslam3) StderrLine: {'line': b'                 from /home/romi/fawad/ORB_SLAM3/include/Frame.h:28,\n'}
[10.101792] (orbslam3) StderrLine: {'line': b'                 from /home/romi/fawad/ORB_SLAM3/include/KeyFrame.h:28,\n'}
[10.101864] (orbslam3) StderrLine: {'line': b'                 from /home/romi/fawad/ORB_SLAM3/include/MapPoint.h:23,\n'}
[10.101940] (orbslam3) StderrLine: {'line': b'                 from /home/romi/fawad/ORB_SLAM3/include/FrameDrawer.h:24,\n'}
[10.102024] (orbslam3) StderrLine: {'line': b'                 from /home/romi/fawad/ORB_SLAM3/include/Viewer.h:23,\n'}
[10.103943] (orbslam3) StderrLine: {'line': b'                 from /home/romi/fawad/ORB_SLAM3/include/Tracking.h:26,\n'}
[10.104112] (orbslam3) StderrLine: {'line': b'                 from /home/romi/fawad/ORB_SLAM3/include/System.h:31,\n'}
[10.104203] (orbslam3) StderrLine: {'line': b'                 from /home/romi/fawad/ros2_ws/src/ORB_SLAM3_ROS2/src/rgbd/rgbd-slam-node.hpp:18,\n'}
[10.104283] (orbslam3) StderrLine: {'line': b'                 from /home/romi/fawad/ros2_ws/src/ORB_SLAM3_ROS2/src/rgbd/rgbd-slam-node.cpp:1:\n'}
[10.104368] (orbslam3) StderrLine: {'line': b'/usr/include/eigen3/Eigen/src/Core/util/Constants.h:167:37: note: declared here\n'}
[10.104453] (orbslam3) StderrLine: {'line': b'  167 | EIGEN_DEPRECATED const unsigned int AlignedBit = 0x80;\n'}
[10.104556] (orbslam3) StderrLine: {'line': b'      |                                     ^~~~~~~~~~\n'}
[10.142991] (-) TimerEvent: {}
[10.180111] (orbslam3) StderrLine: {'line': b'In file included from /home/romi/fawad/ORB_SLAM3/Thirdparty/g2o/g2o/types/types_six_dof_expmap.h:37,\n'}
[10.180484] (orbslam3) StderrLine: {'line': b'                 from /home/romi/fawad/ORB_SLAM3/include/Converter.h:26,\n'}
[10.180613] (orbslam3) StderrLine: {'line': b'                 from /home/romi/fawad/ORB_SLAM3/include/Frame.h:33,\n'}
[10.180699] (orbslam3) StderrLine: {'line': b'                 from /home/romi/fawad/ORB_SLAM3/include/KeyFrame.h:28,\n'}
[10.180775] (orbslam3) StderrLine: {'line': b'                 from /home/romi/fawad/ORB_SLAM3/include/MapPoint.h:23,\n'}
[10.180860] (orbslam3) StderrLine: {'line': b'                 from /home/romi/fawad/ORB_SLAM3/include/FrameDrawer.h:24,\n'}
[10.180953] (orbslam3) StderrLine: {'line': b'                 from /home/romi/fawad/ORB_SLAM3/include/Viewer.h:23,\n'}
[10.181040] (orbslam3) StderrLine: {'line': b'                 from /home/romi/fawad/ORB_SLAM3/include/Tracking.h:26,\n'}
[10.181139] (orbslam3) StderrLine: {'line': b'                 from /home/romi/fawad/ORB_SLAM3/include/System.h:31,\n'}
[10.181237] (orbslam3) StderrLine: {'line': b'                 from /home/romi/fawad/ros2_ws/src/ORB_SLAM3_ROS2/src/stereo/stereo-slam-node.hpp:13,\n'}
[10.181336] (orbslam3) StderrLine: {'line': b'                 from /home/romi/fawad/ros2_ws/src/ORB_SLAM3_ROS2/src/stereo/stereo.cpp:7:\n'}
[10.181425] (orbslam3) StderrLine: {'line': b'/home/romi/fawad/ORB_SLAM3/Thirdparty/g2o/g2o/types/../core/base_vertex.h: In instantiation of \xe2\x80\x98class g2o::BaseVertex<7, g2o::Sim3>\xe2\x80\x99:\n'}
[10.181521] (orbslam3) StderrLine: {'line': b'/home/romi/fawad/ORB_SLAM3/Thirdparty/g2o/g2o/types/types_seven_dof_expmap.h:48:35:   required from here\n'}
[10.181619] (orbslam3) StderrLine: {'line': b'/home/romi/fawad/ORB_SLAM3/Thirdparty/g2o/g2o/types/../core/base_vertex.h:62:72: warning: \xe2\x80\x98Eigen::AlignedBit\xe2\x80\x99 is deprecated [-Wdeprecated-declarations]\n'}
[10.181707] (orbslam3) StderrLine: {'line': b'   62 |     typedef Eigen::Map<Matrix<double, D, D>, Matrix<double,D,D>::Flags & AlignedBit ? Aligned : Unaligned >  HessianBlockType;\n'}
[10.181794] (orbslam3) StderrLine: {'line': b'      |                                                                  ~~~~~~^~~~~~~~~~~~\n'}
[10.181881] (orbslam3) StderrLine: {'line': b'In file included from /usr/include/eigen3/Eigen/Core:161,\n'}
[10.181966] (orbslam3) StderrLine: {'line': b'                 from /usr/include/eigen3/Eigen/LU:11,\n'}
[10.182049] (orbslam3) StderrLine: {'line': b'                 from /home/romi/fawad/ORB_SLAM3/Thirdparty/Sophus/sophus/so2.hpp:12,\n'}
[10.182150] (orbslam3) StderrLine: {'line': b'                 from /home/romi/fawad/ORB_SLAM3/Thirdparty/Sophus/sophus/se2.hpp:7,\n'}
[10.182243] (orbslam3) StderrLine: {'line': b'                 from /home/romi/fawad/ORB_SLAM3/Thirdparty/Sophus/sophus/geometry.hpp:7,\n'}
[10.182331] (orbslam3) StderrLine: {'line': b'                 from /home/romi/fawad/ORB_SLAM3/include/Frame.h:28,\n'}
[10.182417] (orbslam3) StderrLine: {'line': b'                 from /home/romi/fawad/ORB_SLAM3/include/KeyFrame.h:28,\n'}
[10.182502] (orbslam3) StderrLine: {'line': b'                 from /home/romi/fawad/ORB_SLAM3/include/MapPoint.h:23,\n'}
[10.182586] (orbslam3) StderrLine: {'line': b'                 from /home/romi/fawad/ORB_SLAM3/include/FrameDrawer.h:24,\n'}
[10.182664] (orbslam3) StderrLine: {'line': b'                 from /home/romi/fawad/ORB_SLAM3/include/Viewer.h:23,\n'}
[10.182744] (orbslam3) StderrLine: {'line': b'                 from /home/romi/fawad/ORB_SLAM3/include/Tracking.h:26,\n'}
[10.182826] (orbslam3) StderrLine: {'line': b'                 from /home/romi/fawad/ORB_SLAM3/include/System.h:31,\n'}
[10.182909] (orbslam3) StderrLine: {'line': b'                 from /home/romi/fawad/ros2_ws/src/ORB_SLAM3_ROS2/src/stereo/stereo-slam-node.hpp:13,\n'}
[10.182999] (orbslam3) StderrLine: {'line': b'                 from /home/romi/fawad/ros2_ws/src/ORB_SLAM3_ROS2/src/stereo/stereo.cpp:7:\n'}
[10.185292] (orbslam3) StderrLine: {'line': b'/usr/include/eigen3/Eigen/src/Core/util/Constants.h:167:37: note: declared here\n'}
[10.185431] (orbslam3) StderrLine: {'line': b'  167 | EIGEN_DEPRECATED const unsigned int AlignedBit = 0x80;\n'}
[10.185523] (orbslam3) StderrLine: {'line': b'      |                                     ^~~~~~~~~~\n'}
[10.218155] (orbslam3) StderrLine: {'line': b'In file included from /home/romi/fawad/ORB_SLAM3/Thirdparty/g2o/g2o/types/types_six_dof_expmap.h:38,\n'}
[10.218367] (orbslam3) StderrLine: {'line': b'                 from /home/romi/fawad/ORB_SLAM3/include/Converter.h:26,\n'}
[10.218472] (orbslam3) StderrLine: {'line': b'                 from /home/romi/fawad/ORB_SLAM3/include/Frame.h:33,\n'}
[10.218581] (orbslam3) StderrLine: {'line': b'                 from /home/romi/fawad/ORB_SLAM3/include/KeyFrame.h:28,\n'}
[10.218670] (orbslam3) StderrLine: {'line': b'                 from /home/romi/fawad/ORB_SLAM3/include/MapPoint.h:23,\n'}
[10.218759] (orbslam3) StderrLine: {'line': b'                 from /home/romi/fawad/ORB_SLAM3/include/FrameDrawer.h:24,\n'}
[10.218847] (orbslam3) StderrLine: {'line': b'                 from /home/romi/fawad/ORB_SLAM3/include/Viewer.h:23,\n'}
[10.218927] (orbslam3) StderrLine: {'line': b'                 from /home/romi/fawad/ORB_SLAM3/include/Tracking.h:26,\n'}
[10.219015] (orbslam3) StderrLine: {'line': b'                 from /home/romi/fawad/ORB_SLAM3/include/System.h:31,\n'}
[10.219113] (orbslam3) StderrLine: {'line': b'                 from /home/romi/fawad/ros2_ws/src/ORB_SLAM3_ROS2/src/rgbd/rgbd-slam-node.hpp:18,\n'}
[10.219205] (orbslam3) StderrLine: {'line': b'                 from /home/romi/fawad/ros2_ws/src/ORB_SLAM3_ROS2/src/rgbd/rgbd-slam-node.cpp:1:\n'}
[10.219288] (orbslam3) StderrLine: {'line': b'/home/romi/fawad/ORB_SLAM3/Thirdparty/g2o/g2o/types/../core/base_binary_edge.h: In instantiation of \xe2\x80\x98class g2o::BaseBinaryEdge<2, Eigen::Matrix<double, 2, 1>, g2o::VertexSBAPointXYZ, g2o::VertexSE3Expmap>\xe2\x80\x99:\n'}
[10.219386] (orbslam3) StderrLine: {'line': b'/home/romi/fawad/ORB_SLAM3/Thirdparty/g2o/g2o/types/types_six_dof_expmap.h:114:35:   required from here\n'}
[10.219476] (orbslam3) StderrLine: {'line': b'/home/romi/fawad/ORB_SLAM3/Thirdparty/g2o/g2o/types/../core/base_binary_edge.h:59:80: warning: \xe2\x80\x98Eigen::AlignedBit\xe2\x80\x99 is deprecated [-Wdeprecated-declarations]\n'}
[10.219578] (orbslam3) StderrLine: {'line': b'   59 |       typedef Eigen::Map<Matrix<double, Di, Dj>, Matrix<double, Di, Dj>::Flags & AlignedBit ? Aligned : Unaligned > HessianBlockType;\n'}
[10.219670] (orbslam3) StderrLine: {'line': b'      |                                                                          ~~~~~~^~~~~~~~~~~~\n'}
[10.219749] (orbslam3) StderrLine: {'line': b'In file included from /usr/include/eigen3/Eigen/Core:161,\n'}
[10.219829] (orbslam3) StderrLine: {'line': b'                 from /usr/include/eigen3/Eigen/LU:11,\n'}
[10.219917] (orbslam3) StderrLine: {'line': b'                 from /home/romi/fawad/ORB_SLAM3/Thirdparty/Sophus/sophus/so2.hpp:12,\n'}
[10.220006] (orbslam3) StderrLine: {'line': b'                 from /home/romi/fawad/ORB_SLAM3/Thirdparty/Sophus/sophus/se2.hpp:7,\n'}
[10.220091] (orbslam3) StderrLine: {'line': b'                 from /home/romi/fawad/ORB_SLAM3/Thirdparty/Sophus/sophus/geometry.hpp:7,\n'}
[10.220290] (orbslam3) StderrLine: {'line': b'                 from /home/romi/fawad/ORB_SLAM3/include/Frame.h:28,\n'}
[10.220383] (orbslam3) StderrLine: {'line': b'                 from /home/romi/fawad/ORB_SLAM3/include/KeyFrame.h:28,\n'}
[10.220467] (orbslam3) StderrLine: {'line': b'                 from /home/romi/fawad/ORB_SLAM3/include/MapPoint.h:23,\n'}
[10.220551] (orbslam3) StderrLine: {'line': b'                 from /home/romi/fawad/ORB_SLAM3/include/FrameDrawer.h:24,\n'}
[10.220638] (orbslam3) StderrLine: {'line': b'                 from /home/romi/fawad/ORB_SLAM3/include/Viewer.h:23,\n'}
[10.220732] (orbslam3) StderrLine: {'line': b'                 from /home/romi/fawad/ORB_SLAM3/include/Tracking.h:26,\n'}
[10.220815] (orbslam3) StderrLine: {'line': b'                 from /home/romi/fawad/ORB_SLAM3/include/System.h:31,\n'}
[10.220900] (orbslam3) StderrLine: {'line': b'                 from /home/romi/fawad/ros2_ws/src/ORB_SLAM3_ROS2/src/rgbd/rgbd-slam-node.hpp:18,\n'}
[10.220982] (orbslam3) StderrLine: {'line': b'                 from /home/romi/fawad/ros2_ws/src/ORB_SLAM3_ROS2/src/rgbd/rgbd-slam-node.cpp:1:\n'}
[10.221058] (orbslam3) StderrLine: {'line': b'/usr/include/eigen3/Eigen/src/Core/util/Constants.h:167:37: note: declared here\n'}
[10.221162] (orbslam3) StderrLine: {'line': b'  167 | EIGEN_DEPRECATED const unsigned int AlignedBit = 0x80;\n'}
[10.221281] (orbslam3) StderrLine: {'line': b'      |                                     ^~~~~~~~~~\n'}
[10.224533] (orbslam3) StderrLine: {'line': b'In file included from /home/romi/fawad/ORB_SLAM3/Thirdparty/g2o/g2o/types/types_six_dof_expmap.h:38,\n'}
[10.224980] (orbslam3) StderrLine: {'line': b'                 from /home/romi/fawad/ORB_SLAM3/include/Converter.h:26,\n'}
[10.225198] (orbslam3) StderrLine: {'line': b'                 from /home/romi/fawad/ORB_SLAM3/include/Frame.h:33,\n'}
[10.225294] (orbslam3) StderrLine: {'line': b'                 from /home/romi/fawad/ORB_SLAM3/include/KeyFrame.h:28,\n'}
[10.225388] (orbslam3) StderrLine: {'line': b'                 from /home/romi/fawad/ORB_SLAM3/include/MapPoint.h:23,\n'}
[10.225478] (orbslam3) StderrLine: {'line': b'                 from /home/romi/fawad/ORB_SLAM3/include/FrameDrawer.h:24,\n'}
[10.225568] (orbslam3) StderrLine: {'line': b'                 from /home/romi/fawad/ORB_SLAM3/include/Viewer.h:23,\n'}
[10.225657] (orbslam3) StderrLine: {'line': b'                 from /home/romi/fawad/ORB_SLAM3/include/Tracking.h:26,\n'}
[10.225746] (orbslam3) StderrLine: {'line': b'                 from /home/romi/fawad/ORB_SLAM3/include/System.h:31,\n'}
[10.225838] (orbslam3) StderrLine: {'line': b'                 from /home/romi/fawad/ros2_ws/src/ORB_SLAM3_ROS2/src/stereo/stereo-slam-node.hpp:13,\n'}
[10.225928] (orbslam3) StderrLine: {'line': b'                 from /home/romi/fawad/ros2_ws/src/ORB_SLAM3_ROS2/src/stereo/stereo.cpp:7:\n'}
[10.226017] (orbslam3) StderrLine: {'line': b'/home/romi/fawad/ORB_SLAM3/Thirdparty/g2o/g2o/types/../core/base_binary_edge.h: In instantiation of \xe2\x80\x98class g2o::BaseBinaryEdge<7, g2o::Sim3, g2o::VertexSim3Expmap, g2o::VertexSim3Expmap>\xe2\x80\x99:\n'}
[10.226120] (orbslam3) StderrLine: {'line': b'/home/romi/fawad/ORB_SLAM3/Thirdparty/g2o/g2o/types/types_seven_dof_expmap.h:99:27:   required from here\n'}
[10.226220] (orbslam3) StderrLine: {'line': b'/home/romi/fawad/ORB_SLAM3/Thirdparty/g2o/g2o/types/../core/base_binary_edge.h:59:80: warning: \xe2\x80\x98Eigen::AlignedBit\xe2\x80\x99 is deprecated [-Wdeprecated-declarations]\n'}
[10.226312] (orbslam3) StderrLine: {'line': b'   59 |       typedef Eigen::Map<Matrix<double, Di, Dj>, Matrix<double, Di, Dj>::Flags & AlignedBit ? Aligned : Unaligned > HessianBlockType;\n'}
[10.226402] (orbslam3) StderrLine: {'line': b'      |                                                                          ~~~~~~^~~~~~~~~~~~\n'}
[10.226489] (orbslam3) StderrLine: {'line': b'In file included from /usr/include/eigen3/Eigen/Core:161,\n'}
[10.226573] (orbslam3) StderrLine: {'line': b'                 from /usr/include/eigen3/Eigen/LU:11,\n'}
[10.226649] (orbslam3) StderrLine: {'line': b'                 from /home/romi/fawad/ORB_SLAM3/Thirdparty/Sophus/sophus/so2.hpp:12,\n'}
[10.226724] (orbslam3) StderrLine: {'line': b'                 from /home/romi/fawad/ORB_SLAM3/Thirdparty/Sophus/sophus/se2.hpp:7,\n'}
[10.226826] (orbslam3) StderrLine: {'line': b'                 from /home/romi/fawad/ORB_SLAM3/Thirdparty/Sophus/sophus/geometry.hpp:7,\n'}
[10.226909] (orbslam3) StderrLine: {'line': b'                 from /home/romi/fawad/ORB_SLAM3/include/Frame.h:28,\n'}
[10.226999] (orbslam3) StderrLine: {'line': b'                 from /home/romi/fawad/ORB_SLAM3/include/KeyFrame.h:28,\n'}
[10.227095] (orbslam3) StderrLine: {'line': b'                 from /home/romi/fawad/ORB_SLAM3/include/MapPoint.h:23,\n'}
[10.227185] (orbslam3) StderrLine: {'line': b'                 from /home/romi/fawad/ORB_SLAM3/include/FrameDrawer.h:24,\n'}
[10.227518] (orbslam3) StderrLine: {'line': b'                 from /home/romi/fawad/ORB_SLAM3/include/Viewer.h:23,\n'}
[10.227608] (orbslam3) StderrLine: {'line': b'                 from /home/romi/fawad/ORB_SLAM3/include/Tracking.h:26,\n'}
[10.227680] (orbslam3) StderrLine: {'line': b'                 from /home/romi/fawad/ORB_SLAM3/include/System.h:31,\n'}
[10.227753] (orbslam3) StderrLine: {'line': b'                 from /home/romi/fawad/ros2_ws/src/ORB_SLAM3_ROS2/src/stereo/stereo-slam-node.hpp:13,\n'}
[10.227848] (orbslam3) StderrLine: {'line': b'                 from /home/romi/fawad/ros2_ws/src/ORB_SLAM3_ROS2/src/stereo/stereo.cpp:7:\n'}
[10.227927] (orbslam3) StderrLine: {'line': b'/usr/include/eigen3/Eigen/src/Core/util/Constants.h:167:37: note: declared here\n'}
[10.228014] (orbslam3) StderrLine: {'line': b'  167 | EIGEN_DEPRECATED const unsigned int AlignedBit = 0x80;\n'}
[10.228092] (orbslam3) StderrLine: {'line': b'      |                                     ^~~~~~~~~~\n'}
[10.228191] (orbslam3) StderrLine: {'line': b'In file included from /home/romi/fawad/ORB_SLAM3/Thirdparty/g2o/g2o/types/types_six_dof_expmap.h:38,\n'}
[10.228278] (orbslam3) StderrLine: {'line': b'                 from /home/romi/fawad/ORB_SLAM3/include/Converter.h:26,\n'}
[10.228363] (orbslam3) StderrLine: {'line': b'                 from /home/romi/fawad/ORB_SLAM3/include/Frame.h:33,\n'}
[10.228433] (orbslam3) StderrLine: {'line': b'                 from /home/romi/fawad/ORB_SLAM3/include/KeyFrame.h:28,\n'}
[10.228498] (orbslam3) StderrLine: {'line': b'                 from /home/romi/fawad/ORB_SLAM3/include/MapPoint.h:23,\n'}
[10.228563] (orbslam3) StderrLine: {'line': b'                 from /home/romi/fawad/ORB_SLAM3/include/FrameDrawer.h:24,\n'}
[10.228640] (orbslam3) StderrLine: {'line': b'                 from /home/romi/fawad/ORB_SLAM3/include/Viewer.h:23,\n'}
[10.228713] (orbslam3) StderrLine: {'line': b'                 from /home/romi/fawad/ORB_SLAM3/include/Tracking.h:26,\n'}
[10.228780] (orbslam3) StderrLine: {'line': b'                 from /home/romi/fawad/ORB_SLAM3/include/System.h:31,\n'}
[10.228851] (orbslam3) StderrLine: {'line': b'                 from /home/romi/fawad/ros2_ws/src/ORB_SLAM3_ROS2/src/stereo/stereo-slam-node.hpp:13,\n'}
[10.228941] (orbslam3) StderrLine: {'line': b'                 from /home/romi/fawad/ros2_ws/src/ORB_SLAM3_ROS2/src/stereo/stereo.cpp:7:\n'}
[10.229011] (orbslam3) StderrLine: {'line': b'/home/romi/fawad/ORB_SLAM3/Thirdparty/g2o/g2o/types/../core/base_binary_edge.h:60:80: warning: \xe2\x80\x98Eigen::AlignedBit\xe2\x80\x99 is deprecated [-Wdeprecated-declarations]\n'}
[10.229084] (orbslam3) StderrLine: {'line': b'   60 |       typedef Eigen::Map<Matrix<double, Dj, Di>, Matrix<double, Dj, Di>::Flags & AlignedBit ? Aligned : Unaligned > HessianBlockTransposedType;\n'}
[10.229173] (orbslam3) StderrLine: {'line': b'      |                                                                          ~~~~~~^~~~~~~~~~~~\n'}
[10.229254] (orbslam3) StderrLine: {'line': b'In file included from /usr/include/eigen3/Eigen/Core:161,\n'}
[10.229332] (orbslam3) StderrLine: {'line': b'                 from /usr/include/eigen3/Eigen/LU:11,\n'}
[10.229400] (orbslam3) StderrLine: {'line': b'                 from /home/romi/fawad/ORB_SLAM3/Thirdparty/Sophus/sophus/so2.hpp:12,\n'}
[10.229471] (orbslam3) StderrLine: {'line': b'                 from /home/romi/fawad/ORB_SLAM3/Thirdparty/Sophus/sophus/se2.hpp:7,\n'}
[10.229553] (orbslam3) StderrLine: {'line': b'                 from /home/romi/fawad/ORB_SLAM3/Thirdparty/Sophus/sophus/geometry.hpp:7,\n'}
[10.229627] (orbslam3) StderrLine: {'line': b'                 from /home/romi/fawad/ORB_SLAM3/include/Frame.h:28,\n'}
[10.229712] (orbslam3) StderrLine: {'line': b'                 from /home/romi/fawad/ORB_SLAM3/include/KeyFrame.h:28,\n'}
[10.229794] (orbslam3) StderrLine: {'line': b'                 from /home/romi/fawad/ORB_SLAM3/include/MapPoint.h:23,\n'}
[10.229873] (orbslam3) StderrLine: {'line': b'                 from /home/romi/fawad/ORB_SLAM3/include/FrameDrawer.h:24,\n'}
[10.229954] (orbslam3) StderrLine: {'line': b'                 from /home/romi/fawad/ORB_SLAM3/include/Viewer.h:23,\n'}
[10.230037] (orbslam3) StderrLine: {'line': b'                 from /home/romi/fawad/ORB_SLAM3/include/Tracking.h:26,\n'}
[10.230116] (orbslam3) StderrLine: {'line': b'                 from /home/romi/fawad/ORB_SLAM3/include/System.h:31,\n'}
[10.230196] (orbslam3) StderrLine: {'line': b'                 from /home/romi/fawad/ros2_ws/src/ORB_SLAM3_ROS2/src/stereo/stereo-slam-node.hpp:13,\n'}
[10.230286] (orbslam3) StderrLine: {'line': b'                 from /home/romi/fawad/ros2_ws/src/ORB_SLAM3_ROS2/src/stereo/stereo.cpp:7:\n'}
[10.230358] (orbslam3) StderrLine: {'line': b'/usr/include/eigen3/Eigen/src/Core/util/Constants.h:167:37: note: declared here\n'}
[10.230428] (orbslam3) StderrLine: {'line': b'  167 | EIGEN_DEPRECATED const unsigned int AlignedBit = 0x80;\n'}
[10.230515] (orbslam3) StderrLine: {'line': b'      |                                     ^~~~~~~~~~\n'}
[10.230599] (orbslam3) StderrLine: {'line': b'In file included from /home/romi/fawad/ORB_SLAM3/Thirdparty/g2o/g2o/types/types_six_dof_expmap.h:37,\n'}
[10.230686] (orbslam3) StderrLine: {'line': b'                 from /home/romi/fawad/ORB_SLAM3/include/Converter.h:26,\n'}
[10.230782] (orbslam3) StderrLine: {'line': b'                 from /home/romi/fawad/ORB_SLAM3/include/Frame.h:33,\n'}
[10.230869] (orbslam3) StderrLine: {'line': b'                 from /home/romi/fawad/ORB_SLAM3/include/KeyFrame.h:28,\n'}
[10.230960] (orbslam3) StderrLine: {'line': b'                 from /home/romi/fawad/ORB_SLAM3/include/MapPoint.h:23,\n'}
[10.231045] (orbslam3) StderrLine: {'line': b'                 from /home/romi/fawad/ORB_SLAM3/include/FrameDrawer.h:24,\n'}
[10.231138] (orbslam3) StderrLine: {'line': b'                 from /home/romi/fawad/ORB_SLAM3/include/Viewer.h:23,\n'}
[10.231230] (orbslam3) StderrLine: {'line': b'                 from /home/romi/fawad/ORB_SLAM3/include/Tracking.h:26,\n'}
[10.231315] (orbslam3) StderrLine: {'line': b'                 from /home/romi/fawad/ORB_SLAM3/include/System.h:31,\n'}
[10.231401] (orbslam3) StderrLine: {'line': b'                 from /home/romi/fawad/ros2_ws/src/ORB_SLAM3_ROS2/src/stereo-inertial/stereo-inertial-node.hpp:10,\n'}
[10.231487] (orbslam3) StderrLine: {'line': b'                 from /home/romi/fawad/ros2_ws/src/ORB_SLAM3_ROS2/src/stereo-inertial/stereo-inertial.cpp:7:\n'}
[10.231573] (orbslam3) StderrLine: {'line': b'/home/romi/fawad/ORB_SLAM3/Thirdparty/g2o/g2o/types/../core/base_vertex.h: In instantiation of \xe2\x80\x98class g2o::BaseVertex<7, g2o::Sim3>\xe2\x80\x99:\n'}
[10.231668] (orbslam3) StderrLine: {'line': b'/home/romi/fawad/ORB_SLAM3/Thirdparty/g2o/g2o/types/types_seven_dof_expmap.h:48:35:   required from here\n'}
[10.231755] (orbslam3) StderrLine: {'line': b'/home/romi/fawad/ORB_SLAM3/Thirdparty/g2o/g2o/types/../core/base_vertex.h:62:72: warning: \xe2\x80\x98Eigen::AlignedBit\xe2\x80\x99 is deprecated [-Wdeprecated-declarations]\n'}
[10.231855] (orbslam3) StderrLine: {'line': b'   62 |     typedef Eigen::Map<Matrix<double, D, D>, Matrix<double,D,D>::Flags & AlignedBit ? Aligned : Unaligned >  HessianBlockType;\n'}
[10.231944] (orbslam3) StderrLine: {'line': b'      |                                                                  ~~~~~~^~~~~~~~~~~~\n'}
[10.232029] (orbslam3) StderrLine: {'line': b'In file included from /usr/include/eigen3/Eigen/Core:161,\n'}
[10.232246] (orbslam3) StderrLine: {'line': b'                 from /usr/include/eigen3/Eigen/LU:11,\n'}
[10.232349] (orbslam3) StderrLine: {'line': b'                 from /home/romi/fawad/ORB_SLAM3/Thirdparty/Sophus/sophus/so2.hpp:12,\n'}
[10.232434] (orbslam3) StderrLine: {'line': b'                 from /home/romi/fawad/ORB_SLAM3/Thirdparty/Sophus/sophus/se2.hpp:7,\n'}
[10.232527] (orbslam3) StderrLine: {'line': b'                 from /home/romi/fawad/ORB_SLAM3/Thirdparty/Sophus/sophus/geometry.hpp:7,\n'}
[10.232617] (orbslam3) StderrLine: {'line': b'                 from /home/romi/fawad/ORB_SLAM3/include/Frame.h:28,\n'}
[10.232696] (orbslam3) StderrLine: {'line': b'                 from /home/romi/fawad/ORB_SLAM3/include/KeyFrame.h:28,\n'}
[10.232767] (orbslam3) StderrLine: {'line': b'                 from /home/romi/fawad/ORB_SLAM3/include/MapPoint.h:23,\n'}
[10.232842] (orbslam3) StderrLine: {'line': b'                 from /home/romi/fawad/ORB_SLAM3/include/FrameDrawer.h:24,\n'}
[10.232922] (orbslam3) StderrLine: {'line': b'                 from /home/romi/fawad/ORB_SLAM3/include/Viewer.h:23,\n'}
[10.233026] (orbslam3) StderrLine: {'line': b'                 from /home/romi/fawad/ORB_SLAM3/include/Tracking.h:26,\n'}
[10.233120] (orbslam3) StderrLine: {'line': b'                 from /home/romi/fawad/ORB_SLAM3/include/System.h:31,\n'}
[10.233214] (orbslam3) StderrLine: {'line': b'                 from /home/romi/fawad/ros2_ws/src/ORB_SLAM3_ROS2/src/stereo-inertial/stereo-inertial-node.hpp:10,\n'}
[10.233290] (orbslam3) StderrLine: {'line': b'                 from /home/romi/fawad/ros2_ws/src/ORB_SLAM3_ROS2/src/stereo-inertial/stereo-inertial.cpp:7:\n'}
[10.233363] (orbslam3) StderrLine: {'line': b'/usr/include/eigen3/Eigen/src/Core/util/Constants.h:167:37: note: declared here\n'}
[10.234198] (orbslam3) StderrLine: {'line': b'  167 | EIGEN_DEPRECATED const unsigned int AlignedBit = 0x80;\n'}
[10.234322] (orbslam3) StderrLine: {'line': b'      |                                     ^~~~~~~~~~\n'}
[10.243112] (-) TimerEvent: {}
[10.244091] (orbslam3) StderrLine: {'line': b'In file included from /home/romi/fawad/ORB_SLAM3/Thirdparty/g2o/g2o/types/types_six_dof_expmap.h:38,\n'}
[10.244274] (orbslam3) StderrLine: {'line': b'                 from /home/romi/fawad/ORB_SLAM3/include/Converter.h:26,\n'}
[10.244380] (orbslam3) StderrLine: {'line': b'                 from /home/romi/fawad/ORB_SLAM3/include/Frame.h:33,\n'}
[10.244473] (orbslam3) StderrLine: {'line': b'                 from /home/romi/fawad/ORB_SLAM3/include/KeyFrame.h:28,\n'}
[10.244560] (orbslam3) StderrLine: {'line': b'                 from /home/romi/fawad/ORB_SLAM3/include/MapPoint.h:23,\n'}
[10.244636] (orbslam3) StderrLine: {'line': b'                 from /home/romi/fawad/ORB_SLAM3/include/FrameDrawer.h:24,\n'}
[10.244708] (orbslam3) StderrLine: {'line': b'                 from /home/romi/fawad/ORB_SLAM3/include/Viewer.h:23,\n'}
[10.244789] (orbslam3) StderrLine: {'line': b'                 from /home/romi/fawad/ORB_SLAM3/include/Tracking.h:26,\n'}
[10.244871] (orbslam3) StderrLine: {'line': b'                 from /home/romi/fawad/ORB_SLAM3/include/System.h:31,\n'}
[10.244955] (orbslam3) StderrLine: {'line': b'                 from /home/romi/fawad/ros2_ws/src/ORB_SLAM3_ROS2/src/rgbd/rgbd-slam-node.hpp:18,\n'}
[10.245040] (orbslam3) StderrLine: {'line': b'                 from /home/romi/fawad/ros2_ws/src/ORB_SLAM3_ROS2/src/rgbd/rgbd-slam-node.cpp:1:\n'}
[10.245144] (orbslam3) StderrLine: {'line': b'/home/romi/fawad/ORB_SLAM3/Thirdparty/g2o/g2o/types/../core/base_binary_edge.h:60:80: warning: \xe2\x80\x98Eigen::AlignedBit\xe2\x80\x99 is deprecated [-Wdeprecated-declarations]\n'}
[10.245259] (orbslam3) StderrLine: {'line': b'   60 |       typedef Eigen::Map<Matrix<double, Dj, Di>, Matrix<double, Dj, Di>::Flags & AlignedBit ? Aligned : Unaligned > HessianBlockTransposedType;\n'}
[10.245349] (orbslam3) StderrLine: {'line': b'      |                                                                          ~~~~~~^~~~~~~~~~~~\n'}
[10.245436] (orbslam3) StderrLine: {'line': b'In file included from /usr/include/eigen3/Eigen/Core:161,\n'}
[10.245522] (orbslam3) StderrLine: {'line': b'                 from /usr/include/eigen3/Eigen/LU:11,\n'}
[10.245612] (orbslam3) StderrLine: {'line': b'                 from /home/romi/fawad/ORB_SLAM3/Thirdparty/Sophus/sophus/so2.hpp:12,\n'}
[10.245699] (orbslam3) StderrLine: {'line': b'                 from /home/romi/fawad/ORB_SLAM3/Thirdparty/Sophus/sophus/se2.hpp:7,\n'}
[10.245788] (orbslam3) StderrLine: {'line': b'                 from /home/romi/fawad/ORB_SLAM3/Thirdparty/Sophus/sophus/geometry.hpp:7,\n'}
[10.245875] (orbslam3) StderrLine: {'line': b'                 from /home/romi/fawad/ORB_SLAM3/include/Frame.h:28,\n'}
[10.245963] (orbslam3) StderrLine: {'line': b'                 from /home/romi/fawad/ORB_SLAM3/include/KeyFrame.h:28,\n'}
[10.246055] (orbslam3) StderrLine: {'line': b'                 from /home/romi/fawad/ORB_SLAM3/include/MapPoint.h:23,\n'}
[10.246241] (orbslam3) StderrLine: {'line': b'                 from /home/romi/fawad/ORB_SLAM3/include/FrameDrawer.h:24,\n'}
[10.246383] (orbslam3) StderrLine: {'line': b'                 from /home/romi/fawad/ORB_SLAM3/include/Viewer.h:23,\n'}
[10.246486] (orbslam3) StderrLine: {'line': b'                 from /home/romi/fawad/ORB_SLAM3/include/Tracking.h:26,\n'}
[10.247213] (orbslam3) StderrLine: {'line': b'                 from /home/romi/fawad/ORB_SLAM3/include/System.h:31,\n'}
[10.251366] (orbslam3) StderrLine: {'line': b'                 from /home/romi/fawad/ros2_ws/src/ORB_SLAM3_ROS2/src/rgbd/rgbd-slam-node.hpp:18,\n'}
[10.251500] (orbslam3) StderrLine: {'line': b'                 from /home/romi/fawad/ros2_ws/src/ORB_SLAM3_ROS2/src/rgbd/rgbd-slam-node.cpp:1:\n'}
[10.251606] (orbslam3) StderrLine: {'line': b'/usr/include/eigen3/Eigen/src/Core/util/Constants.h:167:37: note: declared here\n'}
[10.251686] (orbslam3) StderrLine: {'line': b'  167 | EIGEN_DEPRECATED const unsigned int AlignedBit = 0x80;\n'}
[10.251760] (orbslam3) StderrLine: {'line': b'      |                                     ^~~~~~~~~~\n'}
[10.268014] (orbslam3) StderrLine: {'line': b'In file included from /home/romi/fawad/ORB_SLAM3/Thirdparty/g2o/g2o/types/types_six_dof_expmap.h:37,\n'}
[10.268243] (orbslam3) StderrLine: {'line': b'                 from /home/romi/fawad/ORB_SLAM3/include/Converter.h:26,\n'}
[10.268348] (orbslam3) StderrLine: {'line': b'                 from /home/romi/fawad/ORB_SLAM3/include/Frame.h:33,\n'}
[10.268428] (orbslam3) StderrLine: {'line': b'                 from /home/romi/fawad/ORB_SLAM3/include/KeyFrame.h:28,\n'}
[10.268599] (orbslam3) StderrLine: {'line': b'                 from /home/romi/fawad/ORB_SLAM3/include/MapPoint.h:23,\n'}
[10.268675] (orbslam3) StderrLine: {'line': b'                 from /home/romi/fawad/ORB_SLAM3/include/FrameDrawer.h:24,\n'}
[10.268758] (orbslam3) StderrLine: {'line': b'                 from /home/romi/fawad/ORB_SLAM3/include/Viewer.h:23,\n'}
[10.268842] (orbslam3) StderrLine: {'line': b'                 from /home/romi/fawad/ORB_SLAM3/include/Tracking.h:26,\n'}
[10.268931] (orbslam3) StderrLine: {'line': b'                 from /home/romi/fawad/ORB_SLAM3/include/System.h:31,\n'}
[10.269019] (orbslam3) StderrLine: {'line': b'                 from /home/romi/fawad/ros2_ws/src/ORB_SLAM3_ROS2/src/monocular/monocular-slam-node.hpp:9,\n'}
[10.269592] (orbslam3) StderrLine: {'line': b'                 from /home/romi/fawad/ros2_ws/src/ORB_SLAM3_ROS2/src/monocular/monocular-slam-node.cpp:1:\n'}
[10.269724] (orbslam3) StderrLine: {'line': b'/home/romi/fawad/ORB_SLAM3/Thirdparty/g2o/g2o/types/../core/base_vertex.h: In instantiation of \xe2\x80\x98class g2o::BaseVertex<7, g2o::Sim3>\xe2\x80\x99:\n'}
[10.269844] (orbslam3) StderrLine: {'line': b'/home/romi/fawad/ORB_SLAM3/Thirdparty/g2o/g2o/types/types_seven_dof_expmap.h:48:35:   required from here\n'}
[10.269938] (orbslam3) StderrLine: {'line': b'/home/romi/fawad/ORB_SLAM3/Thirdparty/g2o/g2o/types/../core/base_vertex.h:62:72: warning: \xe2\x80\x98Eigen::AlignedBit\xe2\x80\x99 is deprecated [-Wdeprecated-declarations]\n'}
[10.270033] (orbslam3) StderrLine: {'line': b'   62 |     typedef Eigen::Map<Matrix<double, D, D>, Matrix<double,D,D>::Flags & AlignedBit ? Aligned : Unaligned >  HessianBlockType;\n'}
[10.270141] (orbslam3) StderrLine: {'line': b'      |                                                                  ~~~~~~^~~~~~~~~~~~\n'}
[10.270240] (orbslam3) StderrLine: {'line': b'In file included from /usr/include/eigen3/Eigen/Core:161,\n'}
[10.270330] (orbslam3) StderrLine: {'line': b'                 from /usr/include/eigen3/Eigen/LU:11,\n'}
[10.270419] (orbslam3) StderrLine: {'line': b'                 from /home/romi/fawad/ORB_SLAM3/Thirdparty/Sophus/sophus/so2.hpp:12,\n'}
[10.270499] (orbslam3) StderrLine: {'line': b'                 from /home/romi/fawad/ORB_SLAM3/Thirdparty/Sophus/sophus/se2.hpp:7,\n'}
[10.270581] (orbslam3) StderrLine: {'line': b'                 from /home/romi/fawad/ORB_SLAM3/Thirdparty/Sophus/sophus/geometry.hpp:7,\n'}
[10.271913] (orbslam3) StderrLine: {'line': b'                 from /home/romi/fawad/ORB_SLAM3/include/Frame.h:28,\n'}
[10.272045] (orbslam3) StderrLine: {'line': b'                 from /home/romi/fawad/ORB_SLAM3/include/KeyFrame.h:28,\n'}
[10.272137] (orbslam3) StderrLine: {'line': b'                 from /home/romi/fawad/ORB_SLAM3/include/MapPoint.h:23,\n'}
[10.272229] (orbslam3) StderrLine: {'line': b'                 from /home/romi/fawad/ORB_SLAM3/include/FrameDrawer.h:24,\n'}
[10.272317] (orbslam3) StderrLine: {'line': b'                 from /home/romi/fawad/ORB_SLAM3/include/Viewer.h:23,\n'}
[10.272406] (orbslam3) StderrLine: {'line': b'                 from /home/romi/fawad/ORB_SLAM3/include/Tracking.h:26,\n'}
[10.272495] (orbslam3) StderrLine: {'line': b'                 from /home/romi/fawad/ORB_SLAM3/include/System.h:31,\n'}
[10.272582] (orbslam3) StderrLine: {'line': b'                 from /home/romi/fawad/ros2_ws/src/ORB_SLAM3_ROS2/src/monocular/monocular-slam-node.hpp:9,\n'}
[10.272671] (orbslam3) StderrLine: {'line': b'                 from /home/romi/fawad/ros2_ws/src/ORB_SLAM3_ROS2/src/monocular/monocular-slam-node.cpp:1:\n'}
[10.272761] (orbslam3) StderrLine: {'line': b'/usr/include/eigen3/Eigen/src/Core/util/Constants.h:167:37: note: declared here\n'}
[10.272847] (orbslam3) StderrLine: {'line': b'  167 | EIGEN_DEPRECATED const unsigned int AlignedBit = 0x80;\n'}
[10.272935] (orbslam3) StderrLine: {'line': b'      |                                     ^~~~~~~~~~\n'}
[10.286222] (orbslam3) StderrLine: {'line': b'In file included from /home/romi/fawad/ORB_SLAM3/Thirdparty/g2o/g2o/types/types_six_dof_expmap.h:38,\n'}
[10.286453] (orbslam3) StderrLine: {'line': b'                 from /home/romi/fawad/ORB_SLAM3/include/Converter.h:26,\n'}
[10.286562] (orbslam3) StderrLine: {'line': b'                 from /home/romi/fawad/ORB_SLAM3/include/Frame.h:33,\n'}
[10.286665] (orbslam3) StderrLine: {'line': b'                 from /home/romi/fawad/ORB_SLAM3/include/KeyFrame.h:28,\n'}
[10.286763] (orbslam3) StderrLine: {'line': b'                 from /home/romi/fawad/ORB_SLAM3/include/MapPoint.h:23,\n'}
[10.286858] (orbslam3) StderrLine: {'line': b'                 from /home/romi/fawad/ORB_SLAM3/include/FrameDrawer.h:24,\n'}
[10.286943] (orbslam3) StderrLine: {'line': b'                 from /home/romi/fawad/ORB_SLAM3/include/Viewer.h:23,\n'}
[10.287022] (orbslam3) StderrLine: {'line': b'                 from /home/romi/fawad/ORB_SLAM3/include/Tracking.h:26,\n'}
[10.287111] (orbslam3) StderrLine: {'line': b'                 from /home/romi/fawad/ORB_SLAM3/include/System.h:31,\n'}
[10.287211] (orbslam3) StderrLine: {'line': b'                 from /home/romi/fawad/ros2_ws/src/ORB_SLAM3_ROS2/src/stereo-inertial/stereo-inertial-node.hpp:10,\n'}
[10.287304] (orbslam3) StderrLine: {'line': b'                 from /home/romi/fawad/ros2_ws/src/ORB_SLAM3_ROS2/src/stereo-inertial/stereo-inertial.cpp:7:\n'}
[10.287395] (orbslam3) StderrLine: {'line': b'/home/romi/fawad/ORB_SLAM3/Thirdparty/g2o/g2o/types/../core/base_binary_edge.h: In instantiation of \xe2\x80\x98class g2o::BaseBinaryEdge<7, g2o::Sim3, g2o::VertexSim3Expmap, g2o::VertexSim3Expmap>\xe2\x80\x99:\n'}
[10.287490] (orbslam3) StderrLine: {'line': b'/home/romi/fawad/ORB_SLAM3/Thirdparty/g2o/g2o/types/types_seven_dof_expmap.h:99:27:   required from here\n'}
[10.287579] (orbslam3) StderrLine: {'line': b'/home/romi/fawad/ORB_SLAM3/Thirdparty/g2o/g2o/types/../core/base_binary_edge.h:59:80: warning: \xe2\x80\x98Eigen::AlignedBit\xe2\x80\x99 is deprecated [-Wdeprecated-declarations]\n'}
[10.287683] (orbslam3) StderrLine: {'line': b'   59 |       typedef Eigen::Map<Matrix<double, Di, Dj>, Matrix<double, Di, Dj>::Flags & AlignedBit ? Aligned : Unaligned > HessianBlockType;\n'}
[10.287774] (orbslam3) StderrLine: {'line': b'      |                                                                          ~~~~~~^~~~~~~~~~~~\n'}
[10.287867] (orbslam3) StderrLine: {'line': b'In file included from /usr/include/eigen3/Eigen/Core:161,\n'}
[10.287956] (orbslam3) StderrLine: {'line': b'                 from /usr/include/eigen3/Eigen/LU:11,\n'}
[10.288047] (orbslam3) StderrLine: {'line': b'                 from /home/romi/fawad/ORB_SLAM3/Thirdparty/Sophus/sophus/so2.hpp:12,\n'}
[10.288157] (orbslam3) StderrLine: {'line': b'                 from /home/romi/fawad/ORB_SLAM3/Thirdparty/Sophus/sophus/se2.hpp:7,\n'}
[10.288251] (orbslam3) StderrLine: {'line': b'                 from /home/romi/fawad/ORB_SLAM3/Thirdparty/Sophus/sophus/geometry.hpp:7,\n'}
[10.288339] (orbslam3) StderrLine: {'line': b'                 from /home/romi/fawad/ORB_SLAM3/include/Frame.h:28,\n'}
[10.288429] (orbslam3) StderrLine: {'line': b'                 from /home/romi/fawad/ORB_SLAM3/include/KeyFrame.h:28,\n'}
[10.288517] (orbslam3) StderrLine: {'line': b'                 from /home/romi/fawad/ORB_SLAM3/include/MapPoint.h:23,\n'}
[10.288601] (orbslam3) StderrLine: {'line': b'                 from /home/romi/fawad/ORB_SLAM3/include/FrameDrawer.h:24,\n'}
[10.288688] (orbslam3) StderrLine: {'line': b'                 from /home/romi/fawad/ORB_SLAM3/include/Viewer.h:23,\n'}
[10.288781] (orbslam3) StderrLine: {'line': b'                 from /home/romi/fawad/ORB_SLAM3/include/Tracking.h:26,\n'}
[10.288867] (orbslam3) StderrLine: {'line': b'                 from /home/romi/fawad/ORB_SLAM3/include/System.h:31,\n'}
[10.288955] (orbslam3) StderrLine: {'line': b'                 from /home/romi/fawad/ros2_ws/src/ORB_SLAM3_ROS2/src/stereo-inertial/stereo-inertial-node.hpp:10,\n'}
[10.289039] (orbslam3) StderrLine: {'line': b'                 from /home/romi/fawad/ros2_ws/src/ORB_SLAM3_ROS2/src/stereo-inertial/stereo-inertial.cpp:7:\n'}
[10.291512] (orbslam3) StderrLine: {'line': b'/usr/include/eigen3/Eigen/src/Core/util/Constants.h:167:37: note: declared here\n'}
[10.291675] (orbslam3) StderrLine: {'line': b'  167 | EIGEN_DEPRECATED const unsigned int AlignedBit = 0x80;\n'}
[10.291764] (orbslam3) StderrLine: {'line': b'      |                                     ^~~~~~~~~~\n'}
[10.291844] (orbslam3) StderrLine: {'line': b'In file included from /home/romi/fawad/ORB_SLAM3/Thirdparty/g2o/g2o/types/types_six_dof_expmap.h:38,\n'}
[10.291935] (orbslam3) StderrLine: {'line': b'                 from /home/romi/fawad/ORB_SLAM3/include/Converter.h:26,\n'}
[10.292156] (orbslam3) StderrLine: {'line': b'                 from /home/romi/fawad/ORB_SLAM3/include/Frame.h:33,\n'}
[10.292260] (orbslam3) StderrLine: {'line': b'                 from /home/romi/fawad/ORB_SLAM3/include/KeyFrame.h:28,\n'}
[10.292345] (orbslam3) StderrLine: {'line': b'                 from /home/romi/fawad/ORB_SLAM3/include/MapPoint.h:23,\n'}
[10.292424] (orbslam3) StderrLine: {'line': b'                 from /home/romi/fawad/ORB_SLAM3/include/FrameDrawer.h:24,\n'}
[10.292500] (orbslam3) StderrLine: {'line': b'                 from /home/romi/fawad/ORB_SLAM3/include/Viewer.h:23,\n'}
[10.292576] (orbslam3) StderrLine: {'line': b'                 from /home/romi/fawad/ORB_SLAM3/include/Tracking.h:26,\n'}
[10.292779] (orbslam3) StderrLine: {'line': b'                 from /home/romi/fawad/ORB_SLAM3/include/System.h:31,\n'}
[10.292866] (orbslam3) StderrLine: {'line': b'                 from /home/romi/fawad/ros2_ws/src/ORB_SLAM3_ROS2/src/stereo-inertial/stereo-inertial-node.hpp:10,\n'}
[10.292946] (orbslam3) StderrLine: {'line': b'                 from /home/romi/fawad/ros2_ws/src/ORB_SLAM3_ROS2/src/stereo-inertial/stereo-inertial.cpp:7:\n'}
[10.293021] (orbslam3) StderrLine: {'line': b'/home/romi/fawad/ORB_SLAM3/Thirdparty/g2o/g2o/types/../core/base_binary_edge.h:60:80: warning: \xe2\x80\x98Eigen::AlignedBit\xe2\x80\x99 is deprecated [-Wdeprecated-declarations]\n'}
[10.293109] (orbslam3) StderrLine: {'line': b'   60 |       typedef Eigen::Map<Matrix<double, Dj, Di>, Matrix<double, Dj, Di>::Flags & AlignedBit ? Aligned : Unaligned > HessianBlockTransposedType;\n'}
[10.293194] (orbslam3) StderrLine: {'line': b'      |                                                                          ~~~~~~^~~~~~~~~~~~\n'}
[10.293267] (orbslam3) StderrLine: {'line': b'In file included from /usr/include/eigen3/Eigen/Core:161,\n'}
[10.293338] (orbslam3) StderrLine: {'line': b'                 from /usr/include/eigen3/Eigen/LU:11,\n'}
[10.293423] (orbslam3) StderrLine: {'line': b'                 from /home/romi/fawad/ORB_SLAM3/Thirdparty/Sophus/sophus/so2.hpp:12,\n'}
[10.293497] (orbslam3) StderrLine: {'line': b'                 from /home/romi/fawad/ORB_SLAM3/Thirdparty/Sophus/sophus/se2.hpp:7,\n'}
[10.293569] (orbslam3) StderrLine: {'line': b'                 from /home/romi/fawad/ORB_SLAM3/Thirdparty/Sophus/sophus/geometry.hpp:7,\n'}
[10.293640] (orbslam3) StderrLine: {'line': b'                 from /home/romi/fawad/ORB_SLAM3/include/Frame.h:28,\n'}
[10.293709] (orbslam3) StderrLine: {'line': b'                 from /home/romi/fawad/ORB_SLAM3/include/KeyFrame.h:28,\n'}
[10.293777] (orbslam3) StderrLine: {'line': b'                 from /home/romi/fawad/ORB_SLAM3/include/MapPoint.h:23,\n'}
[10.293855] (orbslam3) StderrLine: {'line': b'                 from /home/romi/fawad/ORB_SLAM3/include/FrameDrawer.h:24,\n'}
[10.293927] (orbslam3) StderrLine: {'line': b'                 from /home/romi/fawad/ORB_SLAM3/include/Viewer.h:23,\n'}
[10.293996] (orbslam3) StderrLine: {'line': b'                 from /home/romi/fawad/ORB_SLAM3/include/Tracking.h:26,\n'}
[10.294064] (orbslam3) StderrLine: {'line': b'                 from /home/romi/fawad/ORB_SLAM3/include/System.h:31,\n'}
[10.294150] (orbslam3) StderrLine: {'line': b'                 from /home/romi/fawad/ros2_ws/src/ORB_SLAM3_ROS2/src/stereo-inertial/stereo-inertial-node.hpp:10,\n'}
[10.294226] (orbslam3) StderrLine: {'line': b'                 from /home/romi/fawad/ros2_ws/src/ORB_SLAM3_ROS2/src/stereo-inertial/stereo-inertial.cpp:7:\n'}
[10.294298] (orbslam3) StderrLine: {'line': b'/usr/include/eigen3/Eigen/src/Core/util/Constants.h:167:37: note: declared here\n'}
[10.294378] (orbslam3) StderrLine: {'line': b'  167 | EIGEN_DEPRECATED const unsigned int AlignedBit = 0x80;\n'}
[10.294449] (orbslam3) StderrLine: {'line': b'      |                                     ^~~~~~~~~~\n'}
[10.299038] (orbslam3) StderrLine: {'line': b'In file included from /home/romi/fawad/ORB_SLAM3/Thirdparty/g2o/g2o/types/types_six_dof_expmap.h:38,\n'}
[10.299257] (orbslam3) StderrLine: {'line': b'                 from /home/romi/fawad/ORB_SLAM3/include/Converter.h:26,\n'}
[10.299352] (orbslam3) StderrLine: {'line': b'                 from /home/romi/fawad/ORB_SLAM3/include/Frame.h:33,\n'}
[10.299431] (orbslam3) StderrLine: {'line': b'                 from /home/romi/fawad/ORB_SLAM3/include/KeyFrame.h:28,\n'}
[10.299509] (orbslam3) StderrLine: {'line': b'                 from /home/romi/fawad/ORB_SLAM3/include/MapPoint.h:23,\n'}
[10.299583] (orbslam3) StderrLine: {'line': b'                 from /home/romi/fawad/ORB_SLAM3/include/FrameDrawer.h:24,\n'}
[10.299658] (orbslam3) StderrLine: {'line': b'                 from /home/romi/fawad/ORB_SLAM3/include/Viewer.h:23,\n'}
[10.299733] (orbslam3) StderrLine: {'line': b'                 from /home/romi/fawad/ORB_SLAM3/include/Tracking.h:26,\n'}
[10.299807] (orbslam3) StderrLine: {'line': b'                 from /home/romi/fawad/ORB_SLAM3/include/System.h:31,\n'}
[10.299880] (orbslam3) StderrLine: {'line': b'                 from /home/romi/fawad/ros2_ws/src/ORB_SLAM3_ROS2/src/stereo/stereo-slam-node.hpp:13,\n'}
[10.299954] (orbslam3) StderrLine: {'line': b'                 from /home/romi/fawad/ros2_ws/src/ORB_SLAM3_ROS2/src/stereo/stereo.cpp:7:\n'}
[10.300026] (orbslam3) StderrLine: {'line': b'/home/romi/fawad/ORB_SLAM3/Thirdparty/g2o/g2o/types/../core/base_binary_edge.h: In instantiation of \xe2\x80\x98class g2o::BaseBinaryEdge<2, Eigen::Matrix<double, 2, 1>, g2o::VertexSBAPointXYZ, g2o::VertexSim3Expmap>\xe2\x80\x99:\n'}
[10.300308] (orbslam3) StderrLine: {'line': b'/home/romi/fawad/ORB_SLAM3/Thirdparty/g2o/g2o/types/types_seven_dof_expmap.h:130:36:   required from here\n'}
[10.300391] (orbslam3) StderrLine: {'line': b'/home/romi/fawad/ORB_SLAM3/Thirdparty/g2o/g2o/types/../core/base_binary_edge.h:59:80: warning: \xe2\x80\x98Eigen::AlignedBit\xe2\x80\x99 is deprecated [-Wdeprecated-declarations]\n'}
[10.300466] (orbslam3) StderrLine: {'line': b'   59 |       typedef Eigen::Map<Matrix<double, Di, Dj>, Matrix<double, Di, Dj>::Flags & AlignedBit ? Aligned : Unaligned > HessianBlockType;\n'}
[10.300540] (orbslam3) StderrLine: {'line': b'      |                                                                          ~~~~~~^~~~~~~~~~~~\n'}
[10.300609] (orbslam3) StderrLine: {'line': b'In file included from /usr/include/eigen3/Eigen/Core:161,\n'}
[10.300678] (orbslam3) StderrLine: {'line': b'                 from /usr/include/eigen3/Eigen/LU:11,\n'}
[10.300747] (orbslam3) StderrLine: {'line': b'                 from /home/romi/fawad/ORB_SLAM3/Thirdparty/Sophus/sophus/so2.hpp:12,\n'}
[10.300816] (orbslam3) StderrLine: {'line': b'                 from /home/romi/fawad/ORB_SLAM3/Thirdparty/Sophus/sophus/se2.hpp:7,\n'}
[10.300885] (orbslam3) StderrLine: {'line': b'                 from /home/romi/fawad/ORB_SLAM3/Thirdparty/Sophus/sophus/geometry.hpp:7,\n'}
[10.300953] (orbslam3) StderrLine: {'line': b'                 from /home/romi/fawad/ORB_SLAM3/include/Frame.h:28,\n'}
[10.301023] (orbslam3) StderrLine: {'line': b'                 from /home/romi/fawad/ORB_SLAM3/include/KeyFrame.h:28,\n'}
[10.301093] (orbslam3) StderrLine: {'line': b'                 from /home/romi/fawad/ORB_SLAM3/include/MapPoint.h:23,\n'}
[10.301205] (orbslam3) StderrLine: {'line': b'                 from /home/romi/fawad/ORB_SLAM3/include/FrameDrawer.h:24,\n'}
[10.301277] (orbslam3) StderrLine: {'line': b'                 from /home/romi/fawad/ORB_SLAM3/include/Viewer.h:23,\n'}
[10.301346] (orbslam3) StderrLine: {'line': b'                 from /home/romi/fawad/ORB_SLAM3/include/Tracking.h:26,\n'}
[10.301415] (orbslam3) StderrLine: {'line': b'                 from /home/romi/fawad/ORB_SLAM3/include/System.h:31,\n'}
[10.301483] (orbslam3) StderrLine: {'line': b'                 from /home/romi/fawad/ros2_ws/src/ORB_SLAM3_ROS2/src/stereo/stereo-slam-node.hpp:13,\n'}
[10.301555] (orbslam3) StderrLine: {'line': b'                 from /home/romi/fawad/ros2_ws/src/ORB_SLAM3_ROS2/src/stereo/stereo.cpp:7:\n'}
[10.301625] (orbslam3) StderrLine: {'line': b'/usr/include/eigen3/Eigen/src/Core/util/Constants.h:167:37: note: declared here\n'}
[10.301696] (orbslam3) StderrLine: {'line': b'  167 | EIGEN_DEPRECATED const unsigned int AlignedBit = 0x80;\n'}
[10.301766] (orbslam3) StderrLine: {'line': b'      |                                     ^~~~~~~~~~\n'}
[10.321928] (orbslam3) StderrLine: {'line': b'In file included from /home/romi/fawad/ORB_SLAM3/Thirdparty/g2o/g2o/types/types_six_dof_expmap.h:38,\n'}
[10.322126] (orbslam3) StderrLine: {'line': b'                 from /home/romi/fawad/ORB_SLAM3/include/Converter.h:26,\n'}
[10.322214] (orbslam3) StderrLine: {'line': b'                 from /home/romi/fawad/ORB_SLAM3/include/Frame.h:33,\n'}
[10.322283] (orbslam3) StderrLine: {'line': b'                 from /home/romi/fawad/ORB_SLAM3/include/KeyFrame.h:28,\n'}
[10.322349] (orbslam3) StderrLine: {'line': b'                 from /home/romi/fawad/ORB_SLAM3/include/MapPoint.h:23,\n'}
[10.322414] (orbslam3) StderrLine: {'line': b'                 from /home/romi/fawad/ORB_SLAM3/include/FrameDrawer.h:24,\n'}
[10.322479] (orbslam3) StderrLine: {'line': b'                 from /home/romi/fawad/ORB_SLAM3/include/Viewer.h:23,\n'}
[10.322544] (orbslam3) StderrLine: {'line': b'                 from /home/romi/fawad/ORB_SLAM3/include/Tracking.h:26,\n'}
[10.322608] (orbslam3) StderrLine: {'line': b'                 from /home/romi/fawad/ORB_SLAM3/include/System.h:31,\n'}
[10.322673] (orbslam3) StderrLine: {'line': b'                 from /home/romi/fawad/ros2_ws/src/ORB_SLAM3_ROS2/src/stereo/stereo-slam-node.hpp:13,\n'}
[10.322738] (orbslam3) StderrLine: {'line': b'                 from /home/romi/fawad/ros2_ws/src/ORB_SLAM3_ROS2/src/stereo/stereo.cpp:7:\n'}
[10.322803] (orbslam3) StderrLine: {'line': b'/home/romi/fawad/ORB_SLAM3/Thirdparty/g2o/g2o/types/../core/base_binary_edge.h:60:80: warning: \xe2\x80\x98Eigen::AlignedBit\xe2\x80\x99 is deprecated [-Wdeprecated-declarations]\n'}
[10.322870] (orbslam3) StderrLine: {'line': b'   60 |       typedef Eigen::Map<Matrix<double, Dj, Di>, Matrix<double, Dj, Di>::Flags & AlignedBit ? Aligned : Unaligned > HessianBlockTransposedType;\n'}
[10.322954] (orbslam3) StderrLine: {'line': b'      |                                                                          ~~~~~~^~~~~~~~~~~~\n'}
[10.323021] (orbslam3) StderrLine: {'line': b'In file included from /usr/include/eigen3/Eigen/Core:161,\n'}
[10.323085] (orbslam3) StderrLine: {'line': b'                 from /usr/include/eigen3/Eigen/LU:11,\n'}
[10.323165] (orbslam3) StderrLine: {'line': b'                 from /home/romi/fawad/ORB_SLAM3/Thirdparty/Sophus/sophus/so2.hpp:12,\n'}
[10.323232] (orbslam3) StderrLine: {'line': b'                 from /home/romi/fawad/ORB_SLAM3/Thirdparty/Sophus/sophus/se2.hpp:7,\n'}
[10.323296] (orbslam3) StderrLine: {'line': b'                 from /home/romi/fawad/ORB_SLAM3/Thirdparty/Sophus/sophus/geometry.hpp:7,\n'}
[10.323362] (orbslam3) StderrLine: {'line': b'                 from /home/romi/fawad/ORB_SLAM3/include/Frame.h:28,\n'}
[10.323426] (orbslam3) StderrLine: {'line': b'                 from /home/romi/fawad/ORB_SLAM3/include/KeyFrame.h:28,\n'}
[10.323491] (orbslam3) StderrLine: {'line': b'                 from /home/romi/fawad/ORB_SLAM3/include/MapPoint.h:23,\n'}
[10.323554] (orbslam3) StderrLine: {'line': b'                 from /home/romi/fawad/ORB_SLAM3/include/FrameDrawer.h:24,\n'}
[10.323623] (orbslam3) StderrLine: {'line': b'                 from /home/romi/fawad/ORB_SLAM3/include/Viewer.h:23,\n'}
[10.323688] (orbslam3) StderrLine: {'line': b'                 from /home/romi/fawad/ORB_SLAM3/include/Tracking.h:26,\n'}
[10.323752] (orbslam3) StderrLine: {'line': b'                 from /home/romi/fawad/ORB_SLAM3/include/System.h:31,\n'}
[10.323821] (orbslam3) StderrLine: {'line': b'                 from /home/romi/fawad/ros2_ws/src/ORB_SLAM3_ROS2/src/stereo/stereo-slam-node.hpp:13,\n'}
[10.323885] (orbslam3) StderrLine: {'line': b'                 from /home/romi/fawad/ros2_ws/src/ORB_SLAM3_ROS2/src/stereo/stereo.cpp:7:\n'}
[10.323950] (orbslam3) StderrLine: {'line': b'/usr/include/eigen3/Eigen/src/Core/util/Constants.h:167:37: note: declared here\n'}
[10.324117] (orbslam3) StderrLine: {'line': b'  167 | EIGEN_DEPRECATED const unsigned int AlignedBit = 0x80;\n'}
[10.324194] (orbslam3) StderrLine: {'line': b'      |                                     ^~~~~~~~~~\n'}
[10.324332] (orbslam3) StderrLine: {'line': b'In file included from /home/romi/fawad/ORB_SLAM3/Thirdparty/g2o/g2o/types/types_six_dof_expmap.h:38,\n'}
[10.324554] (orbslam3) StderrLine: {'line': b'                 from /home/romi/fawad/ORB_SLAM3/include/Converter.h:26,\n'}
[10.324634] (orbslam3) StderrLine: {'line': b'                 from /home/romi/fawad/ORB_SLAM3/include/Frame.h:33,\n'}
[10.324707] (orbslam3) StderrLine: {'line': b'                 from /home/romi/fawad/ORB_SLAM3/include/KeyFrame.h:28,\n'}
[10.324780] (orbslam3) StderrLine: {'line': b'                 from /home/romi/fawad/ORB_SLAM3/include/MapPoint.h:23,\n'}
[10.325119] (orbslam3) StderrLine: {'line': b'                 from /home/romi/fawad/ORB_SLAM3/include/FrameDrawer.h:24,\n'}
[10.325250] (orbslam3) StderrLine: {'line': b'                 from /home/romi/fawad/ORB_SLAM3/include/Viewer.h:23,\n'}
[10.325342] (orbslam3) StderrLine: {'line': b'                 from /home/romi/fawad/ORB_SLAM3/include/Tracking.h:26,\n'}
[10.325430] (orbslam3) StderrLine: {'line': b'                 from /home/romi/fawad/ORB_SLAM3/include/System.h:31,\n'}
[10.325517] (orbslam3) StderrLine: {'line': b'                 from /home/romi/fawad/ros2_ws/src/ORB_SLAM3_ROS2/src/monocular/monocular-slam-node.hpp:9,\n'}
[10.325607] (orbslam3) StderrLine: {'line': b'                 from /home/romi/fawad/ros2_ws/src/ORB_SLAM3_ROS2/src/monocular/monocular-slam-node.cpp:1:\n'}
[10.325699] (orbslam3) StderrLine: {'line': b'/home/romi/fawad/ORB_SLAM3/Thirdparty/g2o/g2o/types/../core/base_binary_edge.h: In instantiation of \xe2\x80\x98class g2o::BaseBinaryEdge<7, g2o::Sim3, g2o::VertexSim3Expmap, g2o::VertexSim3Expmap>\xe2\x80\x99:\n'}
[10.325802] (orbslam3) StderrLine: {'line': b'/home/romi/fawad/ORB_SLAM3/Thirdparty/g2o/g2o/types/types_seven_dof_expmap.h:99:27:   required from here\n'}
[10.325890] (orbslam3) StderrLine: {'line': b'/home/romi/fawad/ORB_SLAM3/Thirdparty/g2o/g2o/types/../core/base_binary_edge.h:59:80: warning: \xe2\x80\x98Eigen::AlignedBit\xe2\x80\x99 is deprecated [-Wdeprecated-declarations]\n'}
[10.325978] (orbslam3) StderrLine: {'line': b'   59 |       typedef Eigen::Map<Matrix<double, Di, Dj>, Matrix<double, Di, Dj>::Flags & AlignedBit ? Aligned : Unaligned > HessianBlockType;\n'}
[10.326064] (orbslam3) StderrLine: {'line': b'      |                                                                          ~~~~~~^~~~~~~~~~~~\n'}
[10.326167] (orbslam3) StderrLine: {'line': b'In file included from /usr/include/eigen3/Eigen/Core:161,\n'}
[10.326258] (orbslam3) StderrLine: {'line': b'                 from /usr/include/eigen3/Eigen/LU:11,\n'}
[10.326344] (orbslam3) StderrLine: {'line': b'                 from /home/romi/fawad/ORB_SLAM3/Thirdparty/Sophus/sophus/so2.hpp:12,\n'}
[10.326433] (orbslam3) StderrLine: {'line': b'                 from /home/romi/fawad/ORB_SLAM3/Thirdparty/Sophus/sophus/se2.hpp:7,\n'}
[10.326523] (orbslam3) StderrLine: {'line': b'                 from /home/romi/fawad/ORB_SLAM3/Thirdparty/Sophus/sophus/geometry.hpp:7,\n'}
[10.326613] (orbslam3) StderrLine: {'line': b'                 from /home/romi/fawad/ORB_SLAM3/include/Frame.h:28,\n'}
[10.326698] (orbslam3) StderrLine: {'line': b'                 from /home/romi/fawad/ORB_SLAM3/include/KeyFrame.h:28,\n'}
[10.326785] (orbslam3) StderrLine: {'line': b'                 from /home/romi/fawad/ORB_SLAM3/include/MapPoint.h:23,\n'}
[10.326870] (orbslam3) StderrLine: {'line': b'                 from /home/romi/fawad/ORB_SLAM3/include/FrameDrawer.h:24,\n'}
[10.326957] (orbslam3) StderrLine: {'line': b'                 from /home/romi/fawad/ORB_SLAM3/include/Viewer.h:23,\n'}
[10.327042] (orbslam3) StderrLine: {'line': b'                 from /home/romi/fawad/ORB_SLAM3/include/Tracking.h:26,\n'}
[10.327143] (orbslam3) StderrLine: {'line': b'                 from /home/romi/fawad/ORB_SLAM3/include/System.h:31,\n'}
[10.327238] (orbslam3) StderrLine: {'line': b'                 from /home/romi/fawad/ros2_ws/src/ORB_SLAM3_ROS2/src/monocular/monocular-slam-node.hpp:9,\n'}
[10.327324] (orbslam3) StderrLine: {'line': b'                 from /home/romi/fawad/ros2_ws/src/ORB_SLAM3_ROS2/src/monocular/monocular-slam-node.cpp:1:\n'}
[10.327425] (orbslam3) StderrLine: {'line': b'/usr/include/eigen3/Eigen/src/Core/util/Constants.h:167:37: note: declared here\n'}
[10.327507] (orbslam3) StderrLine: {'line': b'  167 | EIGEN_DEPRECATED const unsigned int AlignedBit = 0x80;\n'}
[10.327596] (orbslam3) StderrLine: {'line': b'      |                                     ^~~~~~~~~~\n'}
[10.327686] (orbslam3) StderrLine: {'line': b'In file included from /home/romi/fawad/ORB_SLAM3/Thirdparty/g2o/g2o/types/types_six_dof_expmap.h:38,\n'}
[10.327777] (orbslam3) StderrLine: {'line': b'                 from /home/romi/fawad/ORB_SLAM3/include/Converter.h:26,\n'}
[10.327873] (orbslam3) StderrLine: {'line': b'                 from /home/romi/fawad/ORB_SLAM3/include/Frame.h:33,\n'}
[10.327964] (orbslam3) StderrLine: {'line': b'                 from /home/romi/fawad/ORB_SLAM3/include/KeyFrame.h:28,\n'}
[10.328052] (orbslam3) StderrLine: {'line': b'                 from /home/romi/fawad/ORB_SLAM3/include/MapPoint.h:23,\n'}
[10.328157] (orbslam3) StderrLine: {'line': b'                 from /home/romi/fawad/ORB_SLAM3/include/FrameDrawer.h:24,\n'}
[10.328251] (orbslam3) StderrLine: {'line': b'                 from /home/romi/fawad/ORB_SLAM3/include/Viewer.h:23,\n'}
[10.328342] (orbslam3) StderrLine: {'line': b'                 from /home/romi/fawad/ORB_SLAM3/include/Tracking.h:26,\n'}
[10.328429] (orbslam3) StderrLine: {'line': b'                 from /home/romi/fawad/ORB_SLAM3/include/System.h:31,\n'}
[10.328516] (orbslam3) StderrLine: {'line': b'                 from /home/romi/fawad/ros2_ws/src/ORB_SLAM3_ROS2/src/monocular/monocular-slam-node.hpp:9,\n'}
[10.328624] (orbslam3) StderrLine: {'line': b'                 from /home/romi/fawad/ros2_ws/src/ORB_SLAM3_ROS2/src/monocular/monocular-slam-node.cpp:1:\n'}
[10.328716] (orbslam3) StderrLine: {'line': b'/home/romi/fawad/ORB_SLAM3/Thirdparty/g2o/g2o/types/../core/base_binary_edge.h:60:80: warning: \xe2\x80\x98Eigen::AlignedBit\xe2\x80\x99 is deprecated [-Wdeprecated-declarations]\n'}
[10.328803] (orbslam3) StderrLine: {'line': b'   60 |       typedef Eigen::Map<Matrix<double, Dj, Di>, Matrix<double, Dj, Di>::Flags & AlignedBit ? Aligned : Unaligned > HessianBlockTransposedType;\n'}
[10.328877] (orbslam3) StderrLine: {'line': b'      |                                                                          ~~~~~~^~~~~~~~~~~~\n'}
[10.328951] (orbslam3) StderrLine: {'line': b'In file included from /usr/include/eigen3/Eigen/Core:161,\n'}
[10.329036] (orbslam3) StderrLine: {'line': b'                 from /usr/include/eigen3/Eigen/LU:11,\n'}
[10.329131] (orbslam3) StderrLine: {'line': b'                 from /home/romi/fawad/ORB_SLAM3/Thirdparty/Sophus/sophus/so2.hpp:12,\n'}
[10.329227] (orbslam3) StderrLine: {'line': b'                 from /home/romi/fawad/ORB_SLAM3/Thirdparty/Sophus/sophus/se2.hpp:7,\n'}
[10.329313] (orbslam3) StderrLine: {'line': b'                 from /home/romi/fawad/ORB_SLAM3/Thirdparty/Sophus/sophus/geometry.hpp:7,\n'}
[10.329383] (orbslam3) StderrLine: {'line': b'                 from /home/romi/fawad/ORB_SLAM3/include/Frame.h:28,\n'}
[10.329447] (orbslam3) StderrLine: {'line': b'                 from /home/romi/fawad/ORB_SLAM3/include/KeyFrame.h:28,\n'}
[10.329512] (orbslam3) StderrLine: {'line': b'                 from /home/romi/fawad/ORB_SLAM3/include/MapPoint.h:23,\n'}
[10.329579] (orbslam3) StderrLine: {'line': b'                 from /home/romi/fawad/ORB_SLAM3/include/FrameDrawer.h:24,\n'}
[10.329645] (orbslam3) StderrLine: {'line': b'                 from /home/romi/fawad/ORB_SLAM3/include/Viewer.h:23,\n'}
[10.329713] (orbslam3) StderrLine: {'line': b'                 from /home/romi/fawad/ORB_SLAM3/include/Tracking.h:26,\n'}
[10.329784] (orbslam3) StderrLine: {'line': b'                 from /home/romi/fawad/ORB_SLAM3/include/System.h:31,\n'}
[10.329863] (orbslam3) StderrLine: {'line': b'                 from /home/romi/fawad/ros2_ws/src/ORB_SLAM3_ROS2/src/monocular/monocular-slam-node.hpp:9,\n'}
[10.329935] (orbslam3) StderrLine: {'line': b'                 from /home/romi/fawad/ros2_ws/src/ORB_SLAM3_ROS2/src/monocular/monocular-slam-node.cpp:1:\n'}
[10.330006] (orbslam3) StderrLine: {'line': b'/usr/include/eigen3/Eigen/src/Core/util/Constants.h:167:37: note: declared here\n'}
[10.330083] (orbslam3) StderrLine: {'line': b'  167 | EIGEN_DEPRECATED const unsigned int AlignedBit = 0x80;\n'}
[10.330175] (orbslam3) StderrLine: {'line': b'      |                                     ^~~~~~~~~~\n'}
[10.343173] (-) TimerEvent: {}
[10.349895] (orbslam3) StderrLine: {'line': b'In file included from /home/romi/fawad/ORB_SLAM3/Thirdparty/g2o/g2o/types/types_six_dof_expmap.h:38,\n'}
[10.350140] (orbslam3) StderrLine: {'line': b'                 from /home/romi/fawad/ORB_SLAM3/include/Converter.h:26,\n'}
[10.350253] (orbslam3) StderrLine: {'line': b'                 from /home/romi/fawad/ORB_SLAM3/include/Frame.h:33,\n'}
[10.350341] (orbslam3) StderrLine: {'line': b'                 from /home/romi/fawad/ORB_SLAM3/include/KeyFrame.h:28,\n'}
[10.350489] (orbslam3) StderrLine: {'line': b'                 from /home/romi/fawad/ORB_SLAM3/include/MapPoint.h:23,\n'}
[10.350578] (orbslam3) StderrLine: {'line': b'                 from /home/romi/fawad/ORB_SLAM3/include/FrameDrawer.h:24,\n'}
[10.350664] (orbslam3) StderrLine: {'line': b'                 from /home/romi/fawad/ORB_SLAM3/include/Viewer.h:23,\n'}
[10.350749] (orbslam3) StderrLine: {'line': b'                 from /home/romi/fawad/ORB_SLAM3/include/Tracking.h:26,\n'}
[10.350835] (orbslam3) StderrLine: {'line': b'                 from /home/romi/fawad/ORB_SLAM3/include/System.h:31,\n'}
[10.350936] (orbslam3) StderrLine: {'line': b'                 from /home/romi/fawad/ros2_ws/src/ORB_SLAM3_ROS2/src/rgbd/rgbd-slam-node.hpp:18,\n'}
[10.351010] (orbslam3) StderrLine: {'line': b'                 from /home/romi/fawad/ros2_ws/src/ORB_SLAM3_ROS2/src/rgbd/rgbd-slam-node.cpp:1:\n'}
[10.351084] (orbslam3) StderrLine: {'line': b'/home/romi/fawad/ORB_SLAM3/Thirdparty/g2o/g2o/types/../core/base_binary_edge.h: In instantiation of \xe2\x80\x98class g2o::BaseBinaryEdge<3, Eigen::Matrix<double, 3, 1>, g2o::VertexSBAPointXYZ, g2o::VertexSE3Expmap>\xe2\x80\x99:\n'}
[10.351187] (orbslam3) StderrLine: {'line': b'/home/romi/fawad/ORB_SLAM3/Thirdparty/g2o/g2o/types/types_six_dof_expmap.h:146:41:   required from here\n'}
[10.351274] (orbslam3) StderrLine: {'line': b'/home/romi/fawad/ORB_SLAM3/Thirdparty/g2o/g2o/types/../core/base_binary_edge.h:59:80: warning: \xe2\x80\x98Eigen::AlignedBit\xe2\x80\x99 is deprecated [-Wdeprecated-declarations]\n'}
[10.351373] (orbslam3) StderrLine: {'line': b'   59 |       typedef Eigen::Map<Matrix<double, Di, Dj>, Matrix<double, Di, Dj>::Flags & AlignedBit ? Aligned : Unaligned > HessianBlockType;\n'}
[10.351677] (orbslam3) StderrLine: {'line': b'      |                                                                          ~~~~~~^~~~~~~~~~~~\n'}
[10.351791] (orbslam3) StderrLine: {'line': b'In file included from /usr/include/eigen3/Eigen/Core:161,\n'}
[10.351883] (orbslam3) StderrLine: {'line': b'                 from /usr/include/eigen3/Eigen/LU:11,\n'}
[10.351965] (orbslam3) StderrLine: {'line': b'                 from /home/romi/fawad/ORB_SLAM3/Thirdparty/Sophus/sophus/so2.hpp:12,\n'}
[10.352054] (orbslam3) StderrLine: {'line': b'                 from /home/romi/fawad/ORB_SLAM3/Thirdparty/Sophus/sophus/se2.hpp:7,\n'}
[10.352150] (orbslam3) StderrLine: {'line': b'                 from /home/romi/fawad/ORB_SLAM3/Thirdparty/Sophus/sophus/geometry.hpp:7,\n'}
[10.352245] (orbslam3) StderrLine: {'line': b'                 from /home/romi/fawad/ORB_SLAM3/include/Frame.h:28,\n'}
[10.352336] (orbslam3) StderrLine: {'line': b'                 from /home/romi/fawad/ORB_SLAM3/include/KeyFrame.h:28,\n'}
[10.352423] (orbslam3) StderrLine: {'line': b'                 from /home/romi/fawad/ORB_SLAM3/include/MapPoint.h:23,\n'}
[10.352510] (orbslam3) StderrLine: {'line': b'                 from /home/romi/fawad/ORB_SLAM3/include/FrameDrawer.h:24,\n'}
[10.352599] (orbslam3) StderrLine: {'line': b'                 from /home/romi/fawad/ORB_SLAM3/include/Viewer.h:23,\n'}
[10.352700] (orbslam3) StderrLine: {'line': b'                 from /home/romi/fawad/ORB_SLAM3/include/Tracking.h:26,\n'}
[10.352791] (orbslam3) StderrLine: {'line': b'                 from /home/romi/fawad/ORB_SLAM3/include/System.h:31,\n'}
[10.352867] (orbslam3) StderrLine: {'line': b'                 from /home/romi/fawad/ros2_ws/src/ORB_SLAM3_ROS2/src/rgbd/rgbd-slam-node.hpp:18,\n'}
[10.352942] (orbslam3) StderrLine: {'line': b'                 from /home/romi/fawad/ros2_ws/src/ORB_SLAM3_ROS2/src/rgbd/rgbd-slam-node.cpp:1:\n'}
[10.353023] (orbslam3) StderrLine: {'line': b'/usr/include/eigen3/Eigen/src/Core/util/Constants.h:167:37: note: declared here\n'}
[10.353112] (orbslam3) StderrLine: {'line': b'  167 | EIGEN_DEPRECATED const unsigned int AlignedBit = 0x80;\n'}
[10.353213] (orbslam3) StderrLine: {'line': b'      |                                     ^~~~~~~~~~\n'}
[10.353301] (orbslam3) StderrLine: {'line': b'In file included from /home/romi/fawad/ORB_SLAM3/Thirdparty/g2o/g2o/types/types_six_dof_expmap.h:38,\n'}
[10.353392] (orbslam3) StderrLine: {'line': b'                 from /home/romi/fawad/ORB_SLAM3/include/Converter.h:26,\n'}
[10.353478] (orbslam3) StderrLine: {'line': b'                 from /home/romi/fawad/ORB_SLAM3/include/Frame.h:33,\n'}
[10.353593] (orbslam3) StderrLine: {'line': b'                 from /home/romi/fawad/ORB_SLAM3/include/KeyFrame.h:28,\n'}
[10.353683] (orbslam3) StderrLine: {'line': b'                 from /home/romi/fawad/ORB_SLAM3/include/MapPoint.h:23,\n'}
[10.353772] (orbslam3) StderrLine: {'line': b'                 from /home/romi/fawad/ORB_SLAM3/include/FrameDrawer.h:24,\n'}
[10.353870] (orbslam3) StderrLine: {'line': b'                 from /home/romi/fawad/ORB_SLAM3/include/Viewer.h:23,\n'}
[10.353959] (orbslam3) StderrLine: {'line': b'                 from /home/romi/fawad/ORB_SLAM3/include/Tracking.h:26,\n'}
[10.354045] (orbslam3) StderrLine: {'line': b'                 from /home/romi/fawad/ORB_SLAM3/include/System.h:31,\n'}
[10.354146] (orbslam3) StderrLine: {'line': b'                 from /home/romi/fawad/ros2_ws/src/ORB_SLAM3_ROS2/src/rgbd/rgbd-slam-node.hpp:18,\n'}
[10.354240] (orbslam3) StderrLine: {'line': b'                 from /home/romi/fawad/ros2_ws/src/ORB_SLAM3_ROS2/src/rgbd/rgbd-slam-node.cpp:1:\n'}
[10.354328] (orbslam3) StderrLine: {'line': b'/home/romi/fawad/ORB_SLAM3/Thirdparty/g2o/g2o/types/../core/base_binary_edge.h:60:80: warning: \xe2\x80\x98Eigen::AlignedBit\xe2\x80\x99 is deprecated [-Wdeprecated-declarations]\n'}
[10.354416] (orbslam3) StderrLine: {'line': b'   60 |       typedef Eigen::Map<Matrix<double, Dj, Di>, Matrix<double, Dj, Di>::Flags & AlignedBit ? Aligned : Unaligned > HessianBlockTransposedType;\n'}
[10.354501] (orbslam3) StderrLine: {'line': b'      |                                                                          ~~~~~~^~~~~~~~~~~~\n'}
[10.354586] (orbslam3) StderrLine: {'line': b'In file included from /usr/include/eigen3/Eigen/Core:161,\n'}
[10.354748] (orbslam3) StderrLine: {'line': b'                 from /usr/include/eigen3/Eigen/LU:11,\n'}
[10.354839] (orbslam3) StderrLine: {'line': b'                 from /home/romi/fawad/ORB_SLAM3/Thirdparty/Sophus/sophus/so2.hpp:12,\n'}
[10.354926] (orbslam3) StderrLine: {'line': b'                 from /home/romi/fawad/ORB_SLAM3/Thirdparty/Sophus/sophus/se2.hpp:7,\n'}
[10.355007] (orbslam3) StderrLine: {'line': b'                 from /home/romi/fawad/ORB_SLAM3/Thirdparty/Sophus/sophus/geometry.hpp:7,\n'}
[10.355092] (orbslam3) StderrLine: {'line': b'                 from /home/romi/fawad/ORB_SLAM3/include/Frame.h:28,\n'}
[10.355203] (orbslam3) StderrLine: {'line': b'                 from /home/romi/fawad/ORB_SLAM3/include/KeyFrame.h:28,\n'}
[10.355288] (orbslam3) StderrLine: {'line': b'                 from /home/romi/fawad/ORB_SLAM3/include/MapPoint.h:23,\n'}
[10.355370] (orbslam3) StderrLine: {'line': b'                 from /home/romi/fawad/ORB_SLAM3/include/FrameDrawer.h:24,\n'}
[10.355508] (orbslam3) StderrLine: {'line': b'                 from /home/romi/fawad/ORB_SLAM3/include/Viewer.h:23,\n'}
[10.355597] (orbslam3) StderrLine: {'line': b'                 from /home/romi/fawad/ORB_SLAM3/include/Tracking.h:26,\n'}
[10.355695] (orbslam3) StderrLine: {'line': b'                 from /home/romi/fawad/ORB_SLAM3/include/System.h:31,\n'}
[10.355772] (orbslam3) StderrLine: {'line': b'                 from /home/romi/fawad/ros2_ws/src/ORB_SLAM3_ROS2/src/rgbd/rgbd-slam-node.hpp:18,\n'}
[10.355845] (orbslam3) StderrLine: {'line': b'                 from /home/romi/fawad/ros2_ws/src/ORB_SLAM3_ROS2/src/rgbd/rgbd-slam-node.cpp:1:\n'}
[10.355920] (orbslam3) StderrLine: {'line': b'/usr/include/eigen3/Eigen/src/Core/util/Constants.h:167:37: note: declared here\n'}
[10.356001] (orbslam3) StderrLine: {'line': b'  167 | EIGEN_DEPRECATED const unsigned int AlignedBit = 0x80;\n'}
[10.356087] (orbslam3) StderrLine: {'line': b'      |                                     ^~~~~~~~~~\n'}
[10.363236] (orbslam3) StderrLine: {'line': b'In file included from /home/romi/fawad/ORB_SLAM3/Thirdparty/g2o/g2o/types/types_six_dof_expmap.h:38,\n'}
[10.363593] (orbslam3) StderrLine: {'line': b'                 from /home/romi/fawad/ORB_SLAM3/include/Converter.h:26,\n'}
[10.363694] (orbslam3) StderrLine: {'line': b'                 from /home/romi/fawad/ORB_SLAM3/include/Frame.h:33,\n'}
[10.363769] (orbslam3) StderrLine: {'line': b'                 from /home/romi/fawad/ORB_SLAM3/include/KeyFrame.h:28,\n'}
[10.363851] (orbslam3) StderrLine: {'line': b'                 from /home/romi/fawad/ORB_SLAM3/include/MapPoint.h:23,\n'}
[10.363945] (orbslam3) StderrLine: {'line': b'                 from /home/romi/fawad/ORB_SLAM3/include/FrameDrawer.h:24,\n'}
[10.364024] (orbslam3) StderrLine: {'line': b'                 from /home/romi/fawad/ORB_SLAM3/include/Viewer.h:23,\n'}
[10.364118] (orbslam3) StderrLine: {'line': b'                 from /home/romi/fawad/ORB_SLAM3/include/Tracking.h:26,\n'}
[10.364202] (orbslam3) StderrLine: {'line': b'                 from /home/romi/fawad/ORB_SLAM3/include/System.h:31,\n'}
[10.364284] (orbslam3) StderrLine: {'line': b'                 from /home/romi/fawad/ros2_ws/src/ORB_SLAM3_ROS2/src/stereo-inertial/stereo-inertial-node.hpp:10,\n'}
[10.364369] (orbslam3) StderrLine: {'line': b'                 from /home/romi/fawad/ros2_ws/src/ORB_SLAM3_ROS2/src/stereo-inertial/stereo-inertial.cpp:7:\n'}
[10.364454] (orbslam3) StderrLine: {'line': b'/home/romi/fawad/ORB_SLAM3/Thirdparty/g2o/g2o/types/../core/base_binary_edge.h: In instantiation of \xe2\x80\x98class g2o::BaseBinaryEdge<2, Eigen::Matrix<double, 2, 1>, g2o::VertexSBAPointXYZ, g2o::VertexSim3Expmap>\xe2\x80\x99:\n'}
[10.364561] (orbslam3) StderrLine: {'line': b'/home/romi/fawad/ORB_SLAM3/Thirdparty/g2o/g2o/types/types_seven_dof_expmap.h:130:36:   required from here\n'}
[10.364635] (orbslam3) StderrLine: {'line': b'/home/romi/fawad/ORB_SLAM3/Thirdparty/g2o/g2o/types/../core/base_binary_edge.h:59:80: warning: \xe2\x80\x98Eigen::AlignedBit\xe2\x80\x99 is deprecated [-Wdeprecated-declarations]\n'}
[10.364703] (orbslam3) StderrLine: {'line': b'   59 |       typedef Eigen::Map<Matrix<double, Di, Dj>, Matrix<double, Di, Dj>::Flags & AlignedBit ? Aligned : Unaligned > HessianBlockType;\n'}
[10.364785] (orbslam3) StderrLine: {'line': b'      |                                                                          ~~~~~~^~~~~~~~~~~~\n'}
[10.364855] (orbslam3) StderrLine: {'line': b'In file included from /usr/include/eigen3/Eigen/Core:161,\n'}
[10.364922] (orbslam3) StderrLine: {'line': b'                 from /usr/include/eigen3/Eigen/LU:11,\n'}
[10.364996] (orbslam3) StderrLine: {'line': b'                 from /home/romi/fawad/ORB_SLAM3/Thirdparty/Sophus/sophus/so2.hpp:12,\n'}
[10.365067] (orbslam3) StderrLine: {'line': b'                 from /home/romi/fawad/ORB_SLAM3/Thirdparty/Sophus/sophus/se2.hpp:7,\n'}
[10.365152] (orbslam3) StderrLine: {'line': b'                 from /home/romi/fawad/ORB_SLAM3/Thirdparty/Sophus/sophus/geometry.hpp:7,\n'}
[10.365223] (orbslam3) StderrLine: {'line': b'                 from /home/romi/fawad/ORB_SLAM3/include/Frame.h:28,\n'}
[10.365291] (orbslam3) StderrLine: {'line': b'                 from /home/romi/fawad/ORB_SLAM3/include/KeyFrame.h:28,\n'}
[10.365368] (orbslam3) StderrLine: {'line': b'                 from /home/romi/fawad/ORB_SLAM3/include/MapPoint.h:23,\n'}
[10.365448] (orbslam3) StderrLine: {'line': b'                 from /home/romi/fawad/ORB_SLAM3/include/FrameDrawer.h:24,\n'}
[10.365519] (orbslam3) StderrLine: {'line': b'                 from /home/romi/fawad/ORB_SLAM3/include/Viewer.h:23,\n'}
[10.365595] (orbslam3) StderrLine: {'line': b'                 from /home/romi/fawad/ORB_SLAM3/include/Tracking.h:26,\n'}
[10.365666] (orbslam3) StderrLine: {'line': b'                 from /home/romi/fawad/ORB_SLAM3/include/System.h:31,\n'}
[10.365747] (orbslam3) StderrLine: {'line': b'                 from /home/romi/fawad/ros2_ws/src/ORB_SLAM3_ROS2/src/stereo-inertial/stereo-inertial-node.hpp:10,\n'}
[10.365818] (orbslam3) StderrLine: {'line': b'                 from /home/romi/fawad/ros2_ws/src/ORB_SLAM3_ROS2/src/stereo-inertial/stereo-inertial.cpp:7:\n'}
[10.365897] (orbslam3) StderrLine: {'line': b'/usr/include/eigen3/Eigen/src/Core/util/Constants.h:167:37: note: declared here\n'}
[10.365982] (orbslam3) StderrLine: {'line': b'  167 | EIGEN_DEPRECATED const unsigned int AlignedBit = 0x80;\n'}
[10.366055] (orbslam3) StderrLine: {'line': b'      |                                     ^~~~~~~~~~\n'}
[10.391201] (orbslam3) StderrLine: {'line': b'In file included from /home/romi/fawad/ORB_SLAM3/Thirdparty/g2o/g2o/types/types_six_dof_expmap.h:38,\n'}
[10.391441] (orbslam3) StderrLine: {'line': b'                 from /home/romi/fawad/ORB_SLAM3/include/Converter.h:26,\n'}
[10.391547] (orbslam3) StderrLine: {'line': b'                 from /home/romi/fawad/ORB_SLAM3/include/Frame.h:33,\n'}
[10.391634] (orbslam3) StderrLine: {'line': b'                 from /home/romi/fawad/ORB_SLAM3/include/KeyFrame.h:28,\n'}
[10.391725] (orbslam3) StderrLine: {'line': b'                 from /home/romi/fawad/ORB_SLAM3/include/MapPoint.h:23,\n'}
[10.391812] (orbslam3) StderrLine: {'line': b'                 from /home/romi/fawad/ORB_SLAM3/include/FrameDrawer.h:24,\n'}
[10.391895] (orbslam3) StderrLine: {'line': b'                 from /home/romi/fawad/ORB_SLAM3/include/Viewer.h:23,\n'}
[10.391978] (orbslam3) StderrLine: {'line': b'                 from /home/romi/fawad/ORB_SLAM3/include/Tracking.h:26,\n'}
[10.392061] (orbslam3) StderrLine: {'line': b'                 from /home/romi/fawad/ORB_SLAM3/include/System.h:31,\n'}
[10.392159] (orbslam3) StderrLine: {'line': b'                 from /home/romi/fawad/ros2_ws/src/ORB_SLAM3_ROS2/src/stereo-inertial/stereo-inertial-node.hpp:10,\n'}
[10.392366] (orbslam3) StderrLine: {'line': b'                 from /home/romi/fawad/ros2_ws/src/ORB_SLAM3_ROS2/src/stereo-inertial/stereo-inertial.cpp:7:\n'}
[10.392460] (orbslam3) StderrLine: {'line': b'/home/romi/fawad/ORB_SLAM3/Thirdparty/g2o/g2o/types/../core/base_binary_edge.h:60:80: warning: \xe2\x80\x98Eigen::AlignedBit\xe2\x80\x99 is deprecated [-Wdeprecated-declarations]\n'}
[10.392549] (orbslam3) StderrLine: {'line': b'   60 |       typedef Eigen::Map<Matrix<double, Dj, Di>, Matrix<double, Dj, Di>::Flags & AlignedBit ? Aligned : Unaligned > HessianBlockTransposedType;\n'}
[10.392646] (orbslam3) StderrLine: {'line': b'      |                                                                          ~~~~~~^~~~~~~~~~~~\n'}
[10.392733] (orbslam3) StderrLine: {'line': b'In file included from /usr/include/eigen3/Eigen/Core:161,\n'}
[10.392818] (orbslam3) StderrLine: {'line': b'                 from /usr/include/eigen3/Eigen/LU:11,\n'}
[10.392901] (orbslam3) StderrLine: {'line': b'                 from /home/romi/fawad/ORB_SLAM3/Thirdparty/Sophus/sophus/so2.hpp:12,\n'}
[10.392986] (orbslam3) StderrLine: {'line': b'                 from /home/romi/fawad/ORB_SLAM3/Thirdparty/Sophus/sophus/se2.hpp:7,\n'}
[10.393071] (orbslam3) StderrLine: {'line': b'                 from /home/romi/fawad/ORB_SLAM3/Thirdparty/Sophus/sophus/geometry.hpp:7,\n'}
[10.393169] (orbslam3) StderrLine: {'line': b'                 from /home/romi/fawad/ORB_SLAM3/include/Frame.h:28,\n'}
[10.393256] (orbslam3) StderrLine: {'line': b'                 from /home/romi/fawad/ORB_SLAM3/include/KeyFrame.h:28,\n'}
[10.393341] (orbslam3) StderrLine: {'line': b'                 from /home/romi/fawad/ORB_SLAM3/include/MapPoint.h:23,\n'}
[10.393423] (orbslam3) StderrLine: {'line': b'                 from /home/romi/fawad/ORB_SLAM3/include/FrameDrawer.h:24,\n'}
[10.393506] (orbslam3) StderrLine: {'line': b'                 from /home/romi/fawad/ORB_SLAM3/include/Viewer.h:23,\n'}
[10.393587] (orbslam3) StderrLine: {'line': b'                 from /home/romi/fawad/ORB_SLAM3/include/Tracking.h:26,\n'}
[10.393671] (orbslam3) StderrLine: {'line': b'                 from /home/romi/fawad/ORB_SLAM3/include/System.h:31,\n'}
[10.393762] (orbslam3) StderrLine: {'line': b'                 from /home/romi/fawad/ros2_ws/src/ORB_SLAM3_ROS2/src/stereo-inertial/stereo-inertial-node.hpp:10,\n'}
[10.393847] (orbslam3) StderrLine: {'line': b'                 from /home/romi/fawad/ros2_ws/src/ORB_SLAM3_ROS2/src/stereo-inertial/stereo-inertial.cpp:7:\n'}
[10.393931] (orbslam3) StderrLine: {'line': b'/usr/include/eigen3/Eigen/src/Core/util/Constants.h:167:37: note: declared here\n'}
[10.394013] (orbslam3) StderrLine: {'line': b'  167 | EIGEN_DEPRECATED const unsigned int AlignedBit = 0x80;\n'}
[10.394103] (orbslam3) StderrLine: {'line': b'      |                                     ^~~~~~~~~~\n'}
[10.396047] (orbslam3) StderrLine: {'line': b'In file included from /home/romi/fawad/ORB_SLAM3/Thirdparty/g2o/g2o/types/types_six_dof_expmap.h:38,\n'}
[10.396267] (orbslam3) StderrLine: {'line': b'                 from /home/romi/fawad/ORB_SLAM3/include/Converter.h:26,\n'}
[10.396577] (orbslam3) StderrLine: {'line': b'                 from /home/romi/fawad/ORB_SLAM3/include/Frame.h:33,\n'}
[10.396680] (orbslam3) StderrLine: {'line': b'                 from /home/romi/fawad/ORB_SLAM3/include/KeyFrame.h:28,\n'}
[10.396769] (orbslam3) StderrLine: {'line': b'                 from /home/romi/fawad/ORB_SLAM3/include/MapPoint.h:23,\n'}
[10.396854] (orbslam3) StderrLine: {'line': b'                 from /home/romi/fawad/ORB_SLAM3/include/FrameDrawer.h:24,\n'}
[10.396944] (orbslam3) StderrLine: {'line': b'                 from /home/romi/fawad/ORB_SLAM3/include/Viewer.h:23,\n'}
[10.397026] (orbslam3) StderrLine: {'line': b'                 from /home/romi/fawad/ORB_SLAM3/include/Tracking.h:26,\n'}
[10.397134] (orbslam3) StderrLine: {'line': b'                 from /home/romi/fawad/ORB_SLAM3/include/System.h:31,\n'}
[10.397225] (orbslam3) StderrLine: {'line': b'                 from /home/romi/fawad/ros2_ws/src/ORB_SLAM3_ROS2/src/monocular/monocular-slam-node.hpp:9,\n'}
[10.397306] (orbslam3) StderrLine: {'line': b'                 from /home/romi/fawad/ros2_ws/src/ORB_SLAM3_ROS2/src/monocular/monocular-slam-node.cpp:1:\n'}
[10.397402] (orbslam3) StderrLine: {'line': b'/home/romi/fawad/ORB_SLAM3/Thirdparty/g2o/g2o/types/../core/base_binary_edge.h: In instantiation of \xe2\x80\x98class g2o::BaseBinaryEdge<2, Eigen::Matrix<double, 2, 1>, g2o::VertexSBAPointXYZ, g2o::VertexSim3Expmap>\xe2\x80\x99:\n'}
[10.397554] (orbslam3) StderrLine: {'line': b'/home/romi/fawad/ORB_SLAM3/Thirdparty/g2o/g2o/types/types_seven_dof_expmap.h:130:36:   required from here\n'}
[10.397677] (orbslam3) StderrLine: {'line': b'/home/romi/fawad/ORB_SLAM3/Thirdparty/g2o/g2o/types/../core/base_binary_edge.h:59:80: warning: \xe2\x80\x98Eigen::AlignedBit\xe2\x80\x99 is deprecated [-Wdeprecated-declarations]\n'}
[10.397774] (orbslam3) StderrLine: {'line': b'   59 |       typedef Eigen::Map<Matrix<double, Di, Dj>, Matrix<double, Di, Dj>::Flags & AlignedBit ? Aligned : Unaligned > HessianBlockType;\n'}
[10.397857] (orbslam3) StderrLine: {'line': b'      |                                                                          ~~~~~~^~~~~~~~~~~~\n'}
[10.397939] (orbslam3) StderrLine: {'line': b'In file included from /usr/include/eigen3/Eigen/Core:161,\n'}
[10.398020] (orbslam3) StderrLine: {'line': b'                 from /usr/include/eigen3/Eigen/LU:11,\n'}
[10.398109] (orbslam3) StderrLine: {'line': b'                 from /home/romi/fawad/ORB_SLAM3/Thirdparty/Sophus/sophus/so2.hpp:12,\n'}
[10.398200] (orbslam3) StderrLine: {'line': b'                 from /home/romi/fawad/ORB_SLAM3/Thirdparty/Sophus/sophus/se2.hpp:7,\n'}
[10.398282] (orbslam3) StderrLine: {'line': b'                 from /home/romi/fawad/ORB_SLAM3/Thirdparty/Sophus/sophus/geometry.hpp:7,\n'}
[10.398364] (orbslam3) StderrLine: {'line': b'                 from /home/romi/fawad/ORB_SLAM3/include/Frame.h:28,\n'}
[10.398445] (orbslam3) StderrLine: {'line': b'                 from /home/romi/fawad/ORB_SLAM3/include/KeyFrame.h:28,\n'}
[10.398524] (orbslam3) StderrLine: {'line': b'                 from /home/romi/fawad/ORB_SLAM3/include/MapPoint.h:23,\n'}
[10.398602] (orbslam3) StderrLine: {'line': b'                 from /home/romi/fawad/ORB_SLAM3/include/FrameDrawer.h:24,\n'}
[10.398685] (orbslam3) StderrLine: {'line': b'                 from /home/romi/fawad/ORB_SLAM3/include/Viewer.h:23,\n'}
[10.398821] (orbslam3) StderrLine: {'line': b'                 from /home/romi/fawad/ORB_SLAM3/include/Tracking.h:26,\n'}
[10.398903] (orbslam3) StderrLine: {'line': b'                 from /home/romi/fawad/ORB_SLAM3/include/System.h:31,\n'}
[10.398984] (orbslam3) StderrLine: {'line': b'                 from /home/romi/fawad/ros2_ws/src/ORB_SLAM3_ROS2/src/monocular/monocular-slam-node.hpp:9,\n'}
[10.399065] (orbslam3) StderrLine: {'line': b'                 from /home/romi/fawad/ros2_ws/src/ORB_SLAM3_ROS2/src/monocular/monocular-slam-node.cpp:1:\n'}
[10.399178] (orbslam3) StderrLine: {'line': b'/usr/include/eigen3/Eigen/src/Core/util/Constants.h:167:37: note: declared here\n'}
[10.399261] (orbslam3) StderrLine: {'line': b'  167 | EIGEN_DEPRECATED const unsigned int AlignedBit = 0x80;\n'}
[10.399341] (orbslam3) StderrLine: {'line': b'      |                                     ^~~~~~~~~~\n'}
[10.418142] (orbslam3) StderrLine: {'line': b'In file included from /home/romi/fawad/ORB_SLAM3/Thirdparty/g2o/g2o/types/types_six_dof_expmap.h:38,\n'}
[10.418361] (orbslam3) StderrLine: {'line': b'                 from /home/romi/fawad/ORB_SLAM3/include/Converter.h:26,\n'}
[10.418470] (orbslam3) StderrLine: {'line': b'                 from /home/romi/fawad/ORB_SLAM3/include/Frame.h:33,\n'}
[10.418557] (orbslam3) StderrLine: {'line': b'                 from /home/romi/fawad/ORB_SLAM3/include/KeyFrame.h:28,\n'}
[10.418643] (orbslam3) StderrLine: {'line': b'                 from /home/romi/fawad/ORB_SLAM3/include/MapPoint.h:23,\n'}
[10.418728] (orbslam3) StderrLine: {'line': b'                 from /home/romi/fawad/ORB_SLAM3/include/FrameDrawer.h:24,\n'}
[10.418812] (orbslam3) StderrLine: {'line': b'                 from /home/romi/fawad/ORB_SLAM3/include/Viewer.h:23,\n'}
[10.418898] (orbslam3) StderrLine: {'line': b'                 from /home/romi/fawad/ORB_SLAM3/include/Tracking.h:26,\n'}
[10.418976] (orbslam3) StderrLine: {'line': b'                 from /home/romi/fawad/ORB_SLAM3/include/System.h:31,\n'}
[10.419057] (orbslam3) StderrLine: {'line': b'                 from /home/romi/fawad/ros2_ws/src/ORB_SLAM3_ROS2/src/monocular/monocular-slam-node.hpp:9,\n'}
[10.419173] (orbslam3) StderrLine: {'line': b'                 from /home/romi/fawad/ros2_ws/src/ORB_SLAM3_ROS2/src/monocular/monocular-slam-node.cpp:1:\n'}
[10.419372] (orbslam3) StderrLine: {'line': b'/home/romi/fawad/ORB_SLAM3/Thirdparty/g2o/g2o/types/../core/base_binary_edge.h:60:80: warning: \xe2\x80\x98Eigen::AlignedBit\xe2\x80\x99 is deprecated [-Wdeprecated-declarations]\n'}
[10.419465] (orbslam3) StderrLine: {'line': b'   60 |       typedef Eigen::Map<Matrix<double, Dj, Di>, Matrix<double, Dj, Di>::Flags & AlignedBit ? Aligned : Unaligned > HessianBlockTransposedType;\n'}
[10.419549] (orbslam3) StderrLine: {'line': b'      |                                                                          ~~~~~~^~~~~~~~~~~~\n'}
[10.419617] (orbslam3) StderrLine: {'line': b'In file included from /usr/include/eigen3/Eigen/Core:161,\n'}
[10.419685] (orbslam3) StderrLine: {'line': b'                 from /usr/include/eigen3/Eigen/LU:11,\n'}
[10.419753] (orbslam3) StderrLine: {'line': b'                 from /home/romi/fawad/ORB_SLAM3/Thirdparty/Sophus/sophus/so2.hpp:12,\n'}
[10.419820] (orbslam3) StderrLine: {'line': b'                 from /home/romi/fawad/ORB_SLAM3/Thirdparty/Sophus/sophus/se2.hpp:7,\n'}
[10.419899] (orbslam3) StderrLine: {'line': b'                 from /home/romi/fawad/ORB_SLAM3/Thirdparty/Sophus/sophus/geometry.hpp:7,\n'}
[10.419978] (orbslam3) StderrLine: {'line': b'                 from /home/romi/fawad/ORB_SLAM3/include/Frame.h:28,\n'}
[10.420046] (orbslam3) StderrLine: {'line': b'                 from /home/romi/fawad/ORB_SLAM3/include/KeyFrame.h:28,\n'}
[10.420120] (orbslam3) StderrLine: {'line': b'                 from /home/romi/fawad/ORB_SLAM3/include/MapPoint.h:23,\n'}
[10.420197] (orbslam3) StderrLine: {'line': b'                 from /home/romi/fawad/ORB_SLAM3/include/FrameDrawer.h:24,\n'}
[10.420267] (orbslam3) StderrLine: {'line': b'                 from /home/romi/fawad/ORB_SLAM3/include/Viewer.h:23,\n'}
[10.420347] (orbslam3) StderrLine: {'line': b'                 from /home/romi/fawad/ORB_SLAM3/include/Tracking.h:26,\n'}
[10.420437] (orbslam3) StderrLine: {'line': b'                 from /home/romi/fawad/ORB_SLAM3/include/System.h:31,\n'}
[10.420522] (orbslam3) StderrLine: {'line': b'                 from /home/romi/fawad/ros2_ws/src/ORB_SLAM3_ROS2/src/monocular/monocular-slam-node.hpp:9,\n'}
[10.420612] (orbslam3) StderrLine: {'line': b'                 from /home/romi/fawad/ros2_ws/src/ORB_SLAM3_ROS2/src/monocular/monocular-slam-node.cpp:1:\n'}
[10.420694] (orbslam3) StderrLine: {'line': b'/usr/include/eigen3/Eigen/src/Core/util/Constants.h:167:37: note: declared here\n'}
[10.420777] (orbslam3) StderrLine: {'line': b'  167 | EIGEN_DEPRECATED const unsigned int AlignedBit = 0x80;\n'}
[10.420860] (orbslam3) StderrLine: {'line': b'      |                                     ^~~~~~~~~~\n'}
[10.443281] (-) TimerEvent: {}
[10.543614] (-) TimerEvent: {}
[10.644350] (-) TimerEvent: {}
[10.685398] (orbslam3) StderrLine: {'line': b'In file included from /home/romi/fawad/ORB_SLAM3/include/Atlas.h:26,\n'}
[10.685784] (orbslam3) StderrLine: {'line': b'                 from /home/romi/fawad/ORB_SLAM3/include/FrameDrawer.h:25,\n'}
[10.685997] (orbslam3) StderrLine: {'line': b'                 from /home/romi/fawad/ORB_SLAM3/include/Viewer.h:23,\n'}
[10.686122] (orbslam3) StderrLine: {'line': b'                 from /home/romi/fawad/ORB_SLAM3/include/Tracking.h:26,\n'}
[10.686230] (orbslam3) StderrLine: {'line': b'                 from /home/romi/fawad/ORB_SLAM3/include/System.h:31,\n'}
[10.686323] (orbslam3) StderrLine: {'line': b'                 from /home/romi/fawad/ros2_ws/src/ORB_SLAM3_ROS2/src/stereo/stereo-slam-node.hpp:13,\n'}
[10.686416] (orbslam3) StderrLine: {'line': b'                 from /home/romi/fawad/ros2_ws/src/ORB_SLAM3_ROS2/src/stereo/stereo-slam-node.cpp:1:\n'}
[10.686508] (orbslam3) StderrLine: {'line': b'/home/romi/fawad/ORB_SLAM3/include/CameraModels/Pinhole.h: In member function \xe2\x80\x98virtual bool ORB_SLAM3::Pinhole::matchAndtriangulate(const cv::KeyPoint&, const cv::KeyPoint&, ORB_SLAM3::GeometricCamera*, Sophus::SE3f&, Sophus::SE3f&, float, float, Eigen::Vector3f&)\xe2\x80\x99:\n'}
[10.686597] (orbslam3) StderrLine: {'line': b'/home/romi/fawad/ORB_SLAM3/include/CameraModels/Pinhole.h:83:54: warning: unused parameter \xe2\x80\x98kp1\xe2\x80\x99 [-Wunused-parameter]\n'}
[10.686725] (orbslam3) StderrLine: {'line': b'   83 |         bool matchAndtriangulate(const cv::KeyPoint& kp1, const cv::KeyPoint& kp2, GeometricCamera* pOther,\n'}
[10.686817] (orbslam3) StderrLine: {'line': b'      |                                  ~~~~~~~~~~~~~~~~~~~~^~~\n'}
[10.686905] (orbslam3) StderrLine: {'line': b'/home/romi/fawad/ORB_SLAM3/include/CameraModels/Pinhole.h:83:79: warning: unused parameter \xe2\x80\x98kp2\xe2\x80\x99 [-Wunused-parameter]\n'}
[10.686996] (orbslam3) StderrLine: {'line': b'   83 |         bool matchAndtriangulate(const cv::KeyPoint& kp1, const cv::KeyPoint& kp2, GeometricCamera* pOther,\n'}
[10.687114] (orbslam3) StderrLine: {'line': b'      |                                                           ~~~~~~~~~~~~~~~~~~~~^~~\n'}
[10.687221] (orbslam3) StderrLine: {'line': b'/home/romi/fawad/ORB_SLAM3/include/CameraModels/Pinhole.h:83:101: warning: unused parameter \xe2\x80\x98pOther\xe2\x80\x99 [-Wunused-parameter]\n'}
[10.687301] (orbslam3) StderrLine: {'line': b'   83 |         bool matchAndtriangulate(const cv::KeyPoint& kp1, const cv::KeyPoint& kp2, GeometricCamera* pOther,\n'}
[10.687373] (orbslam3) StderrLine: {'line': b'      |                                                                                    ~~~~~~~~~~~~~~~~~^~~~~~\n'}
[10.687452] (orbslam3) StderrLine: {'line': b'/home/romi/fawad/ORB_SLAM3/include/CameraModels/Pinhole.h:84:48: warning: unused parameter \xe2\x80\x98Tcw1\xe2\x80\x99 [-Wunused-parameter]\n'}
[10.687522] (orbslam3) StderrLine: {'line': b'   84 |                                  Sophus::SE3f& Tcw1, Sophus::SE3f& Tcw2,\n'}
[10.687601] (orbslam3) StderrLine: {'line': b'      |                                  ~~~~~~~~~~~~~~^~~~\n'}
[10.687735] (orbslam3) StderrLine: {'line': b'/home/romi/fawad/ORB_SLAM3/include/CameraModels/Pinhole.h:84:68: warning: unused parameter \xe2\x80\x98Tcw2\xe2\x80\x99 [-Wunused-parameter]\n'}
[10.687814] (orbslam3) StderrLine: {'line': b'   84 |                                  Sophus::SE3f& Tcw1, Sophus::SE3f& Tcw2,\n'}
[10.687897] (orbslam3) StderrLine: {'line': b'      |                                                      ~~~~~~~~~~~~~~^~~~\n'}
[10.687973] (orbslam3) StderrLine: {'line': b'/home/romi/fawad/ORB_SLAM3/include/CameraModels/Pinhole.h:85:46: warning: unused parameter \xe2\x80\x98sigmaLevel1\xe2\x80\x99 [-Wunused-parameter]\n'}
[10.688042] (orbslam3) StderrLine: {'line': b'   85 |                                  const float sigmaLevel1, const float sigmaLevel2,\n'}
[10.688140] (orbslam3) StderrLine: {'line': b'      |                                  ~~~~~~~~~~~~^~~~~~~~~~~\n'}
[10.688231] (orbslam3) StderrLine: {'line': b'/home/romi/fawad/ORB_SLAM3/include/CameraModels/Pinhole.h:85:71: warning: unused parameter \xe2\x80\x98sigmaLevel2\xe2\x80\x99 [-Wunused-parameter]\n'}
[10.688318] (orbslam3) StderrLine: {'line': b'   85 |                                  const float sigmaLevel1, const float sigmaLevel2,\n'}
[10.688405] (orbslam3) StderrLine: {'line': b'      |                                                           ~~~~~~~~~~~~^~~~~~~~~~~\n'}
[10.688496] (orbslam3) StderrLine: {'line': b'/home/romi/fawad/ORB_SLAM3/include/CameraModels/Pinhole.h:86:51: warning: unused parameter \xe2\x80\x98x3Dtriangulated\xe2\x80\x99 [-Wunused-parameter]\n'}
[10.688585] (orbslam3) StderrLine: {'line': b'   86 |                                  Eigen::Vector3f& x3Dtriangulated) { return false;}\n'}
[10.688674] (orbslam3) StderrLine: {'line': b'      |                                  ~~~~~~~~~~~~~~~~~^~~~~~~~~~~~~~~\n'}
[10.688770] (orbslam3) StderrLine: {'line': b'In file included from /home/romi/fawad/ORB_SLAM3/include/Atlas.h:27,\n'}
[10.688860] (orbslam3) StderrLine: {'line': b'                 from /home/romi/fawad/ORB_SLAM3/include/FrameDrawer.h:25,\n'}
[10.688934] (orbslam3) StderrLine: {'line': b'                 from /home/romi/fawad/ORB_SLAM3/include/Viewer.h:23,\n'}
[10.689009] (orbslam3) StderrLine: {'line': b'                 from /home/romi/fawad/ORB_SLAM3/include/Tracking.h:26,\n'}
[10.689079] (orbslam3) StderrLine: {'line': b'                 from /home/romi/fawad/ORB_SLAM3/include/System.h:31,\n'}
[10.689173] (orbslam3) StderrLine: {'line': b'                 from /home/romi/fawad/ros2_ws/src/ORB_SLAM3_ROS2/src/stereo/stereo-slam-node.hpp:13,\n'}
[10.689265] (orbslam3) StderrLine: {'line': b'                 from /home/romi/fawad/ros2_ws/src/ORB_SLAM3_ROS2/src/stereo/stereo-slam-node.cpp:1:\n'}
[10.689344] (orbslam3) StderrLine: {'line': b'/home/romi/fawad/ORB_SLAM3/include/CameraModels/KannalaBrandt8.h: In constructor \xe2\x80\x98ORB_SLAM3::KannalaBrandt8::KannalaBrandt8(std::vector<float>)\xe2\x80\x99:\n'}
[10.689415] (orbslam3) StderrLine: {'line': b'/home/romi/fawad/ORB_SLAM3/include/CameraModels/KannalaBrandt8.h:102:21: warning: \xe2\x80\x98ORB_SLAM3::KannalaBrandt8::precision\xe2\x80\x99 will be initialized after [-Wreorder]\n'}
[10.689490] (orbslam3) StderrLine: {'line': b'  102 |         const float precision;\n'}
[10.689562] (orbslam3) StderrLine: {'line': b'      |                     ^~~~~~~~~\n'}
[10.689647] (orbslam3) StderrLine: {'line': b'/home/romi/fawad/ORB_SLAM3/include/CameraModels/KannalaBrandt8.h:88:26: warning:   \xe2\x80\x98std::vector<int> ORB_SLAM3::KannalaBrandt8::mvLappingArea\xe2\x80\x99 [-Wreorder]\n'}
[10.689736] (orbslam3) StderrLine: {'line': b'   88 |         std::vector<int> mvLappingArea;\n'}
[10.689822] (orbslam3) StderrLine: {'line': b'      |                          ^~~~~~~~~~~~~\n'}
[10.689908] (orbslam3) StderrLine: {'line': b'In file included from /home/romi/fawad/ORB_SLAM3/include/Atlas.h:27,\n'}
[10.689998] (orbslam3) StderrLine: {'line': b'                 from /home/romi/fawad/ORB_SLAM3/include/FrameDrawer.h:25,\n'}
[10.690087] (orbslam3) StderrLine: {'line': b'                 from /home/romi/fawad/ORB_SLAM3/include/Viewer.h:23,\n'}
[10.690193] (orbslam3) StderrLine: {'line': b'                 from /home/romi/fawad/ORB_SLAM3/include/Tracking.h:26,\n'}
[10.690285] (orbslam3) StderrLine: {'line': b'                 from /home/romi/fawad/ORB_SLAM3/include/System.h:31,\n'}
[10.690374] (orbslam3) StderrLine: {'line': b'                 from /home/romi/fawad/ros2_ws/src/ORB_SLAM3_ROS2/src/stereo/stereo-slam-node.hpp:13,\n'}
[10.690473] (orbslam3) StderrLine: {'line': b'                 from /home/romi/fawad/ros2_ws/src/ORB_SLAM3_ROS2/src/stereo/stereo-slam-node.cpp:1:\n'}
[10.690563] (orbslam3) StderrLine: {'line': b'/home/romi/fawad/ORB_SLAM3/include/CameraModels/KannalaBrandt8.h:47:9: warning:   when initialized here [-Wreorder]\n'}
[10.690652] (orbslam3) StderrLine: {'line': b'   47 |         KannalaBrandt8(const std::vector<float> _vParameters) : GeometricCamera(_vParameters), precision(1e-6), mvLappingArea(2,0) ,tvr(nullptr) {\n'}
[10.690750] (orbslam3) StderrLine: {'line': b'      |         ^~~~~~~~~~~~~~\n'}
[10.690943] (orbslam3) StderrLine: {'line': b'In file included from /home/romi/fawad/ORB_SLAM3/include/Atlas.h:27,\n'}
[10.691043] (orbslam3) StderrLine: {'line': b'                 from /home/romi/fawad/ORB_SLAM3/include/FrameDrawer.h:25,\n'}
[10.691158] (orbslam3) StderrLine: {'line': b'                 from /home/romi/fawad/ORB_SLAM3/include/Viewer.h:23,\n'}
[10.691253] (orbslam3) StderrLine: {'line': b'                 from /home/romi/fawad/ORB_SLAM3/include/Tracking.h:26,\n'}
[10.691341] (orbslam3) StderrLine: {'line': b'                 from /home/romi/fawad/ORB_SLAM3/include/System.h:31,\n'}
[10.691429] (orbslam3) StderrLine: {'line': b'                 from /home/romi/fawad/ros2_ws/src/ORB_SLAM3_ROS2/src/stereo/stereo-slam-node.hpp:13,\n'}
[10.691515] (orbslam3) StderrLine: {'line': b'                 from /home/romi/fawad/ros2_ws/src/ORB_SLAM3_ROS2/src/stereo/stereo-slam-node.cpp:1:\n'}
[10.691588] (orbslam3) StderrLine: {'line': b'/home/romi/fawad/ORB_SLAM3/include/CameraModels/KannalaBrandt8.h: In constructor \xe2\x80\x98ORB_SLAM3::KannalaBrandt8::KannalaBrandt8(std::vector<float>, float)\xe2\x80\x99:\n'}
[10.691656] (orbslam3) StderrLine: {'line': b'/home/romi/fawad/ORB_SLAM3/include/CameraModels/KannalaBrandt8.h:102:21: warning: \xe2\x80\x98ORB_SLAM3::KannalaBrandt8::precision\xe2\x80\x99 will be initialized after [-Wreorder]\n'}
[10.691724] (orbslam3) StderrLine: {'line': b'  102 |         const float precision;\n'}
[10.691790] (orbslam3) StderrLine: {'line': b'      |                     ^~~~~~~~~\n'}
[10.691897] (orbslam3) StderrLine: {'line': b'/home/romi/fawad/ORB_SLAM3/include/CameraModels/KannalaBrandt8.h:88:26: warning:   \xe2\x80\x98std::vector<int> ORB_SLAM3::KannalaBrandt8::mvLappingArea\xe2\x80\x99 [-Wreorder]\n'}
[10.691975] (orbslam3) StderrLine: {'line': b'   88 |         std::vector<int> mvLappingArea;\n'}
[10.692044] (orbslam3) StderrLine: {'line': b'      |                          ^~~~~~~~~~~~~\n'}
[10.692119] (orbslam3) StderrLine: {'line': b'/home/romi/fawad/ORB_SLAM3/include/CameraModels/KannalaBrandt8.h:53:9: warning:   when initialized here [-Wreorder]\n'}
[10.692198] (orbslam3) StderrLine: {'line': b'   53 |         KannalaBrandt8(const std::vector<float> _vParameters, const float _precision) : GeometricCamera(_vParameters),\n'}
[10.692267] (orbslam3) StderrLine: {'line': b'      |         ^~~~~~~~~~~~~~\n'}
[10.692335] (orbslam3) StderrLine: {'line': b'/home/romi/fawad/ORB_SLAM3/include/CameraModels/KannalaBrandt8.h: In constructor \xe2\x80\x98ORB_SLAM3::KannalaBrandt8::KannalaBrandt8(ORB_SLAM3::KannalaBrandt8*)\xe2\x80\x99:\n'}
[10.692410] (orbslam3) StderrLine: {'line': b'/home/romi/fawad/ORB_SLAM3/include/CameraModels/KannalaBrandt8.h:102:21: warning: \xe2\x80\x98ORB_SLAM3::KannalaBrandt8::precision\xe2\x80\x99 will be initialized after [-Wreorder]\n'}
[10.692480] (orbslam3) StderrLine: {'line': b'  102 |         const float precision;\n'}
[10.692551] (orbslam3) StderrLine: {'line': b'      |                     ^~~~~~~~~\n'}
[10.692624] (orbslam3) StderrLine: {'line': b'/home/romi/fawad/ORB_SLAM3/include/CameraModels/KannalaBrandt8.h:88:26: warning:   \xe2\x80\x98std::vector<int> ORB_SLAM3::KannalaBrandt8::mvLappingArea\xe2\x80\x99 [-Wreorder]\n'}
[10.692705] (orbslam3) StderrLine: {'line': b'   88 |         std::vector<int> mvLappingArea;\n'}
[10.692790] (orbslam3) StderrLine: {'line': b'      |                          ^~~~~~~~~~~~~\n'}
[10.692872] (orbslam3) StderrLine: {'line': b'/home/romi/fawad/ORB_SLAM3/include/CameraModels/KannalaBrandt8.h:59:9: warning:   when initialized here [-Wreorder]\n'}
[10.692959] (orbslam3) StderrLine: {'line': b'   59 |         KannalaBrandt8(KannalaBrandt8* pKannala) : GeometricCamera(pKannala->mvParameters), precision(pKannala->precision), mvLappingArea(2,0) ,tvr(nullptr) {\n'}
[10.693046] (orbslam3) StderrLine: {'line': b'      |         ^~~~~~~~~~~~~~\n'}
[10.722706] (orbslam3) StderrLine: {'line': b'In file included from /home/romi/fawad/ORB_SLAM3/Thirdparty/g2o/g2o/types/types_six_dof_expmap.h:37,\n'}
[10.722978] (orbslam3) StderrLine: {'line': b'                 from /home/romi/fawad/ORB_SLAM3/include/Converter.h:26,\n'}
[10.723069] (orbslam3) StderrLine: {'line': b'                 from /home/romi/fawad/ORB_SLAM3/include/Frame.h:33,\n'}
[10.723163] (orbslam3) StderrLine: {'line': b'                 from /home/romi/fawad/ORB_SLAM3/include/KeyFrame.h:28,\n'}
[10.723246] (orbslam3) StderrLine: {'line': b'                 from /home/romi/fawad/ORB_SLAM3/include/MapPoint.h:23,\n'}
[10.723322] (orbslam3) StderrLine: {'line': b'                 from /home/romi/fawad/ORB_SLAM3/include/FrameDrawer.h:24,\n'}
[10.723397] (orbslam3) StderrLine: {'line': b'                 from /home/romi/fawad/ORB_SLAM3/include/Viewer.h:23,\n'}
[10.723479] (orbslam3) StderrLine: {'line': b'                 from /home/romi/fawad/ORB_SLAM3/include/Tracking.h:26,\n'}
[10.723554] (orbslam3) StderrLine: {'line': b'                 from /home/romi/fawad/ORB_SLAM3/include/System.h:31,\n'}
[10.723632] (orbslam3) StderrLine: {'line': b'                 from /home/romi/fawad/ros2_ws/src/ORB_SLAM3_ROS2/src/rgbd/rgbd-slam-node.hpp:18,\n'}
[10.723708] (orbslam3) StderrLine: {'line': b'                 from /home/romi/fawad/ros2_ws/src/ORB_SLAM3_ROS2/src/rgbd/rgbd-slam-node.cpp:1:\n'}
[10.723781] (orbslam3) StderrLine: {'line': b'/home/romi/fawad/ORB_SLAM3/Thirdparty/g2o/g2o/types/../core/base_vertex.h: In instantiation of \xe2\x80\x98class g2o::BaseVertex<7, g2o::Sim3>\xe2\x80\x99:\n'}
[10.723855] (orbslam3) StderrLine: {'line': b'/home/romi/fawad/ORB_SLAM3/Thirdparty/g2o/g2o/types/types_seven_dof_expmap.h:48:35:   required from here\n'}
[10.723931] (orbslam3) StderrLine: {'line': b'/home/romi/fawad/ORB_SLAM3/Thirdparty/g2o/g2o/types/../core/base_vertex.h:62:72: warning: \xe2\x80\x98Eigen::AlignedBit\xe2\x80\x99 is deprecated [-Wdeprecated-declarations]\n'}
[10.724007] (orbslam3) StderrLine: {'line': b'   62 |     typedef Eigen::Map<Matrix<double, D, D>, Matrix<double,D,D>::Flags & AlignedBit ? Aligned : Unaligned >  HessianBlockType;\n'}
[10.724082] (orbslam3) StderrLine: {'line': b'      |                                                                  ~~~~~~^~~~~~~~~~~~\n'}
[10.724171] (orbslam3) StderrLine: {'line': b'In file included from /usr/include/eigen3/Eigen/Core:161,\n'}
[10.724248] (orbslam3) StderrLine: {'line': b'                 from /usr/include/eigen3/Eigen/LU:11,\n'}
[10.724322] (orbslam3) StderrLine: {'line': b'                 from /home/romi/fawad/ORB_SLAM3/Thirdparty/Sophus/sophus/so2.hpp:12,\n'}
[10.724413] (orbslam3) StderrLine: {'line': b'                 from /home/romi/fawad/ORB_SLAM3/Thirdparty/Sophus/sophus/se2.hpp:7,\n'}
[10.724488] (orbslam3) StderrLine: {'line': b'                 from /home/romi/fawad/ORB_SLAM3/Thirdparty/Sophus/sophus/geometry.hpp:7,\n'}
[10.724563] (orbslam3) StderrLine: {'line': b'                 from /home/romi/fawad/ORB_SLAM3/include/Frame.h:28,\n'}
[10.724639] (orbslam3) StderrLine: {'line': b'                 from /home/romi/fawad/ORB_SLAM3/include/KeyFrame.h:28,\n'}
[10.724719] (orbslam3) StderrLine: {'line': b'                 from /home/romi/fawad/ORB_SLAM3/include/MapPoint.h:23,\n'}
[10.724798] (orbslam3) StderrLine: {'line': b'                 from /home/romi/fawad/ORB_SLAM3/include/FrameDrawer.h:24,\n'}
[10.724871] (orbslam3) StderrLine: {'line': b'                 from /home/romi/fawad/ORB_SLAM3/include/Viewer.h:23,\n'}
[10.724951] (orbslam3) StderrLine: {'line': b'                 from /home/romi/fawad/ORB_SLAM3/include/Tracking.h:26,\n'}
[10.725024] (orbslam3) StderrLine: {'line': b'                 from /home/romi/fawad/ORB_SLAM3/include/System.h:31,\n'}
[10.725104] (orbslam3) StderrLine: {'line': b'                 from /home/romi/fawad/ros2_ws/src/ORB_SLAM3_ROS2/src/rgbd/rgbd-slam-node.hpp:18,\n'}
[10.725193] (orbslam3) StderrLine: {'line': b'                 from /home/romi/fawad/ros2_ws/src/ORB_SLAM3_ROS2/src/rgbd/rgbd-slam-node.cpp:1:\n'}
[10.725265] (orbslam3) StderrLine: {'line': b'/usr/include/eigen3/Eigen/src/Core/util/Constants.h:167:37: note: declared here\n'}
[10.725340] (orbslam3) StderrLine: {'line': b'  167 | EIGEN_DEPRECATED const unsigned int AlignedBit = 0x80;\n'}
[10.725419] (orbslam3) StderrLine: {'line': b'      |                                     ^~~~~~~~~~\n'}
[10.744449] (-) TimerEvent: {}
[10.782625] (orbslam3) StderrLine: {'line': b'In file included from /home/romi/fawad/ORB_SLAM3/Thirdparty/g2o/g2o/types/types_six_dof_expmap.h:38,\n'}
[10.782887] (orbslam3) StderrLine: {'line': b'                 from /home/romi/fawad/ORB_SLAM3/include/Converter.h:26,\n'}
[10.782995] (orbslam3) StderrLine: {'line': b'                 from /home/romi/fawad/ORB_SLAM3/include/Frame.h:33,\n'}
[10.783082] (orbslam3) StderrLine: {'line': b'                 from /home/romi/fawad/ORB_SLAM3/include/KeyFrame.h:28,\n'}
[10.783182] (orbslam3) StderrLine: {'line': b'                 from /home/romi/fawad/ORB_SLAM3/include/MapPoint.h:23,\n'}
[10.783264] (orbslam3) StderrLine: {'line': b'                 from /home/romi/fawad/ORB_SLAM3/include/FrameDrawer.h:24,\n'}
[10.783347] (orbslam3) StderrLine: {'line': b'                 from /home/romi/fawad/ORB_SLAM3/include/Viewer.h:23,\n'}
[10.783423] (orbslam3) StderrLine: {'line': b'                 from /home/romi/fawad/ORB_SLAM3/include/Tracking.h:26,\n'}
[10.783499] (orbslam3) StderrLine: {'line': b'                 from /home/romi/fawad/ORB_SLAM3/include/System.h:31,\n'}
[10.783575] (orbslam3) StderrLine: {'line': b'                 from /home/romi/fawad/ros2_ws/src/ORB_SLAM3_ROS2/src/rgbd/rgbd-slam-node.hpp:18,\n'}
[10.783658] (orbslam3) StderrLine: {'line': b'                 from /home/romi/fawad/ros2_ws/src/ORB_SLAM3_ROS2/src/rgbd/rgbd-slam-node.cpp:1:\n'}
[10.783734] (orbslam3) StderrLine: {'line': b'/home/romi/fawad/ORB_SLAM3/Thirdparty/g2o/g2o/types/../core/base_binary_edge.h: In instantiation of \xe2\x80\x98class g2o::BaseBinaryEdge<7, g2o::Sim3, g2o::VertexSim3Expmap, g2o::VertexSim3Expmap>\xe2\x80\x99:\n'}
[10.783814] (orbslam3) StderrLine: {'line': b'/home/romi/fawad/ORB_SLAM3/Thirdparty/g2o/g2o/types/types_seven_dof_expmap.h:99:27:   required from here\n'}
[10.783891] (orbslam3) StderrLine: {'line': b'/home/romi/fawad/ORB_SLAM3/Thirdparty/g2o/g2o/types/../core/base_binary_edge.h:59:80: warning: \xe2\x80\x98Eigen::AlignedBit\xe2\x80\x99 is deprecated [-Wdeprecated-declarations]\n'}
[10.783968] (orbslam3) StderrLine: {'line': b'   59 |       typedef Eigen::Map<Matrix<double, Di, Dj>, Matrix<double, Di, Dj>::Flags & AlignedBit ? Aligned : Unaligned > HessianBlockType;\n'}
[10.784045] (orbslam3) StderrLine: {'line': b'      |                                                                          ~~~~~~^~~~~~~~~~~~\n'}
[10.784136] (orbslam3) StderrLine: {'line': b'In file included from /usr/include/eigen3/Eigen/Core:161,\n'}
[10.784218] (orbslam3) StderrLine: {'line': b'                 from /usr/include/eigen3/Eigen/LU:11,\n'}
[10.784295] (orbslam3) StderrLine: {'line': b'                 from /home/romi/fawad/ORB_SLAM3/Thirdparty/Sophus/sophus/so2.hpp:12,\n'}
[10.784372] (orbslam3) StderrLine: {'line': b'                 from /home/romi/fawad/ORB_SLAM3/Thirdparty/Sophus/sophus/se2.hpp:7,\n'}
[10.784447] (orbslam3) StderrLine: {'line': b'                 from /home/romi/fawad/ORB_SLAM3/Thirdparty/Sophus/sophus/geometry.hpp:7,\n'}
[10.784522] (orbslam3) StderrLine: {'line': b'                 from /home/romi/fawad/ORB_SLAM3/include/Frame.h:28,\n'}
[10.784599] (orbslam3) StderrLine: {'line': b'                 from /home/romi/fawad/ORB_SLAM3/include/KeyFrame.h:28,\n'}
[10.784686] (orbslam3) StderrLine: {'line': b'                 from /home/romi/fawad/ORB_SLAM3/include/MapPoint.h:23,\n'}
[10.784761] (orbslam3) StderrLine: {'line': b'                 from /home/romi/fawad/ORB_SLAM3/include/FrameDrawer.h:24,\n'}
[10.784836] (orbslam3) StderrLine: {'line': b'                 from /home/romi/fawad/ORB_SLAM3/include/Viewer.h:23,\n'}
[10.784912] (orbslam3) StderrLine: {'line': b'                 from /home/romi/fawad/ORB_SLAM3/include/Tracking.h:26,\n'}
[10.784986] (orbslam3) StderrLine: {'line': b'                 from /home/romi/fawad/ORB_SLAM3/include/System.h:31,\n'}
[10.785067] (orbslam3) StderrLine: {'line': b'                 from /home/romi/fawad/ros2_ws/src/ORB_SLAM3_ROS2/src/rgbd/rgbd-slam-node.hpp:18,\n'}
[10.786628] (orbslam3) StderrLine: {'line': b'                 from /home/romi/fawad/ros2_ws/src/ORB_SLAM3_ROS2/src/rgbd/rgbd-slam-node.cpp:1:\n'}
[10.786754] (orbslam3) StderrLine: {'line': b'/usr/include/eigen3/Eigen/src/Core/util/Constants.h:167:37: note: declared here\n'}
[10.786846] (orbslam3) StderrLine: {'line': b'  167 | EIGEN_DEPRECATED const unsigned int AlignedBit = 0x80;\n'}
[10.786931] (orbslam3) StderrLine: {'line': b'      |                                     ^~~~~~~~~~\n'}
[10.787012] (orbslam3) StderrLine: {'line': b'In file included from /home/romi/fawad/ORB_SLAM3/Thirdparty/g2o/g2o/types/types_six_dof_expmap.h:38,\n'}
[10.787121] (orbslam3) StderrLine: {'line': b'                 from /home/romi/fawad/ORB_SLAM3/include/Converter.h:26,\n'}
[10.787228] (orbslam3) StderrLine: {'line': b'                 from /home/romi/fawad/ORB_SLAM3/include/Frame.h:33,\n'}
[10.787311] (orbslam3) StderrLine: {'line': b'                 from /home/romi/fawad/ORB_SLAM3/include/KeyFrame.h:28,\n'}
[10.787443] (orbslam3) StderrLine: {'line': b'                 from /home/romi/fawad/ORB_SLAM3/include/MapPoint.h:23,\n'}
[10.787525] (orbslam3) StderrLine: {'line': b'                 from /home/romi/fawad/ORB_SLAM3/include/FrameDrawer.h:24,\n'}
[10.787605] (orbslam3) StderrLine: {'line': b'                 from /home/romi/fawad/ORB_SLAM3/include/Viewer.h:23,\n'}
[10.787686] (orbslam3) StderrLine: {'line': b'                 from /home/romi/fawad/ORB_SLAM3/include/Tracking.h:26,\n'}
[10.787766] (orbslam3) StderrLine: {'line': b'                 from /home/romi/fawad/ORB_SLAM3/include/System.h:31,\n'}
[10.787846] (orbslam3) StderrLine: {'line': b'                 from /home/romi/fawad/ros2_ws/src/ORB_SLAM3_ROS2/src/rgbd/rgbd-slam-node.hpp:18,\n'}
[10.787926] (orbslam3) StderrLine: {'line': b'                 from /home/romi/fawad/ros2_ws/src/ORB_SLAM3_ROS2/src/rgbd/rgbd-slam-node.cpp:1:\n'}
[10.788014] (orbslam3) StderrLine: {'line': b'/home/romi/fawad/ORB_SLAM3/Thirdparty/g2o/g2o/types/../core/base_binary_edge.h:60:80: warning: \xe2\x80\x98Eigen::AlignedBit\xe2\x80\x99 is deprecated [-Wdeprecated-declarations]\n'}
[10.788104] (orbslam3) StderrLine: {'line': b'   60 |       typedef Eigen::Map<Matrix<double, Dj, Di>, Matrix<double, Dj, Di>::Flags & AlignedBit ? Aligned : Unaligned > HessianBlockTransposedType;\n'}
[10.788199] (orbslam3) StderrLine: {'line': b'      |                                                                          ~~~~~~^~~~~~~~~~~~\n'}
[10.788287] (orbslam3) StderrLine: {'line': b'In file included from /usr/include/eigen3/Eigen/Core:161,\n'}
[10.788367] (orbslam3) StderrLine: {'line': b'                 from /usr/include/eigen3/Eigen/LU:11,\n'}
[10.788447] (orbslam3) StderrLine: {'line': b'                 from /home/romi/fawad/ORB_SLAM3/Thirdparty/Sophus/sophus/so2.hpp:12,\n'}
[10.788526] (orbslam3) StderrLine: {'line': b'                 from /home/romi/fawad/ORB_SLAM3/Thirdparty/Sophus/sophus/se2.hpp:7,\n'}
[10.788605] (orbslam3) StderrLine: {'line': b'                 from /home/romi/fawad/ORB_SLAM3/Thirdparty/Sophus/sophus/geometry.hpp:7,\n'}
[10.788684] (orbslam3) StderrLine: {'line': b'                 from /home/romi/fawad/ORB_SLAM3/include/Frame.h:28,\n'}
[10.788770] (orbslam3) StderrLine: {'line': b'                 from /home/romi/fawad/ORB_SLAM3/include/KeyFrame.h:28,\n'}
[10.788850] (orbslam3) StderrLine: {'line': b'                 from /home/romi/fawad/ORB_SLAM3/include/MapPoint.h:23,\n'}
[10.788930] (orbslam3) StderrLine: {'line': b'                 from /home/romi/fawad/ORB_SLAM3/include/FrameDrawer.h:24,\n'}
[10.789007] (orbslam3) StderrLine: {'line': b'                 from /home/romi/fawad/ORB_SLAM3/include/Viewer.h:23,\n'}
[10.789086] (orbslam3) StderrLine: {'line': b'                 from /home/romi/fawad/ORB_SLAM3/include/Tracking.h:26,\n'}
[10.789179] (orbslam3) StderrLine: {'line': b'                 from /home/romi/fawad/ORB_SLAM3/include/System.h:31,\n'}
[10.789259] (orbslam3) StderrLine: {'line': b'                 from /home/romi/fawad/ros2_ws/src/ORB_SLAM3_ROS2/src/rgbd/rgbd-slam-node.hpp:18,\n'}
[10.789337] (orbslam3) StderrLine: {'line': b'                 from /home/romi/fawad/ros2_ws/src/ORB_SLAM3_ROS2/src/rgbd/rgbd-slam-node.cpp:1:\n'}
[10.789415] (orbslam3) StderrLine: {'line': b'/usr/include/eigen3/Eigen/src/Core/util/Constants.h:167:37: note: declared here\n'}
[10.789494] (orbslam3) StderrLine: {'line': b'  167 | EIGEN_DEPRECATED const unsigned int AlignedBit = 0x80;\n'}
[10.789572] (orbslam3) StderrLine: {'line': b'      |                                     ^~~~~~~~~~\n'}
[10.844562] (-) TimerEvent: {}
[10.858129] (orbslam3) StderrLine: {'line': b'In file included from /home/romi/fawad/ORB_SLAM3/include/Atlas.h:26,\n'}
[10.858334] (orbslam3) StderrLine: {'line': b'                 from /home/romi/fawad/ORB_SLAM3/include/FrameDrawer.h:25,\n'}
[10.858428] (orbslam3) StderrLine: {'line': b'                 from /home/romi/fawad/ORB_SLAM3/include/Viewer.h:23,\n'}
[10.858509] (orbslam3) StderrLine: {'line': b'                 from /home/romi/fawad/ORB_SLAM3/include/Tracking.h:26,\n'}
[10.858589] (orbslam3) StderrLine: {'line': b'                 from /home/romi/fawad/ORB_SLAM3/include/System.h:31,\n'}
[10.858666] (orbslam3) StderrLine: {'line': b'                 from /home/romi/fawad/ros2_ws/src/ORB_SLAM3_ROS2/src/stereo-inertial/stereo-inertial-node.hpp:10,\n'}
[10.858745] (orbslam3) StderrLine: {'line': b'                 from /home/romi/fawad/ros2_ws/src/ORB_SLAM3_ROS2/src/stereo-inertial/stereo-inertial-node.cpp:1:\n'}
[10.858822] (orbslam3) StderrLine: {'line': b'/home/romi/fawad/ORB_SLAM3/include/CameraModels/Pinhole.h: In member function \xe2\x80\x98virtual bool ORB_SLAM3::Pinhole::matchAndtriangulate(const cv::KeyPoint&, const cv::KeyPoint&, ORB_SLAM3::GeometricCamera*, Sophus::SE3f&, Sophus::SE3f&, float, float, Eigen::Vector3f&)\xe2\x80\x99:\n'}
[10.858904] (orbslam3) StderrLine: {'line': b'/home/romi/fawad/ORB_SLAM3/include/CameraModels/Pinhole.h:83:54: warning: unused parameter \xe2\x80\x98kp1\xe2\x80\x99 [-Wunused-parameter]\n'}
[10.858981] (orbslam3) StderrLine: {'line': b'   83 |         bool matchAndtriangulate(const cv::KeyPoint& kp1, const cv::KeyPoint& kp2, GeometricCamera* pOther,\n'}
[10.859057] (orbslam3) StderrLine: {'line': b'      |                                  ~~~~~~~~~~~~~~~~~~~~^~~\n'}
[10.859202] (orbslam3) StderrLine: {'line': b'/home/romi/fawad/ORB_SLAM3/include/CameraModels/Pinhole.h:83:79: warning: unused parameter \xe2\x80\x98kp2\xe2\x80\x99 [-Wunused-parameter]\n'}
[10.859286] (orbslam3) StderrLine: {'line': b'   83 |         bool matchAndtriangulate(const cv::KeyPoint& kp1, const cv::KeyPoint& kp2, GeometricCamera* pOther,\n'}
[10.859364] (orbslam3) StderrLine: {'line': b'      |                                                           ~~~~~~~~~~~~~~~~~~~~^~~\n'}
[10.859441] (orbslam3) StderrLine: {'line': b'/home/romi/fawad/ORB_SLAM3/include/CameraModels/Pinhole.h:83:101: warning: unused parameter \xe2\x80\x98pOther\xe2\x80\x99 [-Wunused-parameter]\n'}
[10.859702] (orbslam3) StderrLine: {'line': b'   83 |         bool matchAndtriangulate(const cv::KeyPoint& kp1, const cv::KeyPoint& kp2, GeometricCamera* pOther,\n'}
[10.859805] (orbslam3) StderrLine: {'line': b'      |                                                                                    ~~~~~~~~~~~~~~~~~^~~~~~\n'}
[10.859892] (orbslam3) StderrLine: {'line': b'/home/romi/fawad/ORB_SLAM3/include/CameraModels/Pinhole.h:84:48: warning: unused parameter \xe2\x80\x98Tcw1\xe2\x80\x99 [-Wunused-parameter]\n'}
[10.859971] (orbslam3) StderrLine: {'line': b'   84 |                                  Sophus::SE3f& Tcw1, Sophus::SE3f& Tcw2,\n'}
[10.860174] (orbslam3) StderrLine: {'line': b'      |                                  ~~~~~~~~~~~~~~^~~~\n'}
[10.860504] (orbslam3) StderrLine: {'line': b'/home/romi/fawad/ORB_SLAM3/include/CameraModels/Pinhole.h:84:68: warning: unused parameter \xe2\x80\x98Tcw2\xe2\x80\x99 [-Wunused-parameter]\n'}
[10.860600] (orbslam3) StderrLine: {'line': b'   84 |                                  Sophus::SE3f& Tcw1, Sophus::SE3f& Tcw2,\n'}
[10.860685] (orbslam3) StderrLine: {'line': b'      |                                                      ~~~~~~~~~~~~~~^~~~\n'}
[10.860763] (orbslam3) StderrLine: {'line': b'/home/romi/fawad/ORB_SLAM3/include/CameraModels/Pinhole.h:85:46: warning: unused parameter \xe2\x80\x98sigmaLevel1\xe2\x80\x99 [-Wunused-parameter]\n'}
[10.860842] (orbslam3) StderrLine: {'line': b'   85 |                                  const float sigmaLevel1, const float sigmaLevel2,\n'}
[10.861004] (orbslam3) StderrLine: {'line': b'      |                                  ~~~~~~~~~~~~^~~~~~~~~~~\n'}
[10.861091] (orbslam3) StderrLine: {'line': b'/home/romi/fawad/ORB_SLAM3/include/CameraModels/Pinhole.h:85:71: warning: unused parameter \xe2\x80\x98sigmaLevel2\xe2\x80\x99 [-Wunused-parameter]\n'}
[10.861228] (orbslam3) StderrLine: {'line': b'   85 |                                  const float sigmaLevel1, const float sigmaLevel2,\n'}
[10.861307] (orbslam3) StderrLine: {'line': b'      |                                                           ~~~~~~~~~~~~^~~~~~~~~~~\n'}
[10.861462] (orbslam3) StderrLine: {'line': b'/home/romi/fawad/ORB_SLAM3/include/CameraModels/Pinhole.h:86:51: warning: unused parameter \xe2\x80\x98x3Dtriangulated\xe2\x80\x99 [-Wunused-parameter]\n'}
[10.861556] (orbslam3) StderrLine: {'line': b'   86 |                                  Eigen::Vector3f& x3Dtriangulated) { return false;}\n'}
[10.861642] (orbslam3) StderrLine: {'line': b'      |                                  ~~~~~~~~~~~~~~~~~^~~~~~~~~~~~~~~\n'}
[10.861726] (orbslam3) StderrLine: {'line': b'In file included from /home/romi/fawad/ORB_SLAM3/include/Atlas.h:27,\n'}
[10.861808] (orbslam3) StderrLine: {'line': b'                 from /home/romi/fawad/ORB_SLAM3/include/FrameDrawer.h:25,\n'}
[10.861889] (orbslam3) StderrLine: {'line': b'                 from /home/romi/fawad/ORB_SLAM3/include/Viewer.h:23,\n'}
[10.861969] (orbslam3) StderrLine: {'line': b'                 from /home/romi/fawad/ORB_SLAM3/include/Tracking.h:26,\n'}
[10.862045] (orbslam3) StderrLine: {'line': b'                 from /home/romi/fawad/ORB_SLAM3/include/System.h:31,\n'}
[10.862148] (orbslam3) StderrLine: {'line': b'                 from /home/romi/fawad/ros2_ws/src/ORB_SLAM3_ROS2/src/stereo-inertial/stereo-inertial-node.hpp:10,\n'}
[10.862290] (orbslam3) StderrLine: {'line': b'                 from /home/romi/fawad/ros2_ws/src/ORB_SLAM3_ROS2/src/stereo-inertial/stereo-inertial-node.cpp:1:\n'}
[10.862370] (orbslam3) StderrLine: {'line': b'/home/romi/fawad/ORB_SLAM3/include/CameraModels/KannalaBrandt8.h: In constructor \xe2\x80\x98ORB_SLAM3::KannalaBrandt8::KannalaBrandt8(std::vector<float>)\xe2\x80\x99:\n'}
[10.862450] (orbslam3) StderrLine: {'line': b'/home/romi/fawad/ORB_SLAM3/include/CameraModels/KannalaBrandt8.h:102:21: warning: \xe2\x80\x98ORB_SLAM3::KannalaBrandt8::precision\xe2\x80\x99 will be initialized after [-Wreorder]\n'}
[10.862529] (orbslam3) StderrLine: {'line': b'  102 |         const float precision;\n'}
[10.862606] (orbslam3) StderrLine: {'line': b'      |                     ^~~~~~~~~\n'}
[10.862682] (orbslam3) StderrLine: {'line': b'/home/romi/fawad/ORB_SLAM3/include/CameraModels/KannalaBrandt8.h:88:26: warning:   \xe2\x80\x98std::vector<int> ORB_SLAM3::KannalaBrandt8::mvLappingArea\xe2\x80\x99 [-Wreorder]\n'}
[10.862773] (orbslam3) StderrLine: {'line': b'   88 |         std::vector<int> mvLappingArea;\n'}
[10.862858] (orbslam3) StderrLine: {'line': b'      |                          ^~~~~~~~~~~~~\n'}
[10.862934] (orbslam3) StderrLine: {'line': b'In file included from /home/romi/fawad/ORB_SLAM3/include/Atlas.h:27,\n'}
[10.863011] (orbslam3) StderrLine: {'line': b'                 from /home/romi/fawad/ORB_SLAM3/include/FrameDrawer.h:25,\n'}
[10.863088] (orbslam3) StderrLine: {'line': b'                 from /home/romi/fawad/ORB_SLAM3/include/Viewer.h:23,\n'}
[10.863182] (orbslam3) StderrLine: {'line': b'                 from /home/romi/fawad/ORB_SLAM3/include/Tracking.h:26,\n'}
[10.863259] (orbslam3) StderrLine: {'line': b'                 from /home/romi/fawad/ORB_SLAM3/include/System.h:31,\n'}
[10.863335] (orbslam3) StderrLine: {'line': b'                 from /home/romi/fawad/ros2_ws/src/ORB_SLAM3_ROS2/src/stereo-inertial/stereo-inertial-node.hpp:10,\n'}
[10.863412] (orbslam3) StderrLine: {'line': b'                 from /home/romi/fawad/ros2_ws/src/ORB_SLAM3_ROS2/src/stereo-inertial/stereo-inertial-node.cpp:1:\n'}
[10.863488] (orbslam3) StderrLine: {'line': b'/home/romi/fawad/ORB_SLAM3/include/CameraModels/KannalaBrandt8.h:47:9: warning:   when initialized here [-Wreorder]\n'}
[10.863564] (orbslam3) StderrLine: {'line': b'   47 |         KannalaBrandt8(const std::vector<float> _vParameters) : GeometricCamera(_vParameters), precision(1e-6), mvLappingArea(2,0) ,tvr(nullptr) {\n'}
[10.863643] (orbslam3) StderrLine: {'line': b'      |         ^~~~~~~~~~~~~~\n'}
[10.863720] (orbslam3) StderrLine: {'line': b'In file included from /home/romi/fawad/ORB_SLAM3/include/Atlas.h:27,\n'}
[10.863797] (orbslam3) StderrLine: {'line': b'                 from /home/romi/fawad/ORB_SLAM3/include/FrameDrawer.h:25,\n'}
[10.863873] (orbslam3) StderrLine: {'line': b'                 from /home/romi/fawad/ORB_SLAM3/include/Viewer.h:23,\n'}
[10.863948] (orbslam3) StderrLine: {'line': b'                 from /home/romi/fawad/ORB_SLAM3/include/Tracking.h:26,\n'}
[10.864034] (orbslam3) StderrLine: {'line': b'                 from /home/romi/fawad/ORB_SLAM3/include/System.h:31,\n'}
[10.864122] (orbslam3) StderrLine: {'line': b'                 from /home/romi/fawad/ros2_ws/src/ORB_SLAM3_ROS2/src/stereo-inertial/stereo-inertial-node.hpp:10,\n'}
[10.864252] (orbslam3) StderrLine: {'line': b'                 from /home/romi/fawad/ros2_ws/src/ORB_SLAM3_ROS2/src/stereo-inertial/stereo-inertial-node.cpp:1:\n'}
[10.864330] (orbslam3) StderrLine: {'line': b'/home/romi/fawad/ORB_SLAM3/include/CameraModels/KannalaBrandt8.h: In constructor \xe2\x80\x98ORB_SLAM3::KannalaBrandt8::KannalaBrandt8(std::vector<float>, float)\xe2\x80\x99:\n'}
[10.864409] (orbslam3) StderrLine: {'line': b'/home/romi/fawad/ORB_SLAM3/include/CameraModels/KannalaBrandt8.h:102:21: warning: \xe2\x80\x98ORB_SLAM3::KannalaBrandt8::precision\xe2\x80\x99 will be initialized after [-Wreorder]\n'}
[10.864487] (orbslam3) StderrLine: {'line': b'  102 |         const float precision;\n'}
[10.864563] (orbslam3) StderrLine: {'line': b'      |                     ^~~~~~~~~\n'}
[10.865186] (orbslam3) StderrLine: {'line': b'/home/romi/fawad/ORB_SLAM3/include/CameraModels/KannalaBrandt8.h:88:26: warning:   \xe2\x80\x98std::vector<int> ORB_SLAM3::KannalaBrandt8::mvLappingArea\xe2\x80\x99 [-Wreorder]\n'}
[10.865521] (orbslam3) StderrLine: {'line': b'   88 |         std::vector<int> mvLappingArea;\n'}
[10.865616] (orbslam3) StderrLine: {'line': b'      |                          ^~~~~~~~~~~~~\n'}
[10.865701] (orbslam3) StderrLine: {'line': b'/home/romi/fawad/ORB_SLAM3/include/CameraModels/KannalaBrandt8.h:53:9: warning:   when initialized here [-Wreorder]\n'}
[10.865784] (orbslam3) StderrLine: {'line': b'   53 |         KannalaBrandt8(const std::vector<float> _vParameters, const float _precision) : GeometricCamera(_vParameters),\n'}
[10.865884] (orbslam3) StderrLine: {'line': b'      |         ^~~~~~~~~~~~~~\n'}
[10.865967] (orbslam3) StderrLine: {'line': b'In file included from /home/romi/fawad/ORB_SLAM3/Thirdparty/g2o/g2o/types/types_six_dof_expmap.h:38,\n'}
[10.866058] (orbslam3) StderrLine: {'line': b'                 from /home/romi/fawad/ORB_SLAM3/include/Converter.h:26,\n'}
[10.866154] (orbslam3) StderrLine: {'line': b'                 from /home/romi/fawad/ORB_SLAM3/include/Frame.h:33,\n'}
[10.866237] (orbslam3) StderrLine: {'line': b'                 from /home/romi/fawad/ORB_SLAM3/include/KeyFrame.h:28,\n'}
[10.866315] (orbslam3) StderrLine: {'line': b'                 from /home/romi/fawad/ORB_SLAM3/include/MapPoint.h:23,\n'}
[10.866391] (orbslam3) StderrLine: {'line': b'                 from /home/romi/fawad/ORB_SLAM3/include/FrameDrawer.h:24,\n'}
[10.866466] (orbslam3) StderrLine: {'line': b'                 from /home/romi/fawad/ORB_SLAM3/include/Viewer.h:23,\n'}
[10.866541] (orbslam3) StderrLine: {'line': b'                 from /home/romi/fawad/ORB_SLAM3/include/Tracking.h:26,\n'}
[10.866615] (orbslam3) StderrLine: {'line': b'                 from /home/romi/fawad/ORB_SLAM3/include/System.h:31,\n'}
[10.866690] (orbslam3) StderrLine: {'line': b'                 from /home/romi/fawad/ros2_ws/src/ORB_SLAM3_ROS2/src/rgbd/rgbd-slam-node.hpp:18,\n'}
[10.866766] (orbslam3) StderrLine: {'line': b'                 from /home/romi/fawad/ros2_ws/src/ORB_SLAM3_ROS2/src/rgbd/rgbd-slam-node.cpp:1:\n'}
[10.866841] (orbslam3) StderrLine: {'line': b'/home/romi/fawad/ORB_SLAM3/Thirdparty/g2o/g2o/types/../core/base_binary_edge.h: In instantiation of \xe2\x80\x98class g2o::BaseBinaryEdge<2, Eigen::Matrix<double, 2, 1>, g2o::VertexSBAPointXYZ, g2o::VertexSim3Expmap>\xe2\x80\x99:\n'}
[10.866920] (orbslam3) StderrLine: {'line': b'/home/romi/fawad/ORB_SLAM3/Thirdparty/g2o/g2o/types/types_seven_dof_expmap.h:130:36:   required from here\n'}
[10.866997] (orbslam3) StderrLine: {'line': b'/home/romi/fawad/ORB_SLAM3/Thirdparty/g2o/g2o/types/../core/base_binary_edge.h:59:80: warning: \xe2\x80\x98Eigen::AlignedBit\xe2\x80\x99 is deprecated [-Wdeprecated-declarations]\n'}
[10.867077] (orbslam3) StderrLine: {'line': b'   59 |       typedef Eigen::Map<Matrix<double, Di, Dj>, Matrix<double, Di, Dj>::Flags & AlignedBit ? Aligned : Unaligned > HessianBlockType;\n'}
[10.867186] (orbslam3) StderrLine: {'line': b'      |                                                                          ~~~~~~^~~~~~~~~~~~\n'}
[10.867265] (orbslam3) StderrLine: {'line': b'In file included from /usr/include/eigen3/Eigen/Core:161,\n'}
[10.867956] (orbslam3) StderrLine: {'line': b'                 from /usr/include/eigen3/Eigen/LU:11,\n'}
[10.868134] (orbslam3) StderrLine: {'line': b'                 from /home/romi/fawad/ORB_SLAM3/Thirdparty/Sophus/sophus/so2.hpp:12,\n'}
[10.868237] (orbslam3) StderrLine: {'line': b'                 from /home/romi/fawad/ORB_SLAM3/Thirdparty/Sophus/sophus/se2.hpp:7,\n'}
[10.868319] (orbslam3) StderrLine: {'line': b'                 from /home/romi/fawad/ORB_SLAM3/Thirdparty/Sophus/sophus/geometry.hpp:7,\n'}
[10.868397] (orbslam3) StderrLine: {'line': b'                 from /home/romi/fawad/ORB_SLAM3/include/Frame.h:28,\n'}
[10.868663] (orbslam3) StderrLine: {'line': b'                 from /home/romi/fawad/ORB_SLAM3/include/KeyFrame.h:28,\n'}
[10.868751] (orbslam3) StderrLine: {'line': b'                 from /home/romi/fawad/ORB_SLAM3/include/MapPoint.h:23,\n'}
[10.868836] (orbslam3) StderrLine: {'line': b'                 from /home/romi/fawad/ORB_SLAM3/include/FrameDrawer.h:24,\n'}
[10.868917] (orbslam3) StderrLine: {'line': b'                 from /home/romi/fawad/ORB_SLAM3/include/Viewer.h:23,\n'}
[10.868997] (orbslam3) StderrLine: {'line': b'                 from /home/romi/fawad/ORB_SLAM3/include/Tracking.h:26,\n'}
[10.869074] (orbslam3) StderrLine: {'line': b'                 from /home/romi/fawad/ORB_SLAM3/include/System.h:31,\n'}
[10.869184] (orbslam3) StderrLine: {'line': b'                 from /home/romi/fawad/ros2_ws/src/ORB_SLAM3_ROS2/src/rgbd/rgbd-slam-node.hpp:18,\n'}
[10.869264] (orbslam3) StderrLine: {'line': b'                 from /home/romi/fawad/ros2_ws/src/ORB_SLAM3_ROS2/src/rgbd/rgbd-slam-node.cpp:1:\n'}
[10.869345] (orbslam3) StderrLine: {'line': b'/usr/include/eigen3/Eigen/src/Core/util/Constants.h:167:37: note: declared here\n'}
[10.869419] (orbslam3) StderrLine: {'line': b'  167 | EIGEN_DEPRECATED const unsigned int AlignedBit = 0x80;\n'}
[10.869493] (orbslam3) StderrLine: {'line': b'      |                                     ^~~~~~~~~~\n'}
[10.869567] (orbslam3) StderrLine: {'line': b'/home/romi/fawad/ORB_SLAM3/include/CameraModels/KannalaBrandt8.h: In constructor \xe2\x80\x98ORB_SLAM3::KannalaBrandt8::KannalaBrandt8(ORB_SLAM3::KannalaBrandt8*)\xe2\x80\x99:\n'}
[10.869680] (orbslam3) StderrLine: {'line': b'/home/romi/fawad/ORB_SLAM3/include/CameraModels/KannalaBrandt8.h:102:21: warning: \xe2\x80\x98ORB_SLAM3::KannalaBrandt8::precision\xe2\x80\x99 will be initialized after [-Wreorder]\n'}
[10.869759] (orbslam3) StderrLine: {'line': b'  102 |         const float precision;\n'}
[10.869836] (orbslam3) StderrLine: {'line': b'      |                     ^~~~~~~~~\n'}
[10.869912] (orbslam3) StderrLine: {'line': b'/home/romi/fawad/ORB_SLAM3/include/CameraModels/KannalaBrandt8.h:88:26: warning:   \xe2\x80\x98std::vector<int> ORB_SLAM3::KannalaBrandt8::mvLappingArea\xe2\x80\x99 [-Wreorder]\n'}
[10.869989] (orbslam3) StderrLine: {'line': b'   88 |         std::vector<int> mvLappingArea;\n'}
[10.870064] (orbslam3) StderrLine: {'line': b'      |                          ^~~~~~~~~~~~~\n'}
[10.870153] (orbslam3) StderrLine: {'line': b'/home/romi/fawad/ORB_SLAM3/include/CameraModels/KannalaBrandt8.h:59:9: warning:   when initialized here [-Wreorder]\n'}
[10.870232] (orbslam3) StderrLine: {'line': b'   59 |         KannalaBrandt8(KannalaBrandt8* pKannala) : GeometricCamera(pKannala->mvParameters), precision(pKannala->precision), mvLappingArea(2,0) ,tvr(nullptr) {\n'}
[10.870307] (orbslam3) StderrLine: {'line': b'      |         ^~~~~~~~~~~~~~\n'}
[10.888837] (orbslam3) StderrLine: {'line': b'In file included from /home/romi/fawad/ORB_SLAM3/Thirdparty/g2o/g2o/types/types_six_dof_expmap.h:38,\n'}
[10.889114] (orbslam3) StderrLine: {'line': b'                 from /home/romi/fawad/ORB_SLAM3/include/Converter.h:26,\n'}
[10.889218] (orbslam3) StderrLine: {'line': b'                 from /home/romi/fawad/ORB_SLAM3/include/Frame.h:33,\n'}
[10.889315] (orbslam3) StderrLine: {'line': b'                 from /home/romi/fawad/ORB_SLAM3/include/KeyFrame.h:28,\n'}
[10.889391] (orbslam3) StderrLine: {'line': b'                 from /home/romi/fawad/ORB_SLAM3/include/MapPoint.h:23,\n'}
[10.889467] (orbslam3) StderrLine: {'line': b'                 from /home/romi/fawad/ORB_SLAM3/include/FrameDrawer.h:24,\n'}
[10.889543] (orbslam3) StderrLine: {'line': b'                 from /home/romi/fawad/ORB_SLAM3/include/Viewer.h:23,\n'}
[10.889617] (orbslam3) StderrLine: {'line': b'                 from /home/romi/fawad/ORB_SLAM3/include/Tracking.h:26,\n'}
[10.889692] (orbslam3) StderrLine: {'line': b'                 from /home/romi/fawad/ORB_SLAM3/include/System.h:31,\n'}
[10.889766] (orbslam3) StderrLine: {'line': b'                 from /home/romi/fawad/ros2_ws/src/ORB_SLAM3_ROS2/src/rgbd/rgbd-slam-node.hpp:18,\n'}
[10.889843] (orbslam3) StderrLine: {'line': b'                 from /home/romi/fawad/ros2_ws/src/ORB_SLAM3_ROS2/src/rgbd/rgbd-slam-node.cpp:1:\n'}
[10.889918] (orbslam3) StderrLine: {'line': b'/home/romi/fawad/ORB_SLAM3/Thirdparty/g2o/g2o/types/../core/base_binary_edge.h:60:80: warning: \xe2\x80\x98Eigen::AlignedBit\xe2\x80\x99 is deprecated [-Wdeprecated-declarations]\n'}
[10.890003] (orbslam3) StderrLine: {'line': b'   60 |       typedef Eigen::Map<Matrix<double, Dj, Di>, Matrix<double, Dj, Di>::Flags & AlignedBit ? Aligned : Unaligned > HessianBlockTransposedType;\n'}
[10.890080] (orbslam3) StderrLine: {'line': b'      |                                                                          ~~~~~~^~~~~~~~~~~~\n'}
[10.890168] (orbslam3) StderrLine: {'line': b'In file included from /usr/include/eigen3/Eigen/Core:161,\n'}
[10.890246] (orbslam3) StderrLine: {'line': b'                 from /usr/include/eigen3/Eigen/LU:11,\n'}
[10.890331] (orbslam3) StderrLine: {'line': b'                 from /home/romi/fawad/ORB_SLAM3/Thirdparty/Sophus/sophus/so2.hpp:12,\n'}
[10.890408] (orbslam3) StderrLine: {'line': b'                 from /home/romi/fawad/ORB_SLAM3/Thirdparty/Sophus/sophus/se2.hpp:7,\n'}
[10.890483] (orbslam3) StderrLine: {'line': b'                 from /home/romi/fawad/ORB_SLAM3/Thirdparty/Sophus/sophus/geometry.hpp:7,\n'}
[10.890556] (orbslam3) StderrLine: {'line': b'                 from /home/romi/fawad/ORB_SLAM3/include/Frame.h:28,\n'}
[10.890631] (orbslam3) StderrLine: {'line': b'                 from /home/romi/fawad/ORB_SLAM3/include/KeyFrame.h:28,\n'}
[10.890706] (orbslam3) StderrLine: {'line': b'                 from /home/romi/fawad/ORB_SLAM3/include/MapPoint.h:23,\n'}
[10.890779] (orbslam3) StderrLine: {'line': b'                 from /home/romi/fawad/ORB_SLAM3/include/FrameDrawer.h:24,\n'}
[10.890852] (orbslam3) StderrLine: {'line': b'                 from /home/romi/fawad/ORB_SLAM3/include/Viewer.h:23,\n'}
[10.890925] (orbslam3) StderrLine: {'line': b'                 from /home/romi/fawad/ORB_SLAM3/include/Tracking.h:26,\n'}
[10.891006] (orbslam3) StderrLine: {'line': b'                 from /home/romi/fawad/ORB_SLAM3/include/System.h:31,\n'}
[10.891087] (orbslam3) StderrLine: {'line': b'                 from /home/romi/fawad/ros2_ws/src/ORB_SLAM3_ROS2/src/rgbd/rgbd-slam-node.hpp:18,\n'}
[10.891181] (orbslam3) StderrLine: {'line': b'                 from /home/romi/fawad/ros2_ws/src/ORB_SLAM3_ROS2/src/rgbd/rgbd-slam-node.cpp:1:\n'}
[10.891267] (orbslam3) StderrLine: {'line': b'/usr/include/eigen3/Eigen/src/Core/util/Constants.h:167:37: note: declared here\n'}
[10.891344] (orbslam3) StderrLine: {'line': b'  167 | EIGEN_DEPRECATED const unsigned int AlignedBit = 0x80;\n'}
[10.891420] (orbslam3) StderrLine: {'line': b'      |                                     ^~~~~~~~~~\n'}
[10.944669] (-) TimerEvent: {}
[11.024467] (orbslam3) StderrLine: {'line': b'In file included from /home/romi/fawad/ORB_SLAM3/include/Atlas.h:26,\n'}
[11.024671] (orbslam3) StderrLine: {'line': b'                 from /home/romi/fawad/ORB_SLAM3/include/FrameDrawer.h:25,\n'}
[11.024763] (orbslam3) StderrLine: {'line': b'                 from /home/romi/fawad/ORB_SLAM3/include/Viewer.h:23,\n'}
[11.024847] (orbslam3) StderrLine: {'line': b'                 from /home/romi/fawad/ORB_SLAM3/include/Tracking.h:26,\n'}
[11.024927] (orbslam3) StderrLine: {'line': b'                 from /home/romi/fawad/ORB_SLAM3/include/System.h:31,\n'}
[11.025005] (orbslam3) StderrLine: {'line': b'                 from /home/romi/fawad/ros2_ws/src/ORB_SLAM3_ROS2/src/monocular/monocular-slam-node.hpp:9,\n'}
[11.025085] (orbslam3) StderrLine: {'line': b'                 from /home/romi/fawad/ros2_ws/src/ORB_SLAM3_ROS2/src/monocular/mono.cpp:7:\n'}
[11.025183] (orbslam3) StderrLine: {'line': b'/home/romi/fawad/ORB_SLAM3/include/CameraModels/Pinhole.h: In member function \xe2\x80\x98virtual bool ORB_SLAM3::Pinhole::matchAndtriangulate(const cv::KeyPoint&, const cv::KeyPoint&, ORB_SLAM3::GeometricCamera*, Sophus::SE3f&, Sophus::SE3f&, float, float, Eigen::Vector3f&)\xe2\x80\x99:\n'}
[11.025283] (orbslam3) StderrLine: {'line': b'/home/romi/fawad/ORB_SLAM3/include/CameraModels/Pinhole.h:83:54: warning: unused parameter \xe2\x80\x98kp1\xe2\x80\x99 [-Wunused-parameter]\n'}
[11.025365] (orbslam3) StderrLine: {'line': b'   83 |         bool matchAndtriangulate(const cv::KeyPoint& kp1, const cv::KeyPoint& kp2, GeometricCamera* pOther,\n'}
[11.025445] (orbslam3) StderrLine: {'line': b'      |                                  ~~~~~~~~~~~~~~~~~~~~^~~\n'}
[11.025784] (orbslam3) StderrLine: {'line': b'/home/romi/fawad/ORB_SLAM3/include/CameraModels/Pinhole.h:83:79: warning: unused parameter \xe2\x80\x98kp2\xe2\x80\x99 [-Wunused-parameter]\n'}
[11.025882] (orbslam3) StderrLine: {'line': b'   83 | Andtriangulate(const cv::KeyPoint& kp1, const cv::KeyPoint& kp2, GeometricCamera* pOther,\n'}
[11.025965] (orbslam3) StderrLine: {'line': b'      |                                         ~~~~~~~~~~~~~~~~~~~~^~~\n'}
[11.026048] (orbslam3) StderrLine: {'line': b'\n'}
[11.026258] (orbslam3) StderrLine: {'line': b'/home/romi/fawad/ORB_SLAM3/include/CameraModels/Pinhole.h:83:101: warning: unused parameter \xe2\x80\x98pOther\xe2\x80\x99 [-Wunused-parameter]\n'}
[11.026346] (orbslam3) StderrLine: {'line': b'   83 | st cv::KeyPoint& kp1, const cv::KeyPoint& kp2, GeometricCamera* pOther,\n'}
[11.026426] (orbslam3) StderrLine: {'line': b'      |                                                ~~~~~~~~~~~~~~~~~^~~~~~\n'}
[11.026605] (orbslam3) StderrLine: {'line': b'\n'}
[11.026683] (orbslam3) StderrLine: {'line': b'/home/romi/fawad/ORB_SLAM3/include/CameraModels/Pinhole.h:84:48: warning: unused parameter \xe2\x80\x98Tcw1\xe2\x80\x99 [-Wunused-parameter]\n'}
[11.026770] (orbslam3) StderrLine: {'line': b'   84 |                                  Sophus::SE3f& Tcw1, Sophus::SE3f& Tcw2,\n'}
[11.026847] (orbslam3) StderrLine: {'line': b'      |                                  ~~~~~~~~~~~~~~^~~~\n'}
[11.026923] (orbslam3) StderrLine: {'line': b'/home/romi/fawad/ORB_SLAM3/include/CameraModels/Pinhole.h:84:68: warning: unused parameter \xe2\x80\x98Tcw2\xe2\x80\x99 [-Wunused-parameter]\n'}
[11.027000] (orbslam3) StderrLine: {'line': b'   84 |                                 Sophus::SE3f& Tcw1, Sophus::SE3f& Tcw2,\n'}
[11.027077] (orbslam3) StderrLine: {'line': b'      |                                                     ~~~~~~~~~~~~~~^~~~\n'}
[11.027173] (orbslam3) StderrLine: {'line': b'\n'}
[11.027251] (orbslam3) StderrLine: {'line': b'/home/romi/fawad/ORB_SLAM3/include/CameraModels/Pinhole.h:85:46: warning: unused parameter \xe2\x80\x98sigmaLevel1\xe2\x80\x99 [-Wunused-parameter]\n'}
[11.027329] (orbslam3) StderrLine: {'line': b'   85 |                                  const float sigmaLevel1, const float sigmaLevel2,\n'}
[11.027407] (orbslam3) StderrLine: {'line': b'      |                                  ~~~~~~~~~~~~^~~~~~~~~~~\n'}
[11.027481] (orbslam3) StderrLine: {'line': b'/home/romi/fawad/ORB_SLAM3/include/CameraModels/Pinhole.h:85:71: warning: unused parameter \xe2\x80\x98sigmaLevel2\xe2\x80\x99 [-Wunused-parameter]\n'}
[11.027554] (orbslam3) StderrLine: {'line': b'   85 |                        const float sigmaLevel1, const float sigmaLevel2,\n'}
[11.027624] (orbslam3) StderrLine: {'line': b'      |                                                 ~~~~~~~~~~~~^~~~~~~~~~~\n'}
[11.027695] (orbslam3) StderrLine: {'line': b'\n'}
[11.027767] (orbslam3) StderrLine: {'line': b'/home/romi/fawad/ORB_SLAM3/include/CameraModels/Pinhole.h:86:51: warning: unused parameter \xe2\x80\x98x3Dtriangulated\xe2\x80\x99 [-Wunused-parameter]\n'}
[11.027841] (orbslam3) StderrLine: {'line': b'   86 |                                  Eigen::Vector3f& x3Dtriangulated) { return false;}\n'}
[11.027910] (orbslam3) StderrLine: {'line': b'      |                                  ~~~~~~~~~~~~~~~~~^~~~~~~~~~~~~~~\n'}
[11.027981] (orbslam3) StderrLine: {'line': b'In file included from /home/romi/fawad/ORB_SLAM3/include/Atlas.h:27,\n'}
[11.028053] (orbslam3) StderrLine: {'line': b'                 from /home/romi/fawad/ORB_SLAM3/include/FrameDrawer.h:25,\n'}
[11.028141] (orbslam3) StderrLine: {'line': b'                 from /home/romi/fawad/ORB_SLAM3/include/Viewer.h:23,\n'}
[11.028218] (orbslam3) StderrLine: {'line': b'                 from /home/romi/fawad/ORB_SLAM3/include/Tracking.h:26,\n'}
[11.028300] (orbslam3) StderrLine: {'line': b'                 from /home/romi/fawad/ORB_SLAM3/include/System.h:31,\n'}
[11.028372] (orbslam3) StderrLine: {'line': b'                 from /home/romi/fawad/ros2_ws/src/ORB_SLAM3_ROS2/src/monocular/monocular-slam-node.hpp:9,\n'}
[11.028447] (orbslam3) StderrLine: {'line': b'                 from /home/romi/fawad/ros2_ws/src/ORB_SLAM3_ROS2/src/monocular/mono.cpp:7:\n'}
[11.028523] (orbslam3) StderrLine: {'line': b'/home/romi/fawad/ORB_SLAM3/include/CameraModels/KannalaBrandt8.h: In constructor \xe2\x80\x98ORB_SLAM3::KannalaBrandt8::KannalaBrandt8(std::vector<float>)\xe2\x80\x99:\n'}
[11.028610] (orbslam3) StderrLine: {'line': b'/home/romi/fawad/ORB_SLAM3/include/CameraModels/KannalaBrandt8.h:102:21: warning: \xe2\x80\x98ORB_SLAM3::KannalaBrandt8::precision\xe2\x80\x99 will be initialized after [-Wreorder]\n'}
[11.028685] (orbslam3) StderrLine: {'line': b'  102 |         const float precision;\n'}
[11.028758] (orbslam3) StderrLine: {'line': b'      |                     ^~~~~~~~~\n'}
[11.028829] (orbslam3) StderrLine: {'line': b'/home/romi/fawad/ORB_SLAM3/include/CameraModels/KannalaBrandt8.h:88:26: warning:   \xe2\x80\x98std::vector<int> ORB_SLAM3::KannalaBrandt8::mvLappingArea\xe2\x80\x99 [-Wreorder]\n'}
[11.028901] (orbslam3) StderrLine: {'line': b'   88 |         std::vector<int> mvLappingArea;\n'}
[11.028972] (orbslam3) StderrLine: {'line': b'      |                          ^~~~~~~~~~~~~\n'}
[11.029047] (orbslam3) StderrLine: {'line': b'In file included from /home/romi/fawad/ORB_SLAM3/include/Atlas.h:27,\n'}
[11.029197] (orbslam3) StderrLine: {'line': b'                 from /home/romi/fawad/ORB_SLAM3/include/FrameDrawer.h:25,\n'}
[11.029280] (orbslam3) StderrLine: {'line': b'                 from /home/romi/fawad/ORB_SLAM3/include/Viewer.h:23,\n'}
[11.029352] (orbslam3) StderrLine: {'line': b'                 from /home/romi/fawad/ORB_SLAM3/include/Tracking.h:26,\n'}
[11.029423] (orbslam3) StderrLine: {'line': b'                 from /home/romi/fawad/ORB_SLAM3/include/System.h:31,\n'}
[11.029494] (orbslam3) StderrLine: {'line': b'                 from /home/romi/fawad/ros2_ws/src/ORB_SLAM3_ROS2/src/monocular/monocular-slam-node.hpp:9,\n'}
[11.029567] (orbslam3) StderrLine: {'line': b'                 from /home/romi/fawad/ros2_ws/src/ORB_SLAM3_ROS2/src/monocular/mono.cpp:7:\n'}
[11.029648] (orbslam3) StderrLine: {'line': b'/home/romi/fawad/ORB_SLAM3/include/CameraModels/KannalaBrandt8.h:47:9: warning:   when initialized here [-Wreorder]\n'}
[11.029721] (orbslam3) StderrLine: {'line': b'   47 |         KannalaBrandt8(const std::vector<float> _vParameters) : GeometricCamera(_vParameters), precision(1e-6), mvLappingArea(2,0) ,tvr(nullptr) {\n'}
[11.029794] (orbslam3) StderrLine: {'line': b'      |         ^~~~~~~~~~~~~~\n'}
[11.029865] (orbslam3) StderrLine: {'line': b'In file included from /home/romi/fawad/ORB_SLAM3/include/Atlas.h:27,\n'}
[11.029937] (orbslam3) StderrLine: {'line': b'                 from /home/romi/fawad/ORB_SLAM3/include/FrameDrawer.h:25,\n'}
[11.030008] (orbslam3) StderrLine: {'line': b'                 from /home/romi/fawad/ORB_SLAM3/include/Viewer.h:23,\n'}
[11.030079] (orbslam3) StderrLine: {'line': b'                 from /home/romi/fawad/ORB_SLAM3/include/Tracking.h:26,\n'}
[11.030167] (orbslam3) StderrLine: {'line': b'                 from /home/romi/fawad/ORB_SLAM3/include/System.h:31,\n'}
[11.030266] (orbslam3) StderrLine: {'line': b'                 from /home/romi/fawad/ros2_ws/src/ORB_SLAM3_ROS2/src/monocular/monocular-slam-node.hpp:9,\n'}
[11.030338] (orbslam3) StderrLine: {'line': b'                 from /home/romi/fawad/ros2_ws/src/ORB_SLAM3_ROS2/src/monocular/mono.cpp:7:\n'}
[11.030410] (orbslam3) StderrLine: {'line': b'/home/romi/fawad/ORB_SLAM3/include/CameraModels/KannalaBrandt8.h: In constructor \xe2\x80\x98ORB_SLAM3::KannalaBrandt8::KannalaBrandt8(std::vector<float>, float)\xe2\x80\x99:\n'}
[11.030489] (orbslam3) StderrLine: {'line': b'/home/romi/fawad/ORB_SLAM3/include/CameraModels/KannalaBrandt8.h:102:21: warning: \xe2\x80\x98ORB_SLAM3::KannalaBrandt8::precision\xe2\x80\x99 will be initialized after [-Wreorder]\n'}
[11.030560] (orbslam3) StderrLine: {'line': b'  102 |         const float precision;\n'}
[11.030630] (orbslam3) StderrLine: {'line': b'      |                     ^~~~~~~~~\n'}
[11.030697] (orbslam3) StderrLine: {'line': b'/home/romi/fawad/ORB_SLAM3/include/CameraModels/KannalaBrandt8.h:88:26: warning:   \xe2\x80\x98std::vector<int> ORB_SLAM3::KannalaBrandt8::mvLappingArea\xe2\x80\x99 [-Wreorder]\n'}
[11.030770] (orbslam3) StderrLine: {'line': b'   88 |         std::vector<int> mvLappingArea;\n'}
[11.030839] (orbslam3) StderrLine: {'line': b'      |                          ^~~~~~~~~~~~~\n'}
[11.030915] (orbslam3) StderrLine: {'line': b'/home/romi/fawad/ORB_SLAM3/include/CameraModels/KannalaBrandt8.h:53:9: warning:   when initialized here [-Wreorder]\n'}
[11.030987] (orbslam3) StderrLine: {'line': b'   53 |         KannalaBrandt8(const std::vector<float> _vParameters, const float _precision) : GeometricCamera(_vParameters),\n'}
[11.031060] (orbslam3) StderrLine: {'line': b'      |         ^~~~~~~~~~~~~~\n'}
[11.031147] (orbslam3) StderrLine: {'line': b'/home/romi/fawad/ORB_SLAM3/include/CameraModels/KannalaBrandt8.h: In constructor \xe2\x80\x98ORB_SLAM3::KannalaBrandt8::KannalaBrandt8(ORB_SLAM3::KannalaBrandt8*)\xe2\x80\x99:\n'}
[11.031222] (orbslam3) StderrLine: {'line': b'/home/romi/fawad/ORB_SLAM3/include/CameraModels/KannalaBrandt8.h:102:21: warning: \xe2\x80\x98ORB_SLAM3::KannalaBrandt8::precision\xe2\x80\x99 will be initialized after [-Wreorder]\n'}
[11.031356] (orbslam3) StderrLine: {'line': b'  102 |         const float precision;\n'}
[11.031430] (orbslam3) StderrLine: {'line': b'      |                     ^~~~~~~~~\n'}
[11.031502] (orbslam3) StderrLine: {'line': b'/home/romi/fawad/ORB_SLAM3/include/CameraModels/KannalaBrandt8.h:88:26: warning:   \xe2\x80\x98std::vector<int> ORB_SLAM3::KannalaBrandt8::mvLappingArea\xe2\x80\x99 [-Wreorder]\n'}
[11.031582] (orbslam3) StderrLine: {'line': b'   88 |         std::vector<int> mvLappingArea;\n'}
[11.031653] (orbslam3) StderrLine: {'line': b'      |                          ^~~~~~~~~~~~~\n'}
[11.031726] (orbslam3) StderrLine: {'line': b'/home/romi/fawad/ORB_SLAM3/include/CameraModels/KannalaBrandt8.h:59:9: warning:   when initialized here [-Wreorder]\n'}
[11.031798] (orbslam3) StderrLine: {'line': b'   59 |         KannalaBrandt8(KannalaBrandt8* pKannala) : GeometricCamera(pKannala->mvParameters), precision(pKannala->precision), mvLappingArea(2,0) ,tvr(nullptr) {\n'}
[11.031871] (orbslam3) StderrLine: {'line': b'      |         ^~~~~~~~~~~~~~\n'}
[11.044772] (-) TimerEvent: {}
[11.145116] (-) TimerEvent: {}
[11.245448] (-) TimerEvent: {}
[11.345782] (-) TimerEvent: {}
[11.381191] (orbslam3) StderrLine: {'line': b'In file included from /home/romi/fawad/ORB_SLAM3/include/Atlas.h:26,\n'}
[11.381405] (orbslam3) StderrLine: {'line': b'                 from /home/romi/fawad/ORB_SLAM3/include/FrameDrawer.h:25,\n'}
[11.381503] (orbslam3) StderrLine: {'line': b'                 from /home/romi/fawad/ORB_SLAM3/include/Viewer.h:23,\n'}
[11.381583] (orbslam3) StderrLine: {'line': b'                 from /home/romi/fawad/ORB_SLAM3/include/Tracking.h:26,\n'}
[11.381669] (orbslam3) StderrLine: {'line': b'                 from /home/romi/fawad/ORB_SLAM3/include/System.h:31,\n'}
[11.381748] (orbslam3) StderrLine: {'line': b'                 from /home/romi/fawad/ros2_ws/src/ORB_SLAM3_ROS2/src/rgbd/rgbd-slam-node.hpp:18,\n'}
[11.381826] (orbslam3) StderrLine: {'line': b'                 from /home/romi/fawad/ros2_ws/src/ORB_SLAM3_ROS2/src/rgbd/rgbd.cpp:7:\n'}
[11.381905] (orbslam3) StderrLine: {'line': b'/home/romi/fawad/ORB_SLAM3/include/CameraModels/Pinhole.h: In member function \xe2\x80\x98virtual bool ORB_SLAM3::Pinhole::matchAndtriangulate(const cv::KeyPoint&, const cv::KeyPoint&, ORB_SLAM3::GeometricCamera*, Sophus::SE3f&, Sophus::SE3f&, float, float, Eigen::Vector3f&)\xe2\x80\x99:\n'}
[11.381987] (orbslam3) StderrLine: {'line': b'/home/romi/fawad/ORB_SLAM3/include/CameraModels/Pinhole.h:83:54: warning: unused parameter \xe2\x80\x98kp1\xe2\x80\x99 [-Wunused-parameter]\n'}
[11.382065] (orbslam3) StderrLine: {'line': b'   83 |         bool matchAndtriangulate(const cv::KeyPoint& kp1, const cv::KeyPoint& kp2, GeometricCamera* pOther,\n'}
[11.382157] (orbslam3) StderrLine: {'line': b'      |                                  ~~~~~~~~~~~~~~~~~~~~^~~\n'}
[11.384798] (orbslam3) StderrLine: {'line': b'/home/romi/fawad/ORB_SLAM3/include/CameraModels/Pinhole.h:83:79: warning: unused parameter \xe2\x80\x98kp2\xe2\x80\x99 [-Wunused-parameter]\n'}
[11.384997] (orbslam3) StderrLine: {'line': b'   83 |         bool matchAndtriangulate(const cv::KeyPoint& kp1, const cv::KeyPoint& kp2, GeometricCamera* pOther,\n'}
[11.385125] (orbslam3) StderrLine: {'line': b'      |                                                           ~~~~~~~~~~~~~~~~~~~~^~~\n'}
[11.385218] (orbslam3) StderrLine: {'line': b'/home/romi/fawad/ORB_SLAM3/include/CameraModels/Pinhole.h:83:101: warning: unused parameter \xe2\x80\x98pOther\xe2\x80\x99 [-Wunused-parameter]\n'}
[11.385302] (orbslam3) StderrLine: {'line': b'   83 |         bool matchAndtriangulate(const cv::KeyPoint& kp1, const cv::KeyPoint& kp2, GeometricCamera* pOther,\n'}
[11.385385] (orbslam3) StderrLine: {'line': b'      |                                                                                    ~~~~~~~~~~~~~~~~~^~~~~~\n'}
[11.385466] (orbslam3) StderrLine: {'line': b'/home/romi/fawad/ORB_SLAM3/include/CameraModels/Pinhole.h:84:48: warning: unused parameter \xe2\x80\x98Tcw1\xe2\x80\x99 [-Wunused-parameter]\n'}
[11.385548] (orbslam3) StderrLine: {'line': b'   84 |                                  Sophus::SE3f& Tcw1, Sophus::SE3f& Tcw2,\n'}
[11.385628] (orbslam3) StderrLine: {'line': b'      |                                  ~~~~~~~~~~~~~~^~~~\n'}
[11.385709] (orbslam3) StderrLine: {'line': b'/home/romi/fawad/ORB_SLAM3/include/CameraModels/Pinhole.h:84:68: warning: unused parameter \xe2\x80\x98Tcw2\xe2\x80\x99 [-Wunused-parameter]\n'}
[11.385790] (orbslam3) StderrLine: {'line': b'   84 |                                  Sophus::SE3f& Tcw1, Sophus::SE3f& Tcw2,\n'}
[11.385870] (orbslam3) StderrLine: {'line': b'      |                                                      ~~~~~~~~~~~~~~^~~~\n'}
[11.385957] (orbslam3) StderrLine: {'line': b'/home/romi/fawad/ORB_SLAM3/include/CameraModels/Pinhole.h:85:46: warning: unused parameter \xe2\x80\x98sigmaLevel1\xe2\x80\x99 [-Wunused-parameter]\n'}
[11.386037] (orbslam3) StderrLine: {'line': b'   85 |                                  const float sigmaLevel1, const float sigmaLevel2,\n'}
[11.386124] (orbslam3) StderrLine: {'line': b'      |                                  ~~~~~~~~~~~~^~~~~~~~~~~\n'}
[11.386205] (orbslam3) StderrLine: {'line': b'/home/romi/fawad/ORB_SLAM3/include/CameraModels/Pinhole.h:85:71: warning: unused parameter \xe2\x80\x98sigmaLevel2\xe2\x80\x99 [-Wunused-parameter]\n'}
[11.386282] (orbslam3) StderrLine: {'line': b'   85 |                                  const float sigmaLevel1, const float sigmaLevel2,\n'}
[11.386354] (orbslam3) StderrLine: {'line': b'      |                                                           ~~~~~~~~~~~~^~~~~~~~~~~\n'}
[11.386428] (orbslam3) StderrLine: {'line': b'/home/romi/fawad/ORB_SLAM3/include/CameraModels/Pinhole.h:86:51: warning: unused parameter \xe2\x80\x98x3Dtriangulated\xe2\x80\x99 [-Wunused-parameter]\n'}
[11.386502] (orbslam3) StderrLine: {'line': b'   86 |                                  Eigen::Vector3f& x3Dtriangulated) { return false;}\n'}
[11.386574] (orbslam3) StderrLine: {'line': b'      |                                  ~~~~~~~~~~~~~~~~~^~~~~~~~~~~~~~~\n'}
[11.386652] (orbslam3) StderrLine: {'line': b'In file included from /home/romi/fawad/ORB_SLAM3/include/Atlas.h:27,\n'}
[11.386723] (orbslam3) StderrLine: {'line': b'                 from /home/romi/fawad/ORB_SLAM3/include/FrameDrawer.h:25,\n'}
[11.386793] (orbslam3) StderrLine: {'line': b'                 from /home/romi/fawad/ORB_SLAM3/include/Viewer.h:23,\n'}
[11.386862] (orbslam3) StderrLine: {'line': b'                 from /home/romi/fawad/ORB_SLAM3/include/Tracking.h:26,\n'}
[11.386931] (orbslam3) StderrLine: {'line': b'                 from /home/romi/fawad/ORB_SLAM3/include/System.h:31,\n'}
[11.387001] (orbslam3) StderrLine: {'line': b'                 from /home/romi/fawad/ros2_ws/src/ORB_SLAM3_ROS2/src/rgbd/rgbd-slam-node.hpp:18,\n'}
[11.387071] (orbslam3) StderrLine: {'line': b'                 from /home/romi/fawad/ros2_ws/src/ORB_SLAM3_ROS2/src/rgbd/rgbd.cpp:7:\n'}
[11.387153] (orbslam3) StderrLine: {'line': b'/home/romi/fawad/ORB_SLAM3/include/CameraModels/KannalaBrandt8.h: In constructor \xe2\x80\x98ORB_SLAM3::KannalaBrandt8::KannalaBrandt8(std::vector<float>)\xe2\x80\x99:\n'}
[11.387233] (orbslam3) StderrLine: {'line': b'/home/romi/fawad/ORB_SLAM3/include/CameraModels/KannalaBrandt8.h:102:21: warning: \xe2\x80\x98ORB_SLAM3::KannalaBrandt8::precision\xe2\x80\x99 will be initialized after [-Wreorder]\n'}
[11.387303] (orbslam3) StderrLine: {'line': b'  102 |         const float precision;\n'}
[11.387372] (orbslam3) StderrLine: {'line': b'      |                     ^~~~~~~~~\n'}
[11.387441] (orbslam3) StderrLine: {'line': b'/home/romi/fawad/ORB_SLAM3/include/CameraModels/KannalaBrandt8.h:88:26: warning:   \xe2\x80\x98std::vector<int> ORB_SLAM3::KannalaBrandt8::mvLappingArea\xe2\x80\x99 [-Wreorder]\n'}
[11.387512] (orbslam3) StderrLine: {'line': b'   88 |         std::vector<int> mvLappingArea;\n'}
[11.387580] (orbslam3) StderrLine: {'line': b'      |                          ^~~~~~~~~~~~~\n'}
[11.387650] (orbslam3) StderrLine: {'line': b'In file included from /home/romi/fawad/ORB_SLAM3/include/Atlas.h:27,\n'}
[11.387718] (orbslam3) StderrLine: {'line': b'                 from /home/romi/fawad/ORB_SLAM3/include/FrameDrawer.h:25,\n'}
[11.387795] (orbslam3) StderrLine: {'line': b'                 from /home/romi/fawad/ORB_SLAM3/include/Viewer.h:23,\n'}
[11.388540] (orbslam3) StderrLine: {'line': b'                 from /home/romi/fawad/ORB_SLAM3/include/Tracking.h:26,\n'}
[11.388628] (orbslam3) StderrLine: {'line': b'                 from /home/romi/fawad/ORB_SLAM3/include/System.h:31,\n'}
[11.388704] (orbslam3) StderrLine: {'line': b'                 from /home/romi/fawad/ros2_ws/src/ORB_SLAM3_ROS2/src/rgbd/rgbd-slam-node.hpp:18,\n'}
[11.388777] (orbslam3) StderrLine: {'line': b'                 from /home/romi/fawad/ros2_ws/src/ORB_SLAM3_ROS2/src/rgbd/rgbd.cpp:7:\n'}
[11.388849] (orbslam3) StderrLine: {'line': b'/home/romi/fawad/ORB_SLAM3/include/CameraModels/KannalaBrandt8.h:47:9: warning:   when initialized here [-Wreorder]\n'}
[11.388917] (orbslam3) StderrLine: {'line': b'   47 |         KannalaBrandt8(const std::vector<float> _vParameters) : GeometricCamera(_vParameters), precision(1e-6), mvLappingArea(2,0) ,tvr(nullptr) {\n'}
[11.388986] (orbslam3) StderrLine: {'line': b'      |         ^~~~~~~~~~~~~~\n'}
[11.389052] (orbslam3) StderrLine: {'line': b'In file included from /home/romi/fawad/ORB_SLAM3/include/Atlas.h:27,\n'}
[11.389130] (orbslam3) StderrLine: {'line': b'                 from /home/romi/fawad/ORB_SLAM3/include/FrameDrawer.h:25,\n'}
[11.389215] (orbslam3) StderrLine: {'line': b'                 from /home/romi/fawad/ORB_SLAM3/include/Viewer.h:23,\n'}
[11.389282] (orbslam3) StderrLine: {'line': b'                 from /home/romi/fawad/ORB_SLAM3/include/Tracking.h:26,\n'}
[11.389347] (orbslam3) StderrLine: {'line': b'                 from /home/romi/fawad/ORB_SLAM3/include/System.h:31,\n'}
[11.389412] (orbslam3) StderrLine: {'line': b'                 from /home/romi/fawad/ros2_ws/src/ORB_SLAM3_ROS2/src/rgbd/rgbd-slam-node.hpp:18,\n'}
[11.389478] (orbslam3) StderrLine: {'line': b'                 from /home/romi/fawad/ros2_ws/src/ORB_SLAM3_ROS2/src/rgbd/rgbd.cpp:7:\n'}
[11.389543] (orbslam3) StderrLine: {'line': b'/home/romi/fawad/ORB_SLAM3/include/CameraModels/KannalaBrandt8.h: In constructor \xe2\x80\x98ORB_SLAM3::KannalaBrandt8::KannalaBrandt8(std::vector<float>, float)\xe2\x80\x99:\n'}
[11.389610] (orbslam3) StderrLine: {'line': b'/home/romi/fawad/ORB_SLAM3/include/CameraModels/KannalaBrandt8.h:102:21: warning: \xe2\x80\x98ORB_SLAM3::KannalaBrandt8::precision\xe2\x80\x99 will be initialized after [-Wreorder]\n'}
[11.389676] (orbslam3) StderrLine: {'line': b'  102 |         const float precision;\n'}
[11.389743] (orbslam3) StderrLine: {'line': b'      |                     ^~~~~~~~~\n'}
[11.389808] (orbslam3) StderrLine: {'line': b'/home/romi/fawad/ORB_SLAM3/include/CameraModels/KannalaBrandt8.h:88:26: warning:   \xe2\x80\x98std::vector<int> ORB_SLAM3::KannalaBrandt8::mvLappingArea\xe2\x80\x99 [-Wreorder]\n'}
[11.389874] (orbslam3) StderrLine: {'line': b'   88 |         std::vector<int> mvLappingArea;\n'}
[11.389946] (orbslam3) StderrLine: {'line': b'      |                          ^~~~~~~~~~~~~\n'}
[11.390016] (orbslam3) StderrLine: {'line': b'/home/romi/fawad/ORB_SLAM3/include/CameraModels/KannalaBrandt8.h:53:9: warning:   when initialized here [-Wreorder]\n'}
[11.390082] (orbslam3) StderrLine: {'line': b'   53 |         KannalaBrandt8(const std::vector<float> _vParameters, const float _precision) : GeometricCamera(_vParameters),\n'}
[11.390177] (orbslam3) StderrLine: {'line': b'      |         ^~~~~~~~~~~~~~\n'}
[11.390247] (orbslam3) StderrLine: {'line': b'/home/romi/fawad/ORB_SLAM3/include/CameraModels/KannalaBrandt8.h: In constructor \xe2\x80\x98ORB_SLAM3::KannalaBrandt8::KannalaBrandt8(ORB_SLAM3::KannalaBrandt8*)\xe2\x80\x99:\n'}
[11.390320] (orbslam3) StderrLine: {'line': b'/home/romi/fawad/ORB_SLAM3/include/CameraModels/KannalaBrandt8.h:102:21: warning: \xe2\x80\x98ORB_SLAM3::KannalaBrandt8::precision\xe2\x80\x99 will be initialized after [-Wreorder]\n'}
[11.390390] (orbslam3) StderrLine: {'line': b'  102 |         const float precision;\n'}
[11.390457] (orbslam3) StderrLine: {'line': b'      |                     ^~~~~~~~~\n'}
[11.390557] (orbslam3) StderrLine: {'line': b'/home/romi/fawad/ORB_SLAM3/include/CameraModels/KannalaBrandt8.h:88:26: warning:   \xe2\x80\x98std::vector<int> ORB_SLAM3::KannalaBrandt8::mvLappingArea\xe2\x80\x99 [-Wreorder]\n'}
[11.390626] (orbslam3) StderrLine: {'line': b'   88 |         std::vector<int> mvLappingArea;\n'}
[11.390694] (orbslam3) StderrLine: {'line': b'      |                          ^~~~~~~~~~~~~\n'}
[11.390761] (orbslam3) StderrLine: {'line': b'/home/romi/fawad/ORB_SLAM3/include/CameraModels/KannalaBrandt8.h:59:9: warning:   when initialized here [-Wreorder]\n'}
[11.390829] (orbslam3) StderrLine: {'line': b'   59 |         KannalaBrandt8(KannalaBrandt8* pKannala) : GeometricCamera(pKannala->mvParameters), precision(pKannala->precision), mvLappingArea(2,0) ,tvr(nullptr) {\n'}
[11.390897] (orbslam3) StderrLine: {'line': b'      |         ^~~~~~~~~~~~~~\n'}
[11.445885] (-) TimerEvent: {}
[11.546533] (-) TimerEvent: {}
[11.646915] (-) TimerEvent: {}
[11.747767] (-) TimerEvent: {}
[11.802350] (orbslam3) StderrLine: {'line': b'In file included from /home/romi/fawad/ORB_SLAM3/include/Atlas.h:26,\n'}
[11.802658] (orbslam3) StderrLine: {'line': b'                 from /home/romi/fawad/ORB_SLAM3/include/FrameDrawer.h:25,\n'}
[11.802770] (orbslam3) StderrLine: {'line': b'                 from /home/romi/fawad/ORB_SLAM3/include/Viewer.h:23,\n'}
[11.802861] (orbslam3) StderrLine: {'line': b'                 from /home/romi/fawad/ORB_SLAM3/include/Tracking.h:26,\n'}
[11.802949] (orbslam3) StderrLine: {'line': b'                 from /home/romi/fawad/ORB_SLAM3/include/System.h:31,\n'}
[11.803038] (orbslam3) StderrLine: {'line': b'                 from /home/romi/fawad/ros2_ws/src/ORB_SLAM3_ROS2/src/stereo/stereo-slam-node.hpp:13,\n'}
[11.803141] (orbslam3) StderrLine: {'line': b'                 from /home/romi/fawad/ros2_ws/src/ORB_SLAM3_ROS2/src/stereo/stereo.cpp:7:\n'}
[11.803239] (orbslam3) StderrLine: {'line': b'/home/romi/fawad/ORB_SLAM3/include/CameraModels/Pinhole.h: In member function \xe2\x80\x98virtual bool ORB_SLAM3::Pinhole::matchAndtriangulate(const cv::KeyPoint&, const cv::KeyPoint&, ORB_SLAM3::GeometricCamera*, Sophus::SE3f&, Sophus::SE3f&, float, float, Eigen::Vector3f&)\xe2\x80\x99:\n'}
[11.803331] (orbslam3) StderrLine: {'line': b'/home/romi/fawad/ORB_SLAM3/include/CameraModels/Pinhole.h:83:54: warning: unused parameter \xe2\x80\x98kp1\xe2\x80\x99 [-Wunused-parameter]\n'}
[11.803643] (orbslam3) StderrLine: {'line': b'   83 |         bool matchAndtriangulate(const cv::KeyPoint& kp1, const cv::KeyPoint& kp2, GeometricCamera* pOther,\n'}
[11.803745] (orbslam3) StderrLine: {'line': b'      |                                  ~~~~~~~~~~~~~~~~~~~~^~~\n'}
[11.803841] (orbslam3) StderrLine: {'line': b'/home/romi/fawad/ORB_SLAM3/include/CameraModels/Pinhole.h:83:79: warning: unused parameter \xe2\x80\x98kp2\xe2\x80\x99 [-Wunused-parameter]\n'}
[11.803935] (orbslam3) StderrLine: {'line': b'   83 |         bool matchAndtriangulate(const cv::KeyPoint& kp1, const cv::KeyPoint& kp2, GeometricCamera* pOther,\n'}
[11.804044] (orbslam3) StderrLine: {'line': b'      |                                                           ~~~~~~~~~~~~~~~~~~~~^~~\n'}
[11.804302] (orbslam3) StderrLine: {'line': b'/home/romi/fawad/ORB_SLAM3/include/CameraModels/Pinhole.h:83:101: warning: unused parameter \xe2\x80\x98pOther\xe2\x80\x99 [-Wunused-parameter]\n'}
[11.804403] (orbslam3) StderrLine: {'line': b'   83 |         bool matchAndtriangulate(const cv::KeyPoint& kp1, const cv::KeyPoint& kp2, GeometricCamera* pOther,\n'}
[11.804489] (orbslam3) StderrLine: {'line': b'      |                                                                                    ~~~~~~~~~~~~~~~~~^~~~~~\n'}
[11.804620] (orbslam3) StderrLine: {'line': b'/home/romi/fawad/ORB_SLAM3/include/CameraModels/Pinhole.h:84:48: warning: unused parameter \xe2\x80\x98Tcw1\xe2\x80\x99 [-Wunused-parameter]\n'}
[11.804726] (orbslam3) StderrLine: {'line': b'   84 |                                  Sophus::SE3f& Tcw1, Sophus::SE3f& Tcw2,\n'}
[11.804820] (orbslam3) StderrLine: {'line': b'      |                                  ~~~~~~~~~~~~~~^~~~\n'}
[11.804914] (orbslam3) StderrLine: {'line': b'/home/romi/fawad/ORB_SLAM3/include/CameraModels/Pinhole.h:84:68: warning: unused parameter \xe2\x80\x98Tcw2\xe2\x80\x99 [-Wunused-parameter]\n'}
[11.805009] (orbslam3) StderrLine: {'line': b'   84 |                                  Sophus::SE3f& Tcw1, Sophus::SE3f& Tcw2,\n'}
[11.805111] (orbslam3) StderrLine: {'line': b'      |                                                      ~~~~~~~~~~~~~~^~~~\n'}
[11.805224] (orbslam3) StderrLine: {'line': b'/home/romi/fawad/ORB_SLAM3/include/CameraModels/Pinhole.h:85:46: warning: unused parameter \xe2\x80\x98sigmaLevel1\xe2\x80\x99 [-Wunused-parameter]\n'}
[11.805322] (orbslam3) StderrLine: {'line': b'   85 |                                  const float sigmaLevel1, const float sigmaLevel2,\n'}
[11.805416] (orbslam3) StderrLine: {'line': b'      |                                  ~~~~~~~~~~~~^~~~~~~~~~~\n'}
[11.805509] (orbslam3) StderrLine: {'line': b'/home/romi/fawad/ORB_SLAM3/include/CameraModels/Pinhole.h:85:71: warning: unused parameter \xe2\x80\x98sigmaLevel2\xe2\x80\x99 [-Wunused-parameter]\n'}
[11.805603] (orbslam3) StderrLine: {'line': b'   85 |                                  const float sigmaLevel1, const float sigmaLevel2,\n'}
[11.805702] (orbslam3) StderrLine: {'line': b'      |                                                           ~~~~~~~~~~~~^~~~~~~~~~~\n'}
[11.805796] (orbslam3) StderrLine: {'line': b'/home/romi/fawad/ORB_SLAM3/include/CameraModels/Pinhole.h:86:51: warning: unused parameter \xe2\x80\x98x3Dtriangulated\xe2\x80\x99 [-Wunused-parameter]\n'}
[11.805887] (orbslam3) StderrLine: {'line': b'   86 |                                  Eigen::Vector3f& x3Dtriangulated) { return false;}\n'}
[11.805977] (orbslam3) StderrLine: {'line': b'      |                                  ~~~~~~~~~~~~~~~~~^~~~~~~~~~~~~~~\n'}
[11.806066] (orbslam3) StderrLine: {'line': b'In file included from /home/romi/fawad/ORB_SLAM3/include/Atlas.h:27,\n'}
[11.806249] (orbslam3) StderrLine: {'line': b'                 from /home/romi/fawad/ORB_SLAM3/include/FrameDrawer.h:25,\n'}
[11.806347] (orbslam3) StderrLine: {'line': b'                 from /home/romi/fawad/ORB_SLAM3/include/Viewer.h:23,\n'}
[11.806439] (orbslam3) StderrLine: {'line': b'                 from /home/romi/fawad/ORB_SLAM3/include/Tracking.h:26,\n'}
[11.806530] (orbslam3) StderrLine: {'line': b'                 from /home/romi/fawad/ORB_SLAM3/include/System.h:31,\n'}
[11.806617] (orbslam3) StderrLine: {'line': b'                 from /home/romi/fawad/ros2_ws/src/ORB_SLAM3_ROS2/src/stereo/stereo-slam-node.hpp:13,\n'}
[11.806773] (orbslam3) StderrLine: {'line': b'                 from /home/romi/fawad/ros2_ws/src/ORB_SLAM3_ROS2/src/stereo/stereo.cpp:7:\n'}
[11.806870] (orbslam3) StderrLine: {'line': b'/home/romi/fawad/ORB_SLAM3/include/CameraModels/KannalaBrandt8.h: In constructor \xe2\x80\x98ORB_SLAM3::KannalaBrandt8::KannalaBrandt8(std::vector<float>)\xe2\x80\x99:\n'}
[11.806975] (orbslam3) StderrLine: {'line': b'/home/romi/fawad/ORB_SLAM3/include/CameraModels/KannalaBrandt8.h:102:21: warning: \xe2\x80\x98ORB_SLAM3::KannalaBrandt8::precision\xe2\x80\x99 will be initialized after [-Wreorder]\n'}
[11.807073] (orbslam3) StderrLine: {'line': b'  102 |         const float precision;\n'}
[11.807187] (orbslam3) StderrLine: {'line': b'      |                     ^~~~~~~~~\n'}
[11.807437] (orbslam3) StderrLine: {'line': b'/home/romi/fawad/ORB_SLAM3/include/CameraModels/KannalaBrandt8.h:88:26: warning:   \xe2\x80\x98std::vector<int> ORB_SLAM3::KannalaBrandt8::mvLappingArea\xe2\x80\x99 [-Wreorder]\n'}
[11.807518] (orbslam3) StderrLine: {'line': b'   88 |         std::vector<int> mvLappingArea;\n'}
[11.807601] (orbslam3) StderrLine: {'line': b'      |                          ^~~~~~~~~~~~~\n'}
[11.807685] (orbslam3) StderrLine: {'line': b'In file included from /home/romi/fawad/ORB_SLAM3/include/Atlas.h:27,\n'}
[11.807763] (orbslam3) StderrLine: {'line': b'                 from /home/romi/fawad/ORB_SLAM3/include/FrameDrawer.h:25,\n'}
[11.807836] (orbslam3) StderrLine: {'line': b'                 from /home/romi/fawad/ORB_SLAM3/include/Viewer.h:23,\n'}
[11.807903] (orbslam3) StderrLine: {'line': b'                 from /home/romi/fawad/ORB_SLAM3/include/Tracking.h:26,\n'}
[11.807968] (orbslam3) StderrLine: {'line': b'                 from /home/romi/fawad/ORB_SLAM3/include/System.h:31,\n'}
[11.808034] (orbslam3) StderrLine: {'line': b'                 from /home/romi/fawad/ros2_ws/src/ORB_SLAM3_ROS2/src/stereo/stereo-slam-node.hpp:13,\n'}
[11.808108] (orbslam3) StderrLine: {'line': b'                 from /home/romi/fawad/ros2_ws/src/ORB_SLAM3_ROS2/src/stereo/stereo.cpp:7:\n'}
[11.808188] (orbslam3) StderrLine: {'line': b'/home/romi/fawad/ORB_SLAM3/include/CameraModels/KannalaBrandt8.h:47:9: warning:   when initialized here [-Wreorder]\n'}
[11.808257] (orbslam3) StderrLine: {'line': b'   47 |         KannalaBrandt8(const std::vector<float> _vParameters) : GeometricCamera(_vParameters), precision(1e-6), mvLappingArea(2,0) ,tvr(nullptr) {\n'}
[11.808325] (orbslam3) StderrLine: {'line': b'      |         ^~~~~~~~~~~~~~\n'}
[11.808391] (orbslam3) StderrLine: {'line': b'In file included from /home/romi/fawad/ORB_SLAM3/include/Atlas.h:27,\n'}
[11.808458] (orbslam3) StderrLine: {'line': b'                 from /home/romi/fawad/ORB_SLAM3/include/FrameDrawer.h:25,\n'}
[11.808528] (orbslam3) StderrLine: {'line': b'                 from /home/romi/fawad/ORB_SLAM3/include/Viewer.h:23,\n'}
[11.808594] (orbslam3) StderrLine: {'line': b'                 from /home/romi/fawad/ORB_SLAM3/include/Tracking.h:26,\n'}
[11.808661] (orbslam3) StderrLine: {'line': b'                 from /home/romi/fawad/ORB_SLAM3/include/System.h:31,\n'}
[11.808728] (orbslam3) StderrLine: {'line': b'                 from /home/romi/fawad/ros2_ws/src/ORB_SLAM3_ROS2/src/stereo/stereo-slam-node.hpp:13,\n'}
[11.808795] (orbslam3) StderrLine: {'line': b'                 from /home/romi/fawad/ros2_ws/src/ORB_SLAM3_ROS2/src/stereo/stereo.cpp:7:\n'}
[11.808867] (orbslam3) StderrLine: {'line': b'/home/romi/fawad/ORB_SLAM3/include/CameraModels/KannalaBrandt8.h: In constructor \xe2\x80\x98ORB_SLAM3::KannalaBrandt8::KannalaBrandt8(std::vector<float>, float)\xe2\x80\x99:\n'}
[11.808951] (orbslam3) StderrLine: {'line': b'/home/romi/fawad/ORB_SLAM3/include/CameraModels/KannalaBrandt8.h:102:21: warning: \xe2\x80\x98ORB_SLAM3::KannalaBrandt8::precision\xe2\x80\x99 will be initialized after [-Wreorder]\n'}
[11.809020] (orbslam3) StderrLine: {'line': b'  102 |         const float precision;\n'}
[11.809092] (orbslam3) StderrLine: {'line': b'      |                     ^~~~~~~~~\n'}
[11.809182] (orbslam3) StderrLine: {'line': b'/home/romi/fawad/ORB_SLAM3/include/CameraModels/KannalaBrandt8.h:88:26: warning:   \xe2\x80\x98std::vector<int> ORB_SLAM3::KannalaBrandt8::mvLappingArea\xe2\x80\x99 [-Wreorder]\n'}
[11.809259] (orbslam3) StderrLine: {'line': b'   88 |         std::vector<int> mvLappingArea;\n'}
[11.809341] (orbslam3) StderrLine: {'line': b'      |                          ^~~~~~~~~~~~~\n'}
[11.809419] (orbslam3) StderrLine: {'line': b'/home/romi/fawad/ORB_SLAM3/include/CameraModels/KannalaBrandt8.h:53:9: warning:   when initialized here [-Wreorder]\n'}
[11.809505] (orbslam3) StderrLine: {'line': b'   53 |         KannalaBrandt8(const std::vector<float> _vParameters, const float _precision) : GeometricCamera(_vParameters),\n'}
[11.809587] (orbslam3) StderrLine: {'line': b'      |         ^~~~~~~~~~~~~~\n'}
[11.809669] (orbslam3) StderrLine: {'line': b'/home/romi/fawad/ORB_SLAM3/include/CameraModels/KannalaBrandt8.h: In constructor \xe2\x80\x98ORB_SLAM3::KannalaBrandt8::KannalaBrandt8(ORB_SLAM3::KannalaBrandt8*)\xe2\x80\x99:\n'}
[11.809759] (orbslam3) StderrLine: {'line': b'/home/romi/fawad/ORB_SLAM3/include/CameraModels/KannalaBrandt8.h:102:21: warning: \xe2\x80\x98ORB_SLAM3::KannalaBrandt8::precision\xe2\x80\x99 will be initialized after [-Wreorder]\n'}
[11.809845] (orbslam3) StderrLine: {'line': b'  102 |         const float precision;\n'}
[11.809926] (orbslam3) StderrLine: {'line': b'      |                     ^~~~~~~~~\n'}
[11.810003] (orbslam3) StderrLine: {'line': b'/home/romi/fawad/ORB_SLAM3/include/CameraModels/KannalaBrandt8.h:88:26: warning:   \xe2\x80\x98std::vector<int> ORB_SLAM3::KannalaBrandt8::mvLappingArea\xe2\x80\x99 [-Wreorder]\n'}
[11.810087] (orbslam3) StderrLine: {'line': b'   88 |         std::vector<int> mvLappingArea;\n'}
[11.810187] (orbslam3) StderrLine: {'line': b'      |                          ^~~~~~~~~~~~~\n'}
[11.810273] (orbslam3) StderrLine: {'line': b'/home/romi/fawad/ORB_SLAM3/include/CameraModels/KannalaBrandt8.h:59:9: warning:   when initialized here [-Wreorder]\n'}
[11.810353] (orbslam3) StderrLine: {'line': b'   59 |         KannalaBrandt8(KannalaBrandt8* pKannala) : GeometricCamera(pKannala->mvParameters), precision(pKannala->precision), mvLappingArea(2,0) ,tvr(nullptr) {\n'}
[11.810434] (orbslam3) StderrLine: {'line': b'      |         ^~~~~~~~~~~~~~\n'}
[11.847883] (-) TimerEvent: {}
[11.901740] (orbslam3) StderrLine: {'line': b'In file included from /home/romi/fawad/ORB_SLAM3/include/Atlas.h:26,\n'}
[11.902025] (orbslam3) StderrLine: {'line': b'                 from /home/romi/fawad/ORB_SLAM3/include/FrameDrawer.h:25,\n'}
[11.902147] (orbslam3) StderrLine: {'line': b'                 from /home/romi/fawad/ORB_SLAM3/include/Viewer.h:23,\n'}
[11.902244] (orbslam3) StderrLine: {'line': b'                 from /home/romi/fawad/ORB_SLAM3/include/Tracking.h:26,\n'}
[11.902332] (orbslam3) StderrLine: {'line': b'                 from /home/romi/fawad/ORB_SLAM3/include/System.h:31,\n'}
[11.902422] (orbslam3) StderrLine: {'line': b'                 from /home/romi/fawad/ros2_ws/src/ORB_SLAM3_ROS2/src/monocular/monocular-slam-node.hpp:9,\n'}
[11.902512] (orbslam3) StderrLine: {'line': b'                 from /home/romi/fawad/ros2_ws/src/ORB_SLAM3_ROS2/src/monocular/monocular-slam-node.cpp:1:\n'}
[11.902597] (orbslam3) StderrLine: {'line': b'/home/romi/fawad/ORB_SLAM3/include/CameraModels/Pinhole.h: In member function \xe2\x80\x98virtual bool ORB_SLAM3::Pinhole::matchAndtriangulate(const cv::KeyPoint&, const cv::KeyPoint&, ORB_SLAM3::GeometricCamera*, Sophus::SE3f&, Sophus::SE3f&, float, float, Eigen::Vector3f&)\xe2\x80\x99:\n'}
[11.902688] (orbslam3) StderrLine: {'line': b'/home/romi/fawad/ORB_SLAM3/include/CameraModels/Pinhole.h:83:54: warning: unused parameter \xe2\x80\x98kp1\xe2\x80\x99 [-Wunused-parameter]\n'}
[11.902778] (orbslam3) StderrLine: {'line': b'   83 |         bool matchAndtriangulate(const cv::KeyPoint& kp1, const cv::KeyPoint& kp2, GeometricCamera* pOther,\n'}
[11.902868] (orbslam3) StderrLine: {'line': b'      |                                  ~~~~~~~~~~~~~~~~~~~~^~~\n'}
[11.902956] (orbslam3) StderrLine: {'line': b'/home/romi/fawad/ORB_SLAM3/include/CameraModels/Pinhole.h:83:79: warning: unused parameter \xe2\x80\x98kp2\xe2\x80\x99 [-Wunused-parameter]\n'}
[11.903046] (orbslam3) StderrLine: {'line': b'   83 |         bool matchAndtriangulate(const cv::KeyPoint& kp1, const cv::KeyPoint& kp2, GeometricCamera* pOther,\n'}
[11.903178] (orbslam3) StderrLine: {'line': b'      |                                                           ~~~~~~~~~~~~~~~~~~~~^~~\n'}
[11.903430] (orbslam3) StderrLine: {'line': b'/home/romi/fawad/ORB_SLAM3/include/CameraModels/Pinhole.h:83:101: warning: unused parameter \xe2\x80\x98pOther\xe2\x80\x99 [-Wunused-parameter]\n'}
[11.903526] (orbslam3) StderrLine: {'line': b'   83 |         bool matchAndtriangulate(const cv::KeyPoint& kp1, const cv::KeyPoint& kp2, GeometricCamera* pOther,\n'}
[11.903618] (orbslam3) StderrLine: {'line': b'      |                                                                                    ~~~~~~~~~~~~~~~~~^~~~~~\n'}
[11.903707] (orbslam3) StderrLine: {'line': b'/home/romi/fawad/ORB_SLAM3/include/CameraModels/Pinhole.h:84:48: warning: unused parameter \xe2\x80\x98Tcw1\xe2\x80\x99 [-Wunused-parameter]\n'}
[11.903799] (orbslam3) StderrLine: {'line': b'   84 |                                  Sophus::SE3f& Tcw1, Sophus::SE3f& Tcw2,\n'}
[11.903901] (orbslam3) StderrLine: {'line': b'      |                                  ~~~~~~~~~~~~~~^~~~\n'}
[11.904032] (orbslam3) StderrLine: {'line': b'/home/romi/fawad/ORB_SLAM3/include/CameraModels/Pinhole.h:84:68: warning: unused parameter \xe2\x80\x98Tcw2\xe2\x80\x99 [-Wunused-parameter]\n'}
[11.904251] (orbslam3) StderrLine: {'line': b'   84 |                                  Sophus::SE3f& Tcw1, Sophus::SE3f& Tcw2,\n'}
[11.904450] (orbslam3) StderrLine: {'line': b'      |                                                      ~~~~~~~~~~~~~~^~~~\n'}
[11.904548] (orbslam3) StderrLine: {'line': b'/home/romi/fawad/ORB_SLAM3/include/CameraModels/Pinhole.h:85:46: warning: unused parameter \xe2\x80\x98sigmaLevel1\xe2\x80\x99 [-Wunused-parameter]\n'}
[11.904641] (orbslam3) StderrLine: {'line': b'   85 |                                  const float sigmaLevel1, const float sigmaLevel2,\n'}
[11.904739] (orbslam3) StderrLine: {'line': b'      |                                  ~~~~~~~~~~~~^~~~~~~~~~~\n'}
[11.904827] (orbslam3) StderrLine: {'line': b'/home/romi/fawad/ORB_SLAM3/include/CameraModels/Pinhole.h:85:71: warning: unused parameter \xe2\x80\x98sigmaLevel2\xe2\x80\x99 [-Wunused-parameter]\n'}
[11.904913] (orbslam3) StderrLine: {'line': b'   85 |                                  const float sigmaLevel1, const float sigmaLevel2,\n'}
[11.904999] (orbslam3) StderrLine: {'line': b'      |                                                           ~~~~~~~~~~~~^~~~~~~~~~~\n'}
[11.905299] (orbslam3) StderrLine: {'line': b'/home/romi/fawad/ORB_SLAM3/include/CameraModels/Pinhole.h:86:51: warning: unused parameter \xe2\x80\x98x3Dtriangulated\xe2\x80\x99 [-Wunused-parameter]\n'}
[11.905405] (orbslam3) StderrLine: {'line': b'   86 |                                  Eigen::Vector3f& x3Dtriangulated) { return false;}\n'}
[11.905495] (orbslam3) StderrLine: {'line': b'      |                                  ~~~~~~~~~~~~~~~~~^~~~~~~~~~~~~~~\n'}
[11.905592] (orbslam3) StderrLine: {'line': b'In file included from /home/romi/fawad/ORB_SLAM3/include/Atlas.h:27,\n'}
[11.905681] (orbslam3) StderrLine: {'line': b'                 from /home/romi/fawad/ORB_SLAM3/include/FrameDrawer.h:25,\n'}
[11.905756] (orbslam3) StderrLine: {'line': b'                 from /home/romi/fawad/ORB_SLAM3/include/Viewer.h:23,\n'}
[11.905826] (orbslam3) StderrLine: {'line': b'                 from /home/romi/fawad/ORB_SLAM3/include/Tracking.h:26,\n'}
[11.905900] (orbslam3) StderrLine: {'line': b'                 from /home/romi/fawad/ORB_SLAM3/include/System.h:31,\n'}
[11.905971] (orbslam3) StderrLine: {'line': b'                 from /home/romi/fawad/ros2_ws/src/ORB_SLAM3_ROS2/src/monocular/monocular-slam-node.hpp:9,\n'}
[11.906040] (orbslam3) StderrLine: {'line': b'                 from /home/romi/fawad/ros2_ws/src/ORB_SLAM3_ROS2/src/monocular/monocular-slam-node.cpp:1:\n'}
[11.906131] (orbslam3) StderrLine: {'line': b'/home/romi/fawad/ORB_SLAM3/include/CameraModels/KannalaBrandt8.h: In constructor \xe2\x80\x98ORB_SLAM3::KannalaBrandt8::KannalaBrandt8(std::vector<float>)\xe2\x80\x99:\n'}
[11.906231] (orbslam3) StderrLine: {'line': b'/home/romi/fawad/ORB_SLAM3/include/CameraModels/KannalaBrandt8.h:102:21: warning: \xe2\x80\x98ORB_SLAM3::KannalaBrandt8::precision\xe2\x80\x99 will be initialized after [-Wreorder]\n'}
[11.906309] (orbslam3) StderrLine: {'line': b'  102 |         const float precision;\n'}
[11.906378] (orbslam3) StderrLine: {'line': b'      |                     ^~~~~~~~~\n'}
[11.906451] (orbslam3) StderrLine: {'line': b'/home/romi/fawad/ORB_SLAM3/include/CameraModels/KannalaBrandt8.h:88:26: warning:   \xe2\x80\x98std::vector<int> ORB_SLAM3::KannalaBrandt8::mvLappingArea\xe2\x80\x99 [-Wreorder]\n'}
[11.906522] (orbslam3) StderrLine: {'line': b'   88 |         std::vector<int> mvLappingArea;\n'}
[11.906589] (orbslam3) StderrLine: {'line': b'      |                          ^~~~~~~~~~~~~\n'}
[11.906670] (orbslam3) StderrLine: {'line': b'In file included from /home/romi/fawad/ORB_SLAM3/include/Atlas.h:27,\n'}
[11.906752] (orbslam3) StderrLine: {'line': b'                 from /home/romi/fawad/ORB_SLAM3/include/FrameDrawer.h:25,\n'}
[11.906838] (orbslam3) StderrLine: {'line': b'                 from /home/romi/fawad/ORB_SLAM3/include/Viewer.h:23,\n'}
[11.906921] (orbslam3) StderrLine: {'line': b'                 from /home/romi/fawad/ORB_SLAM3/include/Tracking.h:26,\n'}
[11.907007] (orbslam3) StderrLine: {'line': b'                 from /home/romi/fawad/ORB_SLAM3/include/System.h:31,\n'}
[11.907092] (orbslam3) StderrLine: {'line': b'                 from /home/romi/fawad/ros2_ws/src/ORB_SLAM3_ROS2/src/monocular/monocular-slam-node.hpp:9,\n'}
[11.907198] (orbslam3) StderrLine: {'line': b'                 from /home/romi/fawad/ros2_ws/src/ORB_SLAM3_ROS2/src/monocular/monocular-slam-node.cpp:1:\n'}
[11.907285] (orbslam3) StderrLine: {'line': b'/home/romi/fawad/ORB_SLAM3/include/CameraModels/KannalaBrandt8.h:47:9: warning:   when initialized here [-Wreorder]\n'}
[11.907368] (orbslam3) StderrLine: {'line': b'   47 |         KannalaBrandt8(const std::vector<float> _vParameters) : GeometricCamera(_vParameters), precision(1e-6), mvLappingArea(2,0) ,tvr(nullptr) {\n'}
[11.907441] (orbslam3) StderrLine: {'line': b'      |         ^~~~~~~~~~~~~~\n'}
[11.907510] (orbslam3) StderrLine: {'line': b'In file included from /home/romi/fawad/ORB_SLAM3/include/Atlas.h:27,\n'}
[11.907584] (orbslam3) StderrLine: {'line': b'                 from /home/romi/fawad/ORB_SLAM3/include/FrameDrawer.h:25,\n'}
[11.907653] (orbslam3) StderrLine: {'line': b'                 from /home/romi/fawad/ORB_SLAM3/include/Viewer.h:23,\n'}
[11.907731] (orbslam3) StderrLine: {'line': b'                 from /home/romi/fawad/ORB_SLAM3/include/Tracking.h:26,\n'}
[11.907847] (orbslam3) StderrLine: {'line': b'                 from /home/romi/fawad/ORB_SLAM3/include/System.h:31,\n'}
[11.907917] (orbslam3) StderrLine: {'line': b'                 from /home/romi/fawad/ros2_ws/src/ORB_SLAM3_ROS2/src/monocular/monocular-slam-node.hpp:9,\n'}
[11.907987] (orbslam3) StderrLine: {'line': b'                 from /home/romi/fawad/ros2_ws/src/ORB_SLAM3_ROS2/src/monocular/monocular-slam-node.cpp:1:\n'}
[11.908064] (orbslam3) StderrLine: {'line': b'/home/romi/fawad/ORB_SLAM3/include/CameraModels/KannalaBrandt8.h: In constructor \xe2\x80\x98ORB_SLAM3::KannalaBrandt8::KannalaBrandt8(std::vector<float>, float)\xe2\x80\x99:\n'}
[11.908149] (orbslam3) StderrLine: {'line': b'/home/romi/fawad/ORB_SLAM3/include/CameraModels/KannalaBrandt8.h:102:21: warning: \xe2\x80\x98ORB_SLAM3::KannalaBrandt8::precision\xe2\x80\x99 will be initialized after [-Wreorder]\n'}
[11.908245] (orbslam3) StderrLine: {'line': b'  102 |         const float precision;\n'}
[11.908328] (orbslam3) StderrLine: {'line': b'      |                     ^~~~~~~~~\n'}
[11.908420] (orbslam3) StderrLine: {'line': b'/home/romi/fawad/ORB_SLAM3/include/CameraModels/KannalaBrandt8.h:88:26: warning:   \xe2\x80\x98std::vector<int> ORB_SLAM3::KannalaBrandt8::mvLappingArea\xe2\x80\x99 [-Wreorder]\n'}
[11.908506] (orbslam3) StderrLine: {'line': b'   88 |         std::vector<int> mvLappingArea;\n'}
[11.908600] (orbslam3) StderrLine: {'line': b'      |                          ^~~~~~~~~~~~~\n'}
[11.908689] (orbslam3) StderrLine: {'line': b'/home/romi/fawad/ORB_SLAM3/include/CameraModels/KannalaBrandt8.h:53:9: warning:   when initialized here [-Wreorder]\n'}
[11.908777] (orbslam3) StderrLine: {'line': b'   53 |         KannalaBrandt8(const std::vector<float> _vParameters, const float _precision) : GeometricCamera(_vParameters),\n'}
[11.908928] (orbslam3) StderrLine: {'line': b'      |         ^~~~~~~~~~~~~~\n'}
[11.909017] (orbslam3) StderrLine: {'line': b'/home/romi/fawad/ORB_SLAM3/include/CameraModels/KannalaBrandt8.h: In constructor \xe2\x80\x98ORB_SLAM3::KannalaBrandt8::KannalaBrandt8(ORB_SLAM3::KannalaBrandt8*)\xe2\x80\x99:\n'}
[11.909708] (orbslam3) StderrLine: {'line': b'/home/romi/fawad/ORB_SLAM3/include/CameraModels/KannalaBrandt8.h:102:21: warning: \xe2\x80\x98ORB_SLAM3::KannalaBrandt8::precision\xe2\x80\x99 will be initialized after [-Wreorder]\n'}
[11.909841] (orbslam3) StderrLine: {'line': b'  102 |         const float precision;\n'}
[11.909935] (orbslam3) StderrLine: {'line': b'      |                     ^~~~~~~~~\n'}
[11.910021] (orbslam3) StderrLine: {'line': b'/home/romi/fawad/ORB_SLAM3/include/CameraModels/KannalaBrandt8.h:88:26: warning:   \xe2\x80\x98std::vector<int> ORB_SLAM3::KannalaBrandt8::mvLappingArea\xe2\x80\x99 [-Wreorder]\n'}
[11.910133] (orbslam3) StderrLine: {'line': b'   88 |         std::vector<int> mvLappingArea;\n'}
[11.910218] (orbslam3) StderrLine: {'line': b'      |                          ^~~~~~~~~~~~~\n'}
[11.910286] (orbslam3) StderrLine: {'line': b'/home/romi/fawad/ORB_SLAM3/include/CameraModels/KannalaBrandt8.h:59:9: warning:   when initialized here [-Wreorder]\n'}
[11.910355] (orbslam3) StderrLine: {'line': b'   59 |         KannalaBrandt8(KannalaBrandt8* pKannala) : GeometricCamera(pKannala->mvParameters), precision(pKannala->precision), mvLappingArea(2,0) ,tvr(nullptr) {\n'}
[11.910424] (orbslam3) StderrLine: {'line': b'      |         ^~~~~~~~~~~~~~\n'}
[11.949926] (-) TimerEvent: {}
[12.050313] (-) TimerEvent: {}
[12.150737] (-) TimerEvent: {}
[12.205989] (orbslam3) StderrLine: {'line': b'In file included from /home/romi/fawad/ORB_SLAM3/include/Atlas.h:26,\n'}
[12.206230] (orbslam3) StderrLine: {'line': b'                 from /home/romi/fawad/ORB_SLAM3/include/FrameDrawer.h:25,\n'}
[12.206346] (orbslam3) StderrLine: {'line': b'                 from /home/romi/fawad/ORB_SLAM3/include/Viewer.h:23,\n'}
[12.206441] (orbslam3) StderrLine: {'line': b'                 from /home/romi/fawad/ORB_SLAM3/include/Tracking.h:26,\n'}
[12.206530] (orbslam3) StderrLine: {'line': b'                 from /home/romi/fawad/ORB_SLAM3/include/System.h:31,\n'}
[12.206624] (orbslam3) StderrLine: {'line': b'                 from /home/romi/fawad/ros2_ws/src/ORB_SLAM3_ROS2/src/stereo-inertial/stereo-inertial-node.hpp:10,\n'}
[12.206716] (orbslam3) StderrLine: {'line': b'                 from /home/romi/fawad/ros2_ws/src/ORB_SLAM3_ROS2/src/stereo-inertial/stereo-inertial.cpp:7:\n'}
[12.206808] (orbslam3) StderrLine: {'line': b'/home/romi/fawad/ORB_SLAM3/include/CameraModels/Pinhole.h: In member function \xe2\x80\x98virtual bool ORB_SLAM3::Pinhole::matchAndtriangulate(const cv::KeyPoint&, const cv::KeyPoint&, ORB_SLAM3::GeometricCamera*, Sophus::SE3f&, Sophus::SE3f&, float, float, Eigen::Vector3f&)\xe2\x80\x99:\n'}
[12.206901] (orbslam3) StderrLine: {'line': b'/home/romi/fawad/ORB_SLAM3/include/CameraModels/Pinhole.h:83:54: warning: unused parameter \xe2\x80\x98kp1\xe2\x80\x99 [-Wunused-parameter]\n'}
[12.206995] (orbslam3) StderrLine: {'line': b'   83 |         bool matchAndtriangulate(const cv::KeyPoint& kp1, const cv::KeyPoint& kp2, GeometricCamera* pOther,\n'}
[12.207087] (orbslam3) StderrLine: {'line': b'      |                                  ~~~~~~~~~~~~~~~~~~~~^~~\n'}
[12.207196] (orbslam3) StderrLine: {'line': b'/home/romi/fawad/ORB_SLAM3/include/CameraModels/Pinhole.h:83:79: warning: unused parameter \xe2\x80\x98kp2\xe2\x80\x99 [-Wunused-parameter]\n'}
[12.207307] (orbslam3) StderrLine: {'line': b'   83 |         bool matchAndtriangulate(const cv::KeyPoint& kp1, const cv::KeyPoint& kp2, GeometricCamera* pOther,\n'}
[12.207400] (orbslam3) StderrLine: {'line': b'      |                                                           ~~~~~~~~~~~~~~~~~~~~^~~\n'}
[12.207489] (orbslam3) StderrLine: {'line': b'/home/romi/fawad/ORB_SLAM3/include/CameraModels/Pinhole.h:83:101: warning: unused parameter \xe2\x80\x98pOther\xe2\x80\x99 [-Wunused-parameter]\n'}
[12.207579] (orbslam3) StderrLine: {'line': b'   83 |         bool matchAndtriangulate(const cv::KeyPoint& kp1, const cv::KeyPoint& kp2, GeometricCamera* pOther,\n'}
[12.207667] (orbslam3) StderrLine: {'line': b'      |                                                                                    ~~~~~~~~~~~~~~~~~^~~~~~\n'}
[12.208713] (orbslam3) StderrLine: {'line': b'/home/romi/fawad/ORB_SLAM3/include/CameraModels/Pinhole.h:84:48: warning: unused parameter \xe2\x80\x98Tcw1\xe2\x80\x99 [-Wunused-parameter]\n'}
[12.209225] (orbslam3) StderrLine: {'line': b'   84 |                                  Sophus::SE3f& Tcw1, Sophus::SE3f& Tcw2,\n'}
[12.209570] (orbslam3) StderrLine: {'line': b'      |                                  ~~~~~~~~~~~~~~^~~~\n'}
[12.209694] (orbslam3) StderrLine: {'line': b'/home/romi/fawad/ORB_SLAM3/include/CameraModels/Pinhole.h:84:68: warning: unused parameter \xe2\x80\x98Tcw2\xe2\x80\x99 [-Wunused-parameter]\n'}
[12.209809] (orbslam3) StderrLine: {'line': b'   84 |                                  Sophus::SE3f& Tcw1, Sophus::SE3f& Tcw2,\n'}
[12.209914] (orbslam3) StderrLine: {'line': b'      |                                                      ~~~~~~~~~~~~~~^~~~\n'}
[12.210006] (orbslam3) StderrLine: {'line': b'/home/romi/fawad/ORB_SLAM3/include/CameraModels/Pinhole.h:85:46: warning: unused parameter \xe2\x80\x98sigmaLevel1\xe2\x80\x99 [-Wunused-parameter]\n'}
[12.210730] (orbslam3) StderrLine: {'line': b'   85 |                                  const float sigmaLevel1, const float sigmaLevel2,\n'}
[12.210903] (orbslam3) StderrLine: {'line': b'      |                                  ~~~~~~~~~~~~^~~~~~~~~~~\n'}
[12.211007] (orbslam3) StderrLine: {'line': b'/home/romi/fawad/ORB_SLAM3/include/CameraModels/Pinhole.h:85:71: warning: unused parameter \xe2\x80\x98sigmaLevel2\xe2\x80\x99 [-Wunused-parameter]\n'}
[12.211111] (orbslam3) StderrLine: {'line': b'   85 |                                  const float sigmaLevel1, const float sigmaLevel2,\n'}
[12.211216] (orbslam3) StderrLine: {'line': b'      |                                                           ~~~~~~~~~~~~^~~~~~~~~~~\n'}
[12.211308] (orbslam3) StderrLine: {'line': b'/home/romi/fawad/ORB_SLAM3/include/CameraModels/Pinhole.h:86:51: warning: unused parameter \xe2\x80\x98x3Dtriangulated\xe2\x80\x99 [-Wunused-parameter]\n'}
[12.211401] (orbslam3) StderrLine: {'line': b'   86 |                                  Eigen::Vector3f& x3Dtriangulated) { return false;}\n'}
[12.211493] (orbslam3) StderrLine: {'line': b'      |                                  ~~~~~~~~~~~~~~~~~^~~~~~~~~~~~~~~\n'}
[12.212446] (orbslam3) StderrLine: {'line': b'In file included from /home/romi/fawad/ORB_SLAM3/include/Atlas.h:27,\n'}
[12.212573] (orbslam3) StderrLine: {'line': b'                 from /home/romi/fawad/ORB_SLAM3/include/FrameDrawer.h:25,\n'}
[12.212672] (orbslam3) StderrLine: {'line': b'                 from /home/romi/fawad/ORB_SLAM3/include/Viewer.h:23,\n'}
[12.212766] (orbslam3) StderrLine: {'line': b'                 from /home/romi/fawad/ORB_SLAM3/include/Tracking.h:26,\n'}
[12.212858] (orbslam3) StderrLine: {'line': b'                 from /home/romi/fawad/ORB_SLAM3/include/System.h:31,\n'}
[12.212962] (orbslam3) StderrLine: {'line': b'                 from /home/romi/fawad/ros2_ws/src/ORB_SLAM3_ROS2/src/stereo-inertial/stereo-inertial-node.hpp:10,\n'}
[12.213056] (orbslam3) StderrLine: {'line': b'                 from /home/romi/fawad/ros2_ws/src/ORB_SLAM3_ROS2/src/stereo-inertial/stereo-inertial.cpp:7:\n'}
[12.213167] (orbslam3) StderrLine: {'line': b'/home/romi/fawad/ORB_SLAM3/include/CameraModels/KannalaBrandt8.h: In constructor \xe2\x80\x98ORB_SLAM3::KannalaBrandt8::KannalaBrandt8(std::vector<float>)\xe2\x80\x99:\n'}
[12.213269] (orbslam3) StderrLine: {'line': b'/home/romi/fawad/ORB_SLAM3/include/CameraModels/KannalaBrandt8.h:102:21: warning: \xe2\x80\x98ORB_SLAM3::KannalaBrandt8::precision\xe2\x80\x99 will be initialized after [-Wreorder]\n'}
[12.213361] (orbslam3) StderrLine: {'line': b'  102 |         const float precision;\n'}
[12.213451] (orbslam3) StderrLine: {'line': b'      |                     ^~~~~~~~~\n'}
[12.213541] (orbslam3) StderrLine: {'line': b'/home/romi/fawad/ORB_SLAM3/include/CameraModels/KannalaBrandt8.h:88:26: warning:   \xe2\x80\x98std::vector<int> ORB_SLAM3::KannalaBrandt8::mvLappingArea\xe2\x80\x99 [-Wreorder]\n'}
[12.213629] (orbslam3) StderrLine: {'line': b'   88 |         std::vector<int> mvLappingArea;\n'}
[12.213720] (orbslam3) StderrLine: {'line': b'      |                          ^~~~~~~~~~~~~\n'}
[12.213807] (orbslam3) StderrLine: {'line': b'In file included from /home/romi/fawad/ORB_SLAM3/include/Atlas.h:27,\n'}
[12.213894] (orbslam3) StderrLine: {'line': b'                 from /home/romi/fawad/ORB_SLAM3/include/FrameDrawer.h:25,\n'}
[12.213984] (orbslam3) StderrLine: {'line': b'                 from /home/romi/fawad/ORB_SLAM3/include/Viewer.h:23,\n'}
[12.214073] (orbslam3) StderrLine: {'line': b'                 from /home/romi/fawad/ORB_SLAM3/include/Tracking.h:26,\n'}
[12.214182] (orbslam3) StderrLine: {'line': b'                 from /home/romi/fawad/ORB_SLAM3/include/System.h:31,\n'}
[12.214272] (orbslam3) StderrLine: {'line': b'                 from /home/romi/fawad/ros2_ws/src/ORB_SLAM3_ROS2/src/stereo-inertial/stereo-inertial-node.hpp:10,\n'}
[12.214361] (orbslam3) StderrLine: {'line': b'                 from /home/romi/fawad/ros2_ws/src/ORB_SLAM3_ROS2/src/stereo-inertial/stereo-inertial.cpp:7:\n'}
[12.214594] (orbslam3) StderrLine: {'line': b'/home/romi/fawad/ORB_SLAM3/include/CameraModels/KannalaBrandt8.h:47:9: warning:   when initialized here [-Wreorder]\n'}
[12.214691] (orbslam3) StderrLine: {'line': b'   47 |         KannalaBrandt8(const std::vector<float> _vParameters) : GeometricCamera(_vParameters), precision(1e-6), mvLappingArea(2,0) ,tvr(nullptr) {\n'}
[12.214781] (orbslam3) StderrLine: {'line': b'      |         ^~~~~~~~~~~~~~\n'}
[12.214873] (orbslam3) StderrLine: {'line': b'In file included from /home/romi/fawad/ORB_SLAM3/include/Atlas.h:27,\n'}
[12.214964] (orbslam3) StderrLine: {'line': b'                 from /home/romi/fawad/ORB_SLAM3/include/FrameDrawer.h:25,\n'}
[12.215053] (orbslam3) StderrLine: {'line': b'                 from /home/romi/fawad/ORB_SLAM3/include/Viewer.h:23,\n'}
[12.215159] (orbslam3) StderrLine: {'line': b'                 from /home/romi/fawad/ORB_SLAM3/include/Tracking.h:26,\n'}
[12.215253] (orbslam3) StderrLine: {'line': b'                 from /home/romi/fawad/ORB_SLAM3/include/System.h:31,\n'}
[12.215340] (orbslam3) StderrLine: {'line': b'                 from /home/romi/fawad/ros2_ws/src/ORB_SLAM3_ROS2/src/stereo-inertial/stereo-inertial-node.hpp:10,\n'}
[12.215444] (orbslam3) StderrLine: {'line': b'                 from /home/romi/fawad/ros2_ws/src/ORB_SLAM3_ROS2/src/stereo-inertial/stereo-inertial.cpp:7:\n'}
[12.215536] (orbslam3) StderrLine: {'line': b'/home/romi/fawad/ORB_SLAM3/include/CameraModels/KannalaBrandt8.h: In constructor \xe2\x80\x98ORB_SLAM3::KannalaBrandt8::KannalaBrandt8(std::vector<float>, float)\xe2\x80\x99:\n'}
[12.215702] (orbslam3) StderrLine: {'line': b'/home/romi/fawad/ORB_SLAM3/include/CameraModels/KannalaBrandt8.h:102:21: warning: \xe2\x80\x98ORB_SLAM3::KannalaBrandt8::precision\xe2\x80\x99 will be initialized after [-Wreorder]\n'}
[12.215795] (orbslam3) StderrLine: {'line': b'  102 |         const float precision;\n'}
[12.215885] (orbslam3) StderrLine: {'line': b'      |                     ^~~~~~~~~\n'}
[12.215973] (orbslam3) StderrLine: {'line': b'/home/romi/fawad/ORB_SLAM3/include/CameraModels/KannalaBrandt8.h:88:26: warning:   \xe2\x80\x98std::vector<int> ORB_SLAM3::KannalaBrandt8::mvLappingArea\xe2\x80\x99 [-Wreorder]\n'}
[12.216075] (orbslam3) StderrLine: {'line': b'   88 |         std::vector<int> mvLappingArea;\n'}
[12.216183] (orbslam3) StderrLine: {'line': b'      |                          ^~~~~~~~~~~~~\n'}
[12.216276] (orbslam3) StderrLine: {'line': b'/home/romi/fawad/ORB_SLAM3/include/CameraModels/KannalaBrandt8.h:53:9: warning:   when initialized here [-Wreorder]\n'}
[12.216373] (orbslam3) StderrLine: {'line': b'   53 |         KannalaBrandt8(const std::vector<float> _vParameters, const float _precision) : GeometricCamera(_vParameters),\n'}
[12.216465] (orbslam3) StderrLine: {'line': b'      |         ^~~~~~~~~~~~~~\n'}
[12.216556] (orbslam3) StderrLine: {'line': b'/home/romi/fawad/ORB_SLAM3/include/CameraModels/KannalaBrandt8.h: In constructor \xe2\x80\x98ORB_SLAM3::KannalaBrandt8::KannalaBrandt8(ORB_SLAM3::KannalaBrandt8*)\xe2\x80\x99:\n'}
[12.216649] (orbslam3) StderrLine: {'line': b'/home/romi/fawad/ORB_SLAM3/include/CameraModels/KannalaBrandt8.h:102:21: warning: \xe2\x80\x98ORB_SLAM3::KannalaBrandt8::precision\xe2\x80\x99 will be initialized after [-Wreorder]\n'}
[12.216742] (orbslam3) StderrLine: {'line': b'  102 |         const float precision;\n'}
[12.216831] (orbslam3) StderrLine: {'line': b'      |                     ^~~~~~~~~\n'}
[12.216918] (orbslam3) StderrLine: {'line': b'/home/romi/fawad/ORB_SLAM3/include/CameraModels/KannalaBrandt8.h:88:26: warning:   \xe2\x80\x98std::vector<int> ORB_SLAM3::KannalaBrandt8::mvLappingArea\xe2\x80\x99 [-Wreorder]\n'}
[12.217007] (orbslam3) StderrLine: {'line': b'   88 |         std::vector<int> mvLappingArea;\n'}
[12.217096] (orbslam3) StderrLine: {'line': b'      |                          ^~~~~~~~~~~~~\n'}
[12.217210] (orbslam3) StderrLine: {'line': b'/home/romi/fawad/ORB_SLAM3/include/CameraModels/KannalaBrandt8.h:59:9: warning:   when initialized here [-Wreorder]\n'}
[12.217303] (orbslam3) StderrLine: {'line': b'   59 |         KannalaBrandt8(KannalaBrandt8* pKannala) : GeometricCamera(pKannala->mvParameters), precision(pKannala->precision), mvLappingArea(2,0) ,tvr(nullptr) {\n'}
[12.217405] (orbslam3) StderrLine: {'line': b'      |         ^~~~~~~~~~~~~~\n'}
[12.250836] (-) TimerEvent: {}
[12.351146] (-) TimerEvent: {}
[12.451446] (-) TimerEvent: {}
[12.551763] (-) TimerEvent: {}
[12.652071] (-) TimerEvent: {}
[12.669186] (orbslam3) StderrLine: {'line': b'In file included from /home/romi/fawad/ORB_SLAM3/include/Atlas.h:26,\n'}
[12.669464] (orbslam3) StderrLine: {'line': b'                 from /home/romi/fawad/ORB_SLAM3/include/FrameDrawer.h:25,\n'}
[12.669574] (orbslam3) StderrLine: {'line': b'                 from /home/romi/fawad/ORB_SLAM3/include/Viewer.h:23,\n'}
[12.669666] (orbslam3) StderrLine: {'line': b'                 from /home/romi/fawad/ORB_SLAM3/include/Tracking.h:26,\n'}
[12.669774] (orbslam3) StderrLine: {'line': b'                 from /home/romi/fawad/ORB_SLAM3/include/System.h:31,\n'}
[12.669866] (orbslam3) StderrLine: {'line': b'                 from /home/romi/fawad/ros2_ws/src/ORB_SLAM3_ROS2/src/rgbd/rgbd-slam-node.hpp:18,\n'}
[12.669955] (orbslam3) StderrLine: {'line': b'                 from /home/romi/fawad/ros2_ws/src/ORB_SLAM3_ROS2/src/rgbd/rgbd-slam-node.cpp:1:\n'}
[12.670047] (orbslam3) StderrLine: {'line': b'/home/romi/fawad/ORB_SLAM3/include/CameraModels/Pinhole.h: In member function \xe2\x80\x98virtual bool ORB_SLAM3::Pinhole::matchAndtriangulate(const cv::KeyPoint&, const cv::KeyPoint&, ORB_SLAM3::GeometricCamera*, Sophus::SE3f&, Sophus::SE3f&, float, float, Eigen::Vector3f&)\xe2\x80\x99:\n'}
[12.670152] (orbslam3) StderrLine: {'line': b'/home/romi/fawad/ORB_SLAM3/include/CameraModels/Pinhole.h:83:54: warning: unused parameter \xe2\x80\x98kp1\xe2\x80\x99 [-Wunused-parameter]\n'}
[12.670247] (orbslam3) StderrLine: {'line': b'   83 |         bool matchAndtriangulate(const cv::KeyPoint& kp1, const cv::KeyPoint& kp2, GeometricCamera* pOther,\n'}
[12.670343] (orbslam3) StderrLine: {'line': b'      |                                  ~~~~~~~~~~~~~~~~~~~~^~~\n'}
[12.670450] (orbslam3) StderrLine: {'line': b'/home/romi/fawad/ORB_SLAM3/include/CameraModels/Pinhole.h:83:79: warning: unused parameter \xe2\x80\x98kp2\xe2\x80\x99 [-Wunused-parameter]\n'}
[12.670543] (orbslam3) StderrLine: {'line': b'   83 |         bool matchAndtriangulate(const cv::KeyPoint& kp1, const cv::KeyPoint& kp2, GeometricCamera* pOther,\n'}
[12.670632] (orbslam3) StderrLine: {'line': b'      |                                                           ~~~~~~~~~~~~~~~~~~~~^~~\n'}
[12.670722] (orbslam3) StderrLine: {'line': b'/home/romi/fawad/ORB_SLAM3/include/CameraModels/Pinhole.h:83:101: warning: unused parameter \xe2\x80\x98pOther\xe2\x80\x99 [-Wunused-parameter]\n'}
[12.670814] (orbslam3) StderrLine: {'line': b'   83 |         bool matchAndtriangulate(const cv::KeyPoint& kp1, const cv::KeyPoint& kp2, GeometricCamera* pOther,\n'}
[12.670910] (orbslam3) StderrLine: {'line': b'      |                                                                                    ~~~~~~~~~~~~~~~~~^~~~~~\n'}
[12.671000] (orbslam3) StderrLine: {'line': b'/home/romi/fawad/ORB_SLAM3/include/CameraModels/Pinhole.h:84:48: warning: unused parameter \xe2\x80\x98Tcw1\xe2\x80\x99 [-Wunused-parameter]\n'}
[12.671093] (orbslam3) StderrLine: {'line': b'   84 |                                  Sophus::SE3f& Tcw1, Sophus::SE3f& Tcw2,\n'}
[12.671201] (orbslam3) StderrLine: {'line': b'      |                                  ~~~~~~~~~~~~~~^~~~\n'}
[12.671292] (orbslam3) StderrLine: {'line': b'/home/romi/fawad/ORB_SLAM3/include/CameraModels/Pinhole.h:84:68: warning: unused parameter \xe2\x80\x98Tcw2\xe2\x80\x99 [-Wunused-parameter]\n'}
[12.671381] (orbslam3) StderrLine: {'line': b'   84 |                                  Sophus::SE3f& Tcw1, Sophus::SE3f& Tcw2,\n'}
[12.671470] (orbslam3) StderrLine: {'line': b'      |                                                      ~~~~~~~~~~~~~~^~~~\n'}
[12.671553] (orbslam3) StderrLine: {'line': b'/home/romi/fawad/ORB_SLAM3/include/CameraModels/Pinhole.h:85:46: warning: unused parameter \xe2\x80\x98sigmaLevel1\xe2\x80\x99 [-Wunused-parameter]\n'}
[12.671634] (orbslam3) StderrLine: {'line': b'   85 |                                  const float sigmaLevel1, const float sigmaLevel2,\n'}
[12.671707] (orbslam3) StderrLine: {'line': b'      |                                  ~~~~~~~~~~~~^~~~~~~~~~~\n'}
[12.671786] (orbslam3) StderrLine: {'line': b'/home/romi/fawad/ORB_SLAM3/include/CameraModels/Pinhole.h:85:71: warning: unused parameter \xe2\x80\x98sigmaLevel2\xe2\x80\x99 [-Wunused-parameter]\n'}
[12.671866] (orbslam3) StderrLine: {'line': b'   85 |                                  const float sigmaLevel1, const float sigmaLevel2,\n'}
[12.671944] (orbslam3) StderrLine: {'line': b'      |                                                           ~~~~~~~~~~~~^~~~~~~~~~~\n'}
[12.672031] (orbslam3) StderrLine: {'line': b'/home/romi/fawad/ORB_SLAM3/include/CameraModels/Pinhole.h:86:51: warning: unused parameter \xe2\x80\x98x3Dtriangulated\xe2\x80\x99 [-Wunused-parameter]\n'}
[12.672494] (orbslam3) StderrLine: {'line': b'   86 |                                  Eigen::Vector3f& x3Dtriangulated) { return false;}\n'}
[12.672617] (orbslam3) StderrLine: {'line': b'      |                                  ~~~~~~~~~~~~~~~~~^~~~~~~~~~~~~~~\n'}
[12.672710] (orbslam3) StderrLine: {'line': b'In file included from /home/romi/fawad/ORB_SLAM3/include/Atlas.h:27,\n'}
[12.672802] (orbslam3) StderrLine: {'line': b'                 from /home/romi/fawad/ORB_SLAM3/include/FrameDrawer.h:25,\n'}
[12.672891] (orbslam3) StderrLine: {'line': b'                 from /home/romi/fawad/ORB_SLAM3/include/Viewer.h:23,\n'}
[12.672979] (orbslam3) StderrLine: {'line': b'                 from /home/romi/fawad/ORB_SLAM3/include/Tracking.h:26,\n'}
[12.673065] (orbslam3) StderrLine: {'line': b'                 from /home/romi/fawad/ORB_SLAM3/include/System.h:31,\n'}
[12.673172] (orbslam3) StderrLine: {'line': b'                 from /home/romi/fawad/ros2_ws/src/ORB_SLAM3_ROS2/src/rgbd/rgbd-slam-node.hpp:18,\n'}
[12.673263] (orbslam3) StderrLine: {'line': b'                 from /home/romi/fawad/ros2_ws/src/ORB_SLAM3_ROS2/src/rgbd/rgbd-slam-node.cpp:1:\n'}
[12.673365] (orbslam3) StderrLine: {'line': b'/home/romi/fawad/ORB_SLAM3/include/CameraModels/KannalaBrandt8.h: In constructor \xe2\x80\x98ORB_SLAM3::KannalaBrandt8::KannalaBrandt8(std::vector<float>)\xe2\x80\x99:\n'}
[12.673462] (orbslam3) StderrLine: {'line': b'/home/romi/fawad/ORB_SLAM3/include/CameraModels/KannalaBrandt8.h:102:21: warning: \xe2\x80\x98ORB_SLAM3::KannalaBrandt8::precision\xe2\x80\x99 will be initialized after [-Wreorder]\n'}
[12.673552] (orbslam3) StderrLine: {'line': b'  102 |         const float precision;\n'}
[12.673641] (orbslam3) StderrLine: {'line': b'      |                     ^~~~~~~~~\n'}
[12.673727] (orbslam3) StderrLine: {'line': b'/home/romi/fawad/ORB_SLAM3/include/CameraModels/KannalaBrandt8.h:88:26: warning:   \xe2\x80\x98std::vector<int> ORB_SLAM3::KannalaBrandt8::mvLappingArea\xe2\x80\x99 [-Wreorder]\n'}
[12.673817] (orbslam3) StderrLine: {'line': b'   88 |         std::vector<int> mvLappingArea;\n'}
[12.673904] (orbslam3) StderrLine: {'line': b'      |                          ^~~~~~~~~~~~~\n'}
[12.673989] (orbslam3) StderrLine: {'line': b'In file included from /home/romi/fawad/ORB_SLAM3/include/Atlas.h:27,\n'}
[12.674078] (orbslam3) StderrLine: {'line': b'                 from /home/romi/fawad/ORB_SLAM3/include/FrameDrawer.h:25,\n'}
[12.674181] (orbslam3) StderrLine: {'line': b'                 from /home/romi/fawad/ORB_SLAM3/include/Viewer.h:23,\n'}
[12.674285] (orbslam3) StderrLine: {'line': b'                 from /home/romi/fawad/ORB_SLAM3/include/Tracking.h:26,\n'}
[12.674375] (orbslam3) StderrLine: {'line': b'                 from /home/romi/fawad/ORB_SLAM3/include/System.h:31,\n'}
[12.674460] (orbslam3) StderrLine: {'line': b'                 from /home/romi/fawad/ros2_ws/src/ORB_SLAM3_ROS2/src/rgbd/rgbd-slam-node.hpp:18,\n'}
[12.674549] (orbslam3) StderrLine: {'line': b'                 from /home/romi/fawad/ros2_ws/src/ORB_SLAM3_ROS2/src/rgbd/rgbd-slam-node.cpp:1:\n'}
[12.674634] (orbslam3) StderrLine: {'line': b'/home/romi/fawad/ORB_SLAM3/include/CameraModels/KannalaBrandt8.h:47:9: warning:   when initialized here [-Wreorder]\n'}
[12.674722] (orbslam3) StderrLine: {'line': b'   47 |         KannalaBrandt8(const std::vector<float> _vParameters) : GeometricCamera(_vParameters), precision(1e-6), mvLappingArea(2,0) ,tvr(nullptr) {\n'}
[12.674810] (orbslam3) StderrLine: {'line': b'      |         ^~~~~~~~~~~~~~\n'}
[12.674895] (orbslam3) StderrLine: {'line': b'In file included from /home/romi/fawad/ORB_SLAM3/include/Atlas.h:27,\n'}
[12.674998] (orbslam3) StderrLine: {'line': b'                 from /home/romi/fawad/ORB_SLAM3/include/FrameDrawer.h:25,\n'}
[12.675088] (orbslam3) StderrLine: {'line': b'                 from /home/romi/fawad/ORB_SLAM3/include/Viewer.h:23,\n'}
[12.675364] (orbslam3) StderrLine: {'line': b'                 from /home/romi/fawad/ORB_SLAM3/include/Tracking.h:26,\n'}
[12.675454] (orbslam3) StderrLine: {'line': b'                 from /home/romi/fawad/ORB_SLAM3/include/System.h:31,\n'}
[12.675543] (orbslam3) StderrLine: {'line': b'                 from /home/romi/fawad/ros2_ws/src/ORB_SLAM3_ROS2/src/rgbd/rgbd-slam-node.hpp:18,\n'}
[12.675629] (orbslam3) StderrLine: {'line': b'                 from /home/romi/fawad/ros2_ws/src/ORB_SLAM3_ROS2/src/rgbd/rgbd-slam-node.cpp:1:\n'}
[12.675944] (orbslam3) StderrLine: {'line': b'/home/romi/fawad/ORB_SLAM3/include/CameraModels/KannalaBrandt8.h: In constructor \xe2\x80\x98ORB_SLAM3::KannalaBrandt8::KannalaBrandt8(std::vector<float>, float)\xe2\x80\x99:\n'}
[12.676049] (orbslam3) StderrLine: {'line': b'/home/romi/fawad/ORB_SLAM3/include/CameraModels/KannalaBrandt8.h:102:21: warning: \xe2\x80\x98ORB_SLAM3::KannalaBrandt8::precision\xe2\x80\x99 will be initialized after [-Wreorder]\n'}
[12.676169] (orbslam3) StderrLine: {'line': b'  102 |         const float precision;\n'}
[12.676269] (orbslam3) StderrLine: {'line': b'      |                     ^~~~~~~~~\n'}
[12.676358] (orbslam3) StderrLine: {'line': b'/home/romi/fawad/ORB_SLAM3/include/CameraModels/KannalaBrandt8.h:88:26: warning:   \xe2\x80\x98std::vector<int> ORB_SLAM3::KannalaBrandt8::mvLappingArea\xe2\x80\x99 [-Wreorder]\n'}
[12.676468] (orbslam3) StderrLine: {'line': b'   88 |         std::vector<int> mvLappingArea;\n'}
[12.676562] (orbslam3) StderrLine: {'line': b'      |                          ^~~~~~~~~~~~~\n'}
[12.676649] (orbslam3) StderrLine: {'line': b'/home/romi/fawad/ORB_SLAM3/include/CameraModels/KannalaBrandt8.h:53:9: warning:   when initialized here [-Wreorder]\n'}
[12.676736] (orbslam3) StderrLine: {'line': b'   53 |         KannalaBrandt8(const std::vector<float> _vParameters, const float _precision) : GeometricCamera(_vParameters),\n'}
[12.676826] (orbslam3) StderrLine: {'line': b'      |         ^~~~~~~~~~~~~~\n'}
[12.676913] (orbslam3) StderrLine: {'line': b'/home/romi/fawad/ORB_SLAM3/include/CameraModels/KannalaBrandt8.h: In constructor \xe2\x80\x98ORB_SLAM3::KannalaBrandt8::KannalaBrandt8(ORB_SLAM3::KannalaBrandt8*)\xe2\x80\x99:\n'}
[12.677000] (orbslam3) StderrLine: {'line': b'/home/romi/fawad/ORB_SLAM3/include/CameraModels/KannalaBrandt8.h:102:21: warning: \xe2\x80\x98ORB_SLAM3::KannalaBrandt8::precision\xe2\x80\x99 will be initialized after [-Wreorder]\n'}
[12.677104] (orbslam3) StderrLine: {'line': b'  102 |         const float precision;\n'}
[12.677207] (orbslam3) StderrLine: {'line': b'      |                     ^~~~~~~~~\n'}
[12.677295] (orbslam3) StderrLine: {'line': b'/home/romi/fawad/ORB_SLAM3/include/CameraModels/KannalaBrandt8.h:88:26: warning:   \xe2\x80\x98std::vector<int> ORB_SLAM3::KannalaBrandt8::mvLappingArea\xe2\x80\x99 [-Wreorder]\n'}
[12.677384] (orbslam3) StderrLine: {'line': b'   88 |         std::vector<int> mvLappingArea;\n'}
[12.677471] (orbslam3) StderrLine: {'line': b'      |                          ^~~~~~~~~~~~~\n'}
[12.677556] (orbslam3) StderrLine: {'line': b'/home/romi/fawad/ORB_SLAM3/include/CameraModels/KannalaBrandt8.h:59:9: warning:   when initialized here [-Wreorder]\n'}
[12.677642] (orbslam3) StderrLine: {'line': b'   59 |         KannalaBrandt8(KannalaBrandt8* pKannala) : GeometricCamera(pKannala->mvParameters), precision(pKannala->precision), mvLappingArea(2,0) ,tvr(nullptr) {\n'}
[12.677730] (orbslam3) StderrLine: {'line': b'      |         ^~~~~~~~~~~~~~\n'}
[12.690387] (orbslam3) StderrLine: {'line': b'/home/romi/fawad/ros2_ws/src/ORB_SLAM3_ROS2/src/stereo-inertial/stereo-inertial.cpp: In function \xe2\x80\x98int main(int, char**)\xe2\x80\x99:\n'}
[12.690610] (orbslam3) StderrLine: {'line': b'/home/romi/fawad/ros2_ws/src/ORB_SLAM3_ROS2/src/stereo-inertial/stereo-inertial.cpp:22:19: warning: ISO C++ forbids converting a string constant to \xe2\x80\x98char*\xe2\x80\x99 [-Wwrite-strings]\n'}
[12.690740] (orbslam3) StderrLine: {'line': b'   22 |         argv[4] = "false";\n'}
[12.690822] (orbslam3) StderrLine: {'line': b'      |                   ^~~~~~~\n'}
[12.752173] (-) TimerEvent: {}
[12.852574] (-) TimerEvent: {}
[12.952881] (-) TimerEvent: {}
[13.053167] (-) TimerEvent: {}
[13.153519] (-) TimerEvent: {}
[13.254274] (-) TimerEvent: {}
[13.354628] (-) TimerEvent: {}
[13.454984] (-) TimerEvent: {}
[13.555577] (-) TimerEvent: {}
[13.658314] (-) TimerEvent: {}
[13.758640] (-) TimerEvent: {}
[13.858979] (-) TimerEvent: {}
[13.959321] (-) TimerEvent: {}
[14.065784] (-) TimerEvent: {}
[14.166155] (-) TimerEvent: {}
[14.267204] (-) TimerEvent: {}
[14.368131] (-) TimerEvent: {}
[14.468404] (-) TimerEvent: {}
[14.569478] (-) TimerEvent: {}
[14.669812] (-) TimerEvent: {}
[14.770154] (-) TimerEvent: {}
[14.870498] (-) TimerEvent: {}
[14.970820] (-) TimerEvent: {}
[15.071147] (-) TimerEvent: {}
[15.171447] (-) TimerEvent: {}
[15.271768] (-) TimerEvent: {}
[15.372119] (-) TimerEvent: {}
[15.472446] (-) TimerEvent: {}
[15.572768] (-) TimerEvent: {}
[15.673114] (-) TimerEvent: {}
[15.773438] (-) TimerEvent: {}
[15.873824] (-) TimerEvent: {}
[15.974162] (-) TimerEvent: {}
[16.074480] (-) TimerEvent: {}
[16.174816] (-) TimerEvent: {}
[16.275169] (-) TimerEvent: {}
[16.375498] (-) TimerEvent: {}
[16.475818] (-) TimerEvent: {}
[16.576171] (-) TimerEvent: {}
[16.676516] (-) TimerEvent: {}
[16.776874] (-) TimerEvent: {}
[16.877244] (-) TimerEvent: {}
[16.977540] (-) TimerEvent: {}
[17.077838] (-) TimerEvent: {}
[17.178154] (-) TimerEvent: {}
[17.279180] (-) TimerEvent: {}
[17.380337] (-) TimerEvent: {}
[17.481074] (-) TimerEvent: {}
[17.582250] (-) TimerEvent: {}
[17.683084] (-) TimerEvent: {}
[17.783543] (-) TimerEvent: {}
[17.884339] (-) TimerEvent: {}
[17.985121] (-) TimerEvent: {}
[18.085893] (-) TimerEvent: {}
[18.186268] (-) TimerEvent: {}
[18.286626] (-) TimerEvent: {}
[18.387012] (-) TimerEvent: {}
[18.487359] (-) TimerEvent: {}
[18.587685] (-) TimerEvent: {}
[18.687986] (-) TimerEvent: {}
[18.788294] (-) TimerEvent: {}
[18.888583] (-) TimerEvent: {}
[18.988893] (-) TimerEvent: {}
[19.089202] (-) TimerEvent: {}
[19.189464] (-) TimerEvent: {}
[19.289780] (-) TimerEvent: {}
[19.390086] (-) TimerEvent: {}
[19.490428] (-) TimerEvent: {}
[19.590795] (-) TimerEvent: {}
[19.691089] (-) TimerEvent: {}
[19.791400] (-) TimerEvent: {}
[19.891702] (-) TimerEvent: {}
[19.991998] (-) TimerEvent: {}
[20.092324] (-) TimerEvent: {}
[20.192571] (-) TimerEvent: {}
[20.292878] (-) TimerEvent: {}
[20.393165] (-) TimerEvent: {}
[20.493464] (-) TimerEvent: {}
[20.593763] (-) TimerEvent: {}
[20.694087] (-) TimerEvent: {}
[20.794379] (-) TimerEvent: {}
[20.894650] (-) TimerEvent: {}
[20.994931] (-) TimerEvent: {}
[21.095216] (-) TimerEvent: {}
[21.197541] (-) TimerEvent: {}
[21.297872] (-) TimerEvent: {}
[21.398522] (-) TimerEvent: {}
[21.498811] (-) TimerEvent: {}
[21.599137] (-) TimerEvent: {}
[21.699396] (-) TimerEvent: {}
[21.799671] (-) TimerEvent: {}
[21.899935] (-) TimerEvent: {}
[22.000177] (-) TimerEvent: {}
[22.100431] (-) TimerEvent: {}
[22.200683] (-) TimerEvent: {}
[22.300941] (-) TimerEvent: {}
[22.401183] (-) TimerEvent: {}
[22.501441] (-) TimerEvent: {}
[22.601715] (-) TimerEvent: {}
[22.701959] (-) TimerEvent: {}
[22.802241] (-) TimerEvent: {}
[22.902504] (-) TimerEvent: {}
[23.002759] (-) TimerEvent: {}
[23.103018] (-) TimerEvent: {}
[23.203258] (-) TimerEvent: {}
[23.303510] (-) TimerEvent: {}
[23.403760] (-) TimerEvent: {}
[23.504011] (-) TimerEvent: {}
[23.604247] (-) TimerEvent: {}
[23.704495] (-) TimerEvent: {}
[23.804740] (-) TimerEvent: {}
[23.904990] (-) TimerEvent: {}
[24.005234] (-) TimerEvent: {}
[24.105508] (-) TimerEvent: {}
[24.205784] (-) TimerEvent: {}
[24.306053] (-) TimerEvent: {}
[24.406330] (-) TimerEvent: {}
[24.506599] (-) TimerEvent: {}
[24.606884] (-) TimerEvent: {}
[24.707114] (-) TimerEvent: {}
[24.807368] (-) TimerEvent: {}
[24.907603] (-) TimerEvent: {}
[25.007837] (-) TimerEvent: {}
[25.108061] (-) TimerEvent: {}
[25.208281] (-) TimerEvent: {}
[25.308543] (-) TimerEvent: {}
[25.408806] (-) TimerEvent: {}
[25.509056] (-) TimerEvent: {}
[25.609324] (-) TimerEvent: {}
[25.709590] (-) TimerEvent: {}
[25.764534] (orbslam3) StdoutLine: {'line': b'[ 75%] \x1b[32m\x1b[1mLinking CXX executable mono\x1b[0m\n'}
[25.809688] (-) TimerEvent: {}
[25.909957] (-) TimerEvent: {}
[26.010258] (-) TimerEvent: {}
[26.110557] (-) TimerEvent: {}
[26.210826] (-) TimerEvent: {}
[26.311082] (-) TimerEvent: {}
[26.411344] (-) TimerEvent: {}
[26.511618] (-) TimerEvent: {}
[26.611898] (-) TimerEvent: {}
[26.712178] (-) TimerEvent: {}
[26.740947] (orbslam3) StdoutLine: {'line': b'[ 75%] Built target mono\n'}
[26.812271] (-) TimerEvent: {}
[26.912510] (-) TimerEvent: {}
[27.012723] (-) TimerEvent: {}
[27.112976] (-) TimerEvent: {}
[27.213249] (-) TimerEvent: {}
[27.313456] (-) TimerEvent: {}
[27.413696] (-) TimerEvent: {}
[27.513948] (-) TimerEvent: {}
[27.614245] (-) TimerEvent: {}
[27.714593] (-) TimerEvent: {}
[27.814883] (-) TimerEvent: {}
[27.817617] (orbslam3) StdoutLine: {'line': b'[ 83%] \x1b[32m\x1b[1mLinking CXX executable stereo\x1b[0m\n'}
[27.888490] (orbslam3) StdoutLine: {'line': b'[ 91%] \x1b[32m\x1b[1mLinking CXX executable stereo-inertial\x1b[0m\n'}
[27.915017] (-) TimerEvent: {}
[28.015371] (-) TimerEvent: {}
[28.115705] (-) TimerEvent: {}
[28.216017] (-) TimerEvent: {}
[28.316334] (-) TimerEvent: {}
[28.416722] (-) TimerEvent: {}
[28.517027] (-) TimerEvent: {}
[28.570553] (orbslam3) StdoutLine: {'line': b'[100%] \x1b[32m\x1b[1mLinking CXX executable rgbd\x1b[0m\n'}
[28.617144] (-) TimerEvent: {}
[28.717393] (-) TimerEvent: {}
[28.817725] (-) TimerEvent: {}
[28.918011] (-) TimerEvent: {}
[28.980096] (orbslam3) StdoutLine: {'line': b'[100%] Built target stereo\n'}
[29.018153] (-) TimerEvent: {}
[29.118413] (-) TimerEvent: {}
[29.215952] (orbslam3) StdoutLine: {'line': b'[100%] Built target stereo-inertial\n'}
[29.218510] (-) TimerEvent: {}
[29.318727] (-) TimerEvent: {}
[29.418981] (-) TimerEvent: {}
[29.519179] (-) TimerEvent: {}
[29.537508] (orbslam3) StdoutLine: {'line': b'[100%] Built target rgbd\n'}
[29.547956] (orbslam3) CommandEnded: {'returncode': 0}
[29.549358] (orbslam3) JobProgress: {'identifier': 'orbslam3', 'progress': 'install'}
[29.557835] (orbslam3) Command: {'cmd': ['/usr/bin/cmake', '--install', '/home/romi/fawad/ros2_ws/build/orbslam3'], 'cwd': '/home/romi/fawad/ros2_ws/build/orbslam3', 'env': OrderedDict([('GJS_DEBUG_TOPICS', 'JS ERROR;JS LOG'), ('LESSOPEN', '| /usr/bin/lesspipe %s'), ('VSCODE_CWD', '/home/romi'), ('CONDA_PROMPT_MODIFIER', '(base)'), ('USER', 'romi'), ('LC_TIME', 'ur_PK'), ('VSCODE_NLS_CONFIG', '{"userLocale":"en-us","osLocale":"en-us","resolvedLanguage":"en","defaultMessagesFile":"/usr/share/antigravity/resources/app/out/nls.messages.json","locale":"en-us","availableLanguages":{}}'), ('XDG_SESSION_TYPE', 'x11'), ('SHLVL', '0'), ('LD_LIBRARY_PATH', '/usr/lib/x86_64-linux-gnu/gazebo-11/plugins:/opt/ros/humble/opt/rviz_ogre_vendor/lib:/opt/ros/humble/lib/x86_64-linux-gnu:/opt/ros/humble/lib::/usr/local/cuda-12.1/lib64'), ('HOME', '/home/romi'), ('CHROME_DESKTOP', 'antigravity.desktop'), ('CONDA_SHLVL', '1'), ('DESKTOP_SESSION', 'ubuntu'), ('VSCODE_IPC_HOOK', '/run/user/1000/vscode-7394bb67-1.10-main.sock'), ('GIO_LAUNCHED_DESKTOP_FILE', '/usr/share/applications/antigravity.desktop'), ('ROS_PYTHON_VERSION', '3'), ('GNOME_SHELL_SESSION_MODE', 'ubuntu'), ('GTK_MODULES', 'gail:atk-bridge'), ('PAGER', 'cat'), ('LC_MONETARY', 'ur_PK'), ('MANAGERPID', '2441'), ('SYSTEMD_EXEC_PID', '2729'), ('DBUS_SESSION_BUS_ADDRESS', 'unix:path=/run/user/1000/bus'), ('_CE_M', ''), ('ANTIGRAVITY_AGENT', '1'), ('GIO_LAUNCHED_DESKTOP_FILE_PID', '166587'), ('ROS_DISTRO', 'humble'), ('GTK_IM_MODULE', 'ibus'), ('LOGNAME', 'romi'), ('JOURNAL_STREAM', '8:18647'), ('_', '/usr/bin/colcon'), ('ROS_VERSION', '2'), ('XDG_SESSION_CLASS', 'user'), ('USERNAME', 'romi'), ('TERM', 'dumb'), ('GNOME_DESKTOP_SESSION_ID', 'this-is-deprecated'), ('_CE_CONDA', ''), ('FC_FONTATIONS', '1'), ('ROS_LOCALHOST_ONLY', '0'), ('WINDOWPATH', '2'), ('ANTIGRAVITY_EDITOR_APP_ROOT', '/usr/share/antigravity/resources/app'), ('PATH', '/opt/ros/humble/bin:/home/romi/.local/bin:/home/romi/anaconda3/bin:/home/romi/anaconda3/condabin:/home/romi/.local/bin:/usr/local/sbin:/usr/local/bin:/usr/sbin:/usr/bin:/sbin:/bin:/usr/games:/usr/local/games:/snap/bin:/snap/bin:/usr/local/cuda-12.1/bin'), ('SESSION_MANAGER', 'local/romi-H370HD3:@/tmp/.ICE-unix/2700,unix/romi-H370HD3:/tmp/.ICE-unix/2700'), ('INVOCATION_ID', 'e48b6b5dd55e476a88a5092b5c1b4666'), ('XDG_MENU_PREFIX', 'gnome-'), ('LC_ADDRESS', 'ur_PK'), ('XDG_RUNTIME_DIR', '/run/user/1000'), ('GDK_BACKEND', 'x11'), ('DISPLAY', ':1'), ('LANG', 'en_US.UTF-8'), ('XDG_CURRENT_DESKTOP', 'ubuntu:GNOME'), ('LC_TELEPHONE', 'ur_PK'), ('XMODIFIERS', '@im=ibus'), ('XDG_SESSION_DESKTOP', 'ubuntu'), ('XAUTHORITY', '/run/user/1000/gdm/Xauthority'), ('LS_COLORS', ''), ('SSH_AGENT_LAUNCHER', 'gnome-keyring'), ('SSH_AUTH_SOCK', '/run/user/1000/keyring/ssh'), ('GSETTINGS_SCHEMA_DIR', '/home/romi/anaconda3/share/glib-2.0/schemas'), ('AMENT_PREFIX_PATH', '/opt/ros/humble'), ('CONDA_PYTHON_EXE', '/home/romi/anaconda3/bin/python'), ('SHELL', '/bin/bash'), ('LC_NAME', 'ur_PK'), ('QT_ACCESSIBILITY', '1'), ('GDMSESSION', 'ubuntu'), ('LESSCLOSE', '/usr/bin/lesspipe %s %s'), ('CONDA_DEFAULT_ENV', 'base'), ('LC_MEASUREMENT', 'ur_PK'), ('GPG_AGENT_INFO', '/run/user/1000/gnupg/S.gpg-agent:0:1'), ('GJS_DEBUG_OUTPUT', 'stderr'), ('LC_IDENTIFICATION', 'ur_PK'), ('QT_IM_MODULE', 'ibus'), ('ANTIGRAVITY_TRAJECTORY_ID', 'a2e887dc-b8c2-48f5-8b8e-049445c1876d'), ('PWD', '/home/romi/fawad/ros2_ws/build/orbslam3'), ('LC_ALL', 'en_US.UTF-8'), ('XDG_CONFIG_DIRS', '/etc/xdg/xdg-ubuntu:/etc/xdg'), ('CONDA_EXE', '/home/romi/anaconda3/bin/conda'), ('VSCODE_CODE_CACHE_PATH', '/home/romi/.config/Antigravity/CachedData/15487b3041e65228cae24980a3f796c905ef582c'), ('XDG_DATA_DIRS', '/usr/share/ubuntu:/usr/share/gnome:/usr/local/share/:/usr/share/:/var/lib/snapd/desktop'), ('PYTHONPATH', '/opt/ros/humble/lib/python3.10/site-packages:/opt/ros/humble/local/lib/python3.10/dist-packages'), ('LC_NUMERIC', 'ur_PK'), ('CONDA_PREFIX', '/home/romi/anaconda3'), ('GSETTINGS_SCHEMA_DIR_CONDA_BACKUP', ''), ('LC_PAPER', 'ur_PK'), ('COLCON', '1'), ('VSCODE_PID', '166587'), ('CMAKE_PREFIX_PATH', '/opt/ros/humble')]), 'shell': False}
[29.565143] (orbslam3) StdoutLine: {'line': b'-- Install configuration: ""\n'}
[29.565339] (orbslam3) StdoutLine: {'line': b'-- Installing: /home/romi/fawad/ros2_ws/install/orbslam3/lib/orbslam3/mono\n'}
[29.568057] (orbslam3) StdoutLine: {'line': b'-- Set runtime path of "/home/romi/fawad/ros2_ws/install/orbslam3/lib/orbslam3/mono" to ""\n'}
[29.568212] (orbslam3) StdoutLine: {'line': b'-- Installing: /home/romi/fawad/ros2_ws/install/orbslam3/lib/orbslam3/rgbd\n'}
[29.571429] (orbslam3) StdoutLine: {'line': b'-- Set runtime path of "/home/romi/fawad/ros2_ws/install/orbslam3/lib/orbslam3/rgbd" to ""\n'}
[29.571545] (orbslam3) StdoutLine: {'line': b'-- Installing: /home/romi/fawad/ros2_ws/install/orbslam3/lib/orbslam3/stereo\n'}
[29.574924] (orbslam3) StdoutLine: {'line': b'-- Set runtime path of "/home/romi/fawad/ros2_ws/install/orbslam3/lib/orbslam3/stereo" to ""\n'}
[29.575045] (orbslam3) StdoutLine: {'line': b'-- Installing: /home/romi/fawad/ros2_ws/install/orbslam3/lib/orbslam3/stereo-inertial\n'}
[29.579090] (orbslam3) StdoutLine: {'line': b'-- Set runtime path of "/home/romi/fawad/ros2_ws/install/orbslam3/lib/orbslam3/stereo-inertial" to ""\n'}
[29.579283] (orbslam3) StdoutLine: {'line': b'-- Installing: /home/romi/fawad/ros2_ws/install/orbslam3/share/ament_index/resource_index/package_run_dependencies/orbslam3\n'}
[29.579463] (orbslam3) StdoutLine: {'line': b'-- Installing: /home/romi/fawad/ros2_ws/install/orbslam3/share/ament_index/resource_index/parent_prefix_path/orbslam3\n'}
[29.579606] (orbslam3) StdoutLine: {'line': b'-- Installing: /home/romi/fawad/ros2_ws/install/orbslam3/share/orbslam3/environment/ament_prefix_path.sh\n'}
[29.579738] (orbslam3) StdoutLine: {'line': b'-- Installing: /home/romi/fawad/ros2_ws/install/orbslam3/share/orbslam3/environment/ament_prefix_path.dsv\n'}
[29.579847] (orbslam3) StdoutLine: {'line': b'-- Installing: /home/romi/fawad/ros2_ws/install/orbslam3/share/orbslam3/environment/path.sh\n'}
[29.579953] (orbslam3) StdoutLine: {'line': b'-- Installing: /home/romi/fawad/ros2_ws/install/orbslam3/share/orbslam3/environment/path.dsv\n'}
[29.580087] (orbslam3) StdoutLine: {'line': b'-- Installing: /home/romi/fawad/ros2_ws/install/orbslam3/share/orbslam3/local_setup.bash\n'}
[29.580258] (orbslam3) StdoutLine: {'line': b'-- Installing: /home/romi/fawad/ros2_ws/install/orbslam3/share/orbslam3/local_setup.sh\n'}
[29.580370] (orbslam3) StdoutLine: {'line': b'-- Installing: /home/romi/fawad/ros2_ws/install/orbslam3/share/orbslam3/local_setup.zsh\n'}
[29.580532] (orbslam3) StdoutLine: {'line': b'-- Installing: /home/romi/fawad/ros2_ws/install/orbslam3/share/orbslam3/local_setup.dsv\n'}
[29.580743] (orbslam3) StdoutLine: {'line': b'-- Installing: /home/romi/fawad/ros2_ws/install/orbslam3/share/orbslam3/package.dsv\n'}
[29.580932] (orbslam3) StdoutLine: {'line': b'-- Installing: /home/romi/fawad/ros2_ws/install/orbslam3/share/ament_index/resource_index/packages/orbslam3\n'}
[29.581061] (orbslam3) StdoutLine: {'line': b'-- Installing: /home/romi/fawad/ros2_ws/install/orbslam3/share/orbslam3/cmake/orbslam3Config.cmake\n'}
[29.581210] (orbslam3) StdoutLine: {'line': b'-- Installing: /home/romi/fawad/ros2_ws/install/orbslam3/share/orbslam3/cmake/orbslam3Config-version.cmake\n'}
[29.581331] (orbslam3) StdoutLine: {'line': b'-- Installing: /home/romi/fawad/ros2_ws/install/orbslam3/share/orbslam3/package.xml\n'}
[29.583180] (orbslam3) CommandEnded: {'returncode': 0}
[29.597603] (orbslam3) JobEnded: {'identifier': 'orbslam3', 'rc': 0}
[29.619456] (-) TimerEvent: {}
[29.619524] (-) EventReactorShutdown: {}
